Filename,IFA,Precision_0.5,Recall,F1,MAP,AUC,G_Measure,MCC,PofB10,PofB15,PofB20,PofB25,PofB30,PofB35,PofB40,PofB45,PofB50,PofB55,PofB60,PofB65,PofB70,PofB75,PofB80,PofB85,PofB90,PofB95,PofB100,Average_Pofb,Npofb10,Npofb15,Npofb20,Npofb25,Npofb30,Npofb35,Npofb40,Npofb45,Npofb50,Npofb55,Npofb60,Npofb65,Npofb70,Npofb75,Npofb80,Npofb85,Npofb90,Npofb95,Npofb100,avgNPofB,Popt10,Popt15,Popt20,Popt25,Popt30,Popt35,Popt40,Popt45,Popt50,Popt55,Popt60,Popt65,Popt70,Popt75,Popt80,Popt85,Popt90,Popt95,Popt100,avgNpopt,
bookkeeper_IBk_BestFirst_NoSampling_noCostSensitive_1.csv,4,0,0.0,0.0,0.04685622747296756,1.0,0.0,0,0.22413793103448276,0.3103448275862069,0.3793103448275862,0.46551724137931033,0.5172413793103449,0.5862068965517241,0.6637931034482759,0.7155172413793104,0.7758620689655172,0.8275862068965517,0.8706896551724138,0.896551724137931,0.9224137931034483,0.9482758620689655,0.9741379310344828,0.9913793103448276,1.0,1.0,1.0,0.1651875133177072,0.22413793103448276,0.3103448275862069,0.3793103448275862,0.46551724137931033,0.5172413793103449,0.5862068965517241,0.6637931034482759,0.7155172413793104,0.7758620689655172,0.8275862068965517,0.8706896551724138,0.896551724137931,0.9224137931034483,0.9482758620689655,0.9741379310344828,0.9913793103448276,1.0,1.0,1.0,0.15070081062217597,0.5,0.5538461538461539,0.5789473684210527,0.423076923076923,0.2500000000000001,0.1290322580645159,0.08000000000000018,0.0,0.05555555555555536,0.06666666666666643,0.14285714285714313,0.08333333333333293,0.0,0.0,0.0,0.0,0.0,0.0,0.0,0.7404718693284936,
bookkeeper_IBk_BestFirst_NoSampling_noCostSensitive_2.csv,0,0.8666666666666667,0.7482014388489209,0.803088803088803,0.7420356810992842,0.9721850426635437,0.8199737187910645,0.669150403580302,0.36231884057971014,0.45652173913043476,0.5217391304347826,0.5869565217391305,0.6376811594202898,0.6739130434782609,0.7101449275362319,0.7318840579710145,0.7463768115942029,0.7536231884057971,0.7898550724637681,0.855072463768116,0.9057971014492754,0.9710144927536232,1.0,1.0,1.0,1.0,1.0,0.30254947241740626,0.36231884057971014,0.45652173913043476,0.5217391304347826,0.5869565217391305,0.6376811594202898,0.6739130434782609,0.7101449275362319,0.7318840579710145,0.7463768115942029,0.7536231884057971,0.7898550724637681,0.855072463768116,0.9057971014492754,0.9710144927536232,1.0,1.0,1.0,1.0,1.0,0.24785356983960383,0.7575757575757576,0.7682926829268293,0.75,0.6065573770491803,0.4565217391304347,0.2702702702702703,0.10000000000000042,0,0,0,0,0,0,0,1,0.0,0.0,0.0,0.0,0.7738367658276125,
bookkeeper_IBk_BestFirst_NoSampling_noCostSensitive_3.csv,0,0.8024691358024691,0.7222222222222222,0.7602339181286549,0.6743766770635923,0.942114024136496,0.8168732006508949,0.6866457037556194,0.37777777777777777,0.4666666666666667,0.5333333333333333,0.6,0.6555555555555556,0.6888888888888889,0.7,0.7555555555555555,0.8,0.8333333333333334,0.8888888888888888,0.9111111111111111,0.9555555555555556,0.9666666666666667,0.9666666666666667,0.9666666666666667,0.9666666666666667,0.9666666666666667,1.0,0.7469873415636658,0.37777777777777777,0.4666666666666667,0.5333333333333333,0.6,0.6555555555555556,0.6888888888888889,0.7,0.7555555555555555,0.8,0.8333333333333334,0.8888888888888888,0.9111111111111111,0.9555555555555556,0.9666666666666667,0.9666666666666667,0.9666666666666667,0.9666666666666667,0.9666666666666667,1.0,0.7548100957996006,0.6799999999999999,0.6774193548387097,0.6857142857142857,0.7012987012987013,0.7195121951219512,0.7126436781609196,0.7,0.7555555555555555,0.8,0.8333333333333334,0.8888888888888888,0.8644067796610169,0.9047619047619049,0.9,0.8571428571428572,0.7857142857142858,0.6250000000000002,0.24999999999999933,1,0.7894736842105263,
bookkeeper_IBk_BestFirst_NoSampling_noCostSensitive_4.csv,2,0.6181818181818182,0.6538461538461539,0.6355140186915887,0.47843951334470103,0.9045092838196286,0.7642596234897443,0.5607613895634295,0.28846153846153844,0.36538461538461536,0.4423076923076923,0.5192307692307693,0.5769230769230769,0.6538461538461539,0.7692307692307693,0.8269230769230769,0.8846153846153846,0.9230769230769231,0.9423076923076923,0.9807692307692307,1.0,1.0,1.0,1.0,1.0,1.0,1.0,0.8214279277984737,0.28846153846153844,0.36538461538461536,0.4423076923076923,0.5192307692307693,0.5769230769230769,0.6538461538461539,0.7692307692307693,0.8269230769230769,0.8846153846153846,0.9230769230769231,0.9423076923076923,0.9807692307692307,1.0,1.0,1.0,1.0,1.0,1.0,1.0,0.8197764902182195,0.4687499999999999,0.4871794871794871,0.5111111111111111,0.5510204081632654,0.5769230769230769,0.6538461538461539,0.7692307692307693,0.8269230769230769,0.8846153846153846,0.9230769230769231,0.9423076923076923,0.9807692307692307,1.0,1.0,1.0,1.0,1.0,1.0,1,0.798582995951417,
bookkeeper_IBk_BestFirst_NoSampling_noCostSensitive_5.csv,0,0.525,0.3559322033898305,0.42424242424242425,0.42485293911650873,0.8293046995377505,0.517252856984356,0.35720909886081503,0.2542372881355932,0.3050847457627119,0.3559322033898305,0.4067796610169492,0.4915254237288136,0.5932203389830508,0.6949152542372882,0.7627118644067796,0.7796610169491526,0.847457627118644,0.864406779661017,0.8983050847457628,0.9322033898305084,0.9661016949152542,1.0,1.0,1.0,1.0,1.0,0.6438347563155803,0.2542372881355932,0.3050847457627119,0.3559322033898305,0.4067796610169492,0.4915254237288136,0.5932203389830508,0.6949152542372882,0.7627118644067796,0.7796610169491526,0.847457627118644,0.864406779661017,0.8983050847457628,0.9322033898305084,0.9661016949152542,1.0,1.0,1.0,1.0,1.0,0.7522511644888282,0.34090909090909094,0.34615384615384615,0.368421052631579,0.4067796610169492,0.4915254237288136,0.5932203389830508,0.6949152542372882,0.7627118644067796,0.7796610169491526,0.847457627118644,0.864406779661017,0.8983050847457628,0.9322033898305084,0.9661016949152542,1.0,1.0,1.0,1.0,1,0.7448706512042819,
bookkeeper_IBk_BestFirst_NoSampling_yesCostSensitive_1.csv,4,0,0.0,0.0,0.04685622747296756,1.0,0.0,0,0.22413793103448276,0.3103448275862069,0.3793103448275862,0.46551724137931033,0.5172413793103449,0.5862068965517241,0.6637931034482759,0.7155172413793104,0.7758620689655172,0.8275862068965517,0.8706896551724138,0.896551724137931,0.9224137931034483,0.9482758620689655,0.9741379310344828,0.9913793103448276,1.0,1.0,1.0,0.1651875133177072,0.22413793103448276,0.3103448275862069,0.3793103448275862,0.46551724137931033,0.5172413793103449,0.5862068965517241,0.6637931034482759,0.7155172413793104,0.7758620689655172,0.8275862068965517,0.8706896551724138,0.896551724137931,0.9224137931034483,0.9482758620689655,0.9741379310344828,0.9913793103448276,1.0,1.0,1.0,0.15070081062217597,0.5,0.5538461538461539,0.5789473684210527,0.423076923076923,0.2500000000000001,0.1290322580645159,0.08000000000000018,0.0,0.05555555555555536,0.06666666666666643,0.14285714285714313,0.08333333333333293,0.0,0.0,0.0,0.0,0.0,0.0,0.0,0.7404718693284936,
bookkeeper_IBk_BestFirst_NoSampling_yesCostSensitive_2.csv,0,0.8455284552845529,0.7482014388489209,0.7938931297709924,0.7324274031983232,0.9390580558808768,0.8127697612054655,0.6484571696264365,0.35507246376811596,0.45652173913043476,0.5217391304347826,0.5869565217391305,0.6376811594202898,0.6739130434782609,0.7101449275362319,0.7318840579710145,0.7463768115942029,0.7536231884057971,0.7898550724637681,0.855072463768116,0.9057971014492754,0.9710144927536232,1.0,1.0,1.0,1.0,1.0,0.30254947241740626,0.35507246376811596,0.45652173913043476,0.5217391304347826,0.5869565217391305,0.6376811594202898,0.6739130434782609,0.7101449275362319,0.7318840579710145,0.7463768115942029,0.7536231884057971,0.7898550724637681,0.855072463768116,0.9057971014492754,0.9710144927536232,1.0,1.0,1.0,1.0,1.0,0.2470561216737346,0.7424242424242424,0.7682926829268293,0.75,0.6065573770491803,0.4565217391304347,0.2702702702702703,0.10000000000000042,0,0,0,0,0,0,0,1,0.0,0.0,0.0,0.0,0.7734553775743707,
bookkeeper_IBk_BestFirst_NoSampling_yesCostSensitive_3.csv,0,0.7674418604651163,0.7333333333333333,0.75,0.47252950610678357,0.942114024136496,0.8181270701595906,0.668575755429446,0.2111111111111111,0.2777777777777778,0.36666666666666664,0.4777777777777778,0.5444444444444444,0.6,0.6666666666666666,0.7444444444444445,0.7888888888888889,0.8333333333333334,0.8777777777777778,0.9222222222222223,0.9555555555555556,0.9666666666666667,0.9666666666666667,0.9666666666666667,0.9666666666666667,0.9666666666666667,1.0,0.7469873415636658,0.2111111111111111,0.2777777777777778,0.36666666666666664,0.4777777777777778,0.5444444444444444,0.6,0.6666666666666666,0.7444444444444445,0.7888888888888889,0.8333333333333334,0.8777777777777778,0.9222222222222223,0.9555555555555556,0.9666666666666667,0.9666666666666667,0.9666666666666667,0.9666666666666667,0.9666666666666667,1.0,0.6919175083177611,0.38,0.4032258064516129,0.4714285714285714,0.5584415584415585,0.5975609756097561,0.6206896551724137,0.6666666666666666,0.7444444444444445,0.7888888888888889,0.8333333333333334,0.8777777777777778,0.8813559322033899,0.9047619047619049,0.9,0.8571428571428572,0.7857142857142858,0.6250000000000002,0.24999999999999933,1,0.7421052631578947,
bookkeeper_IBk_BestFirst_NoSampling_yesCostSensitive_4.csv,2,0.32075471698113206,0.6538461538461539,0.43037974683544306,0.3421343199477705,0.9045092838196286,0.687199230028874,0.2972742788659866,0.19230769230769232,0.3269230769230769,0.4230769230769231,0.5,0.5769230769230769,0.6538461538461539,0.7692307692307693,0.8269230769230769,0.8846153846153846,0.9230769230769231,0.9423076923076923,0.9807692307692307,1.0,1.0,1.0,1.0,1.0,1.0,1.0,0.8214279277984737,0.19230769230769232,0.3269230769230769,0.4230769230769231,0.5,0.5769230769230769,0.6538461538461539,0.7692307692307693,0.8269230769230769,0.8846153846153846,0.9230769230769231,0.9423076923076923,0.9807692307692307,1.0,1.0,1.0,1.0,1.0,1.0,1.0,0.8066100461777154,0.3125,0.4358974358974359,0.4888888888888888,0.5306122448979592,0.5769230769230769,0.6538461538461539,0.7692307692307693,0.8269230769230769,0.8846153846153846,0.9230769230769231,0.9423076923076923,0.9807692307692307,1.0,1.0,1.0,1.0,1.0,1.0,1,0.7894736842105263,
bookkeeper_IBk_BestFirst_NoSampling_yesCostSensitive_5.csv,0,0.23529411764705882,0.4067796610169492,0.2981366459627329,0.252013770492412,0.8293046995377505,0.5343300560656536,0.1503254860559755,0.1864406779661017,0.3050847457627119,0.3559322033898305,0.4067796610169492,0.4915254237288136,0.5932203389830508,0.6949152542372882,0.7627118644067796,0.7796610169491526,0.847457627118644,0.864406779661017,0.8983050847457628,0.9322033898305084,0.9661016949152542,1.0,1.0,1.0,1.0,1.0,0.6438347563155803,0.1864406779661017,0.3050847457627119,0.3559322033898305,0.4067796610169492,0.4915254237288136,0.5932203389830508,0.6949152542372882,0.7627118644067796,0.7796610169491526,0.847457627118644,0.864406779661017,0.8983050847457628,0.9322033898305084,0.9661016949152542,1.0,1.0,1.0,1.0,1.0,0.7474664754936129,0.2499999999999999,0.34615384615384615,0.368421052631579,0.4067796610169492,0.4915254237288136,0.5932203389830508,0.6949152542372882,0.7627118644067796,0.7796610169491526,0.847457627118644,0.864406779661017,0.8983050847457628,0.9322033898305084,0.9661016949152542,1.0,1.0,1.0,1.0,1,0.7413024085637824,
bookkeeper_IBk_BestFirst_SMOTE_noCostSensitive_1.csv,4,0,0.0,0.0,0.04685622747296756,1.0,0.0,0,0.22413793103448276,0.3103448275862069,0.3793103448275862,0.46551724137931033,0.5172413793103449,0.5862068965517241,0.6637931034482759,0.7155172413793104,0.7758620689655172,0.8275862068965517,0.8706896551724138,0.896551724137931,0.9224137931034483,0.9482758620689655,0.9741379310344828,0.9913793103448276,1.0,1.0,1.0,0.1651875133177072,0.22413793103448276,0.3103448275862069,0.3793103448275862,0.46551724137931033,0.5172413793103449,0.5862068965517241,0.6637931034482759,0.7155172413793104,0.7758620689655172,0.8275862068965517,0.8706896551724138,0.896551724137931,0.9224137931034483,0.9482758620689655,0.9741379310344828,0.9913793103448276,1.0,1.0,1.0,0.15070081062217597,0.5,0.5538461538461539,0.5789473684210527,0.423076923076923,0.2500000000000001,0.1290322580645159,0.08000000000000018,0.0,0.05555555555555536,0.06666666666666643,0.14285714285714313,0.08333333333333293,0.0,0.0,0.0,0.0,0.0,0.0,0.0,0.7404718693284936,
bookkeeper_IBk_BestFirst_SMOTE_noCostSensitive_2.csv,0,0.8455284552845529,0.7482014388489209,0.7938931297709924,0.7375094675426329,0.9721850426635437,0.8127697612054655,0.6484571696264365,0.35507246376811596,0.45652173913043476,0.5217391304347826,0.5869565217391305,0.6376811594202898,0.6739130434782609,0.7101449275362319,0.7318840579710145,0.7463768115942029,0.7536231884057971,0.7898550724637681,0.855072463768116,0.9057971014492754,0.9710144927536232,1.0,1.0,1.0,1.0,1.0,0.30048514878697224,0.35507246376811596,0.45652173913043476,0.5217391304347826,0.5869565217391305,0.6376811594202898,0.6739130434782609,0.7101449275362319,0.7318840579710145,0.7463768115942029,0.7536231884057971,0.7898550724637681,0.855072463768116,0.9057971014492754,0.9710144927536232,1.0,1.0,1.0,1.0,1.0,0.2470561216737346,0.7424242424242424,0.7682926829268293,0.75,0.6065573770491803,0.4565217391304347,0.2702702702702703,0.10000000000000042,0,0,0,0,0,0,0,1,0.0,0.0,0.0,0.0,0.7734553775743707,
bookkeeper_IBk_BestFirst_SMOTE_noCostSensitive_3.csv,0,0.65,0.7222222222222222,0.6842105263157895,0.5557743485351021,0.9045776113191846,0.7888060677389827,0.5716073321933249,0.32222222222222224,0.43333333333333335,0.5222222222222223,0.5888888888888889,0.6555555555555556,0.7111111111111111,0.7444444444444445,0.7777777777777778,0.7777777777777778,0.7777777777777778,0.7777777777777778,0.7777777777777778,0.8,0.8444444444444444,0.8777777777777778,0.9111111111111111,0.9333333333333333,0.9666666666666667,1.0,0.6810000582566725,0.32222222222222224,0.43333333333333335,0.5222222222222223,0.5888888888888889,0.6555555555555556,0.7111111111111111,0.7444444444444445,0.7777777777777778,0.7777777777777778,0.7777777777777778,0.7777777777777778,0.7777777777777778,0.8,0.8444444444444444,0.8777777777777778,0.9111111111111111,0.9333333333333333,0.9666666666666667,1.0,0.6342112216350885,0.5800000000000001,0.6290322580645162,0.6714285714285715,0.6883116883116884,0.7195121951219512,0.735632183908046,0.7444444444444445,0.7777777777777778,0.7777777777777778,0.7777777777777778,0.7777777777777778,0.6610169491525424,0.5714285714285715,0.5333333333333334,0.47619047619047605,0.4285714285714285,0.25000000000000033,0.24999999999999933,1,0.7473684210526317,
bookkeeper_IBk_BestFirst_SMOTE_noCostSensitive_4.csv,2,0.603448275862069,0.6730769230769231,0.6363636363636364,0.4686372478181152,0.9073091659298554,0.774487471526196,0.5603505331198942,0.28846153846153844,0.34615384615384615,0.4423076923076923,0.5,0.5576923076923077,0.6346153846153846,0.75,0.8076923076923077,0.8846153846153846,0.9423076923076923,0.9615384615384616,0.9807692307692307,1.0,1.0,1.0,1.0,1.0,1.0,1.0,0.816684785602324,0.28846153846153844,0.34615384615384615,0.4423076923076923,0.5,0.5576923076923077,0.6346153846153846,0.75,0.8076923076923077,0.8846153846153846,0.9423076923076923,0.9615384615384616,0.9807692307692307,1.0,1.0,1.0,1.0,1.0,1.0,1.0,0.8153285571988579,0.4687499999999999,0.46153846153846156,0.5111111111111111,0.5306122448979592,0.5576923076923077,0.6346153846153846,0.75,0.8076923076923077,0.8846153846153846,0.9423076923076923,0.9615384615384616,0.9807692307692307,1.0,1.0,1.0,1.0,1.0,1.0,1,0.7945344129554656,
bookkeeper_IBk_BestFirst_SMOTE_noCostSensitive_5.csv,0,0.4782608695652174,0.3728813559322034,0.41904761904761906,0.40129197976646136,0.831712249614792,0.5326247416592854,0.3388783195758105,0.2542372881355932,0.3220338983050847,0.3728813559322034,0.423728813559322,0.5084745762711864,0.5932203389830508,0.6779661016949152,0.7627118644067796,0.7796610169491526,0.847457627118644,0.864406779661017,0.8983050847457628,0.9322033898305084,0.9661016949152542,1.0,1.0,1.0,1.0,1.0,0.6457702630987324,0.2542372881355932,0.3220338983050847,0.3728813559322034,0.423728813559322,0.5084745762711864,0.5932203389830508,0.6779661016949152,0.7627118644067796,0.7796610169491526,0.847457627118644,0.864406779661017,0.8983050847457628,0.9322033898305084,0.9661016949152542,1.0,1.0,1.0,1.0,1.0,0.7550787319321053,0.34090909090909094,0.3653846153846153,0.38596491228070173,0.423728813559322,0.5084745762711864,0.5932203389830508,0.6779661016949152,0.7627118644067796,0.7796610169491526,0.847457627118644,0.864406779661017,0.8983050847457628,0.9322033898305084,0.9661016949152542,1.0,1.0,1.0,1.0,1,0.7475468331846565,
bookkeeper_IBk_BestFirst_SMOTE_yesCostSensitive_1.csv,4,0,0.0,0.0,0.04685622747296756,1.0,0.0,0,0.22413793103448276,0.3103448275862069,0.3793103448275862,0.46551724137931033,0.5172413793103449,0.5862068965517241,0.6637931034482759,0.7155172413793104,0.7758620689655172,0.8275862068965517,0.8706896551724138,0.896551724137931,0.9224137931034483,0.9482758620689655,0.9741379310344828,0.9913793103448276,1.0,1.0,1.0,0.1651875133177072,0.22413793103448276,0.3103448275862069,0.3793103448275862,0.46551724137931033,0.5172413793103449,0.5862068965517241,0.6637931034482759,0.7155172413793104,0.7758620689655172,0.8275862068965517,0.8706896551724138,0.896551724137931,0.9224137931034483,0.9482758620689655,0.9741379310344828,0.9913793103448276,1.0,1.0,1.0,0.15070081062217597,0.5,0.5538461538461539,0.5789473684210527,0.423076923076923,0.2500000000000001,0.1290322580645159,0.08000000000000018,0.0,0.05555555555555536,0.06666666666666643,0.14285714285714313,0.08333333333333293,0.0,0.0,0.0,0.0,0.0,0.0,0.0,0.7404718693284936,
bookkeeper_IBk_BestFirst_SMOTE_yesCostSensitive_2.csv,0,0.7055555555555556,0.9136690647482014,0.7962382445141066,0.6189791173696041,0.9733980257654341,0.7874430115930703,0.6097264714346197,0.3188405797101449,0.43478260869565216,0.5362318840579711,0.6086956521739131,0.6666666666666666,0.7318840579710145,0.782608695652174,0.8188405797101449,0.8478260869565217,0.8840579710144928,0.9057971014492754,0.9130434782608695,0.9130434782608695,0.9130434782608695,0.9130434782608695,0.9130434782608695,0.9202898550724637,0.9710144927536232,1.0,0.17195697478584324,0.3188405797101449,0.43478260869565216,0.5362318840579711,0.6086956521739131,0.6666666666666666,0.7318840579710145,0.782608695652174,0.8188405797101449,0.8478260869565217,0.8840579710144928,0.9057971014492754,0.9130434782608695,0.9130434782608695,0.9130434782608695,0.9130434782608695,0.9130434782608695,0.9202898550724637,0.9710144927536232,1.0,0.3114873837565394,0.6666666666666665,0.7317073170731707,0.7727272727272728,0.6557377049180328,0.5434782608695652,0.4864864864864866,0.43333333333333357,0.31999999999999973,0.19047619047619058,0.11764705882352999,0,0,0,0,1,0,0,0,0.0,0.7890922959572846,
bookkeeper_IBk_BestFirst_SMOTE_yesCostSensitive_3.csv,1,0.4052631578947368,0.8555555555555555,0.55,0.3613656846867464,0.9388680815647108,0.6890380313199105,0.37623727895261383,0.20224719101123595,0.3258426966292135,0.449438202247191,0.5393258426966292,0.6067415730337079,0.6741573033707865,0.7191011235955056,0.7752808988764045,0.8202247191011236,0.8539325842696629,0.8651685393258427,0.8651685393258427,0.8651685393258427,0.8651685393258427,0.8651685393258427,0.8764044943820225,0.9101123595505618,0.9662921348314607,1.0,0.5789803497379999,0.20224719101123595,0.3258426966292135,0.449438202247191,0.5393258426966292,0.6067415730337079,0.6741573033707865,0.7191011235955056,0.7752808988764045,0.8202247191011236,0.8539325842696629,0.8651685393258427,0.8651685393258427,0.8651685393258427,0.8651685393258427,0.8651685393258427,0.8764044943820225,0.9101123595505618,0.9662921348314607,1.0,0.5221179565715334,0.36,0.467741935483871,0.5714285714285714,0.6233766233766234,0.6585365853658537,0.6896551724137931,0.711111111111111,0.7666666666666666,0.8111111111111111,0.8444444444444443,0.8555555555555555,0.7796610169491525,0.6904761904761905,0.5666666666666667,0.38095238095238093,0.14285714285714313,0,0.0,0.0,0.7392075694855115,
bookkeeper_IBk_BestFirst_SMOTE_yesCostSensitive_4.csv,1,0.74,0.7115384615384616,0.7254901960784313,0.4104596318043423,0.9491600353669319,0.8137276637254467,0.6722640607593757,0.15384615384615385,0.17307692307692307,0.3076923076923077,0.34615384615384615,0.4423076923076923,0.5192307692307693,0.6153846153846154,0.7115384615384616,0.7692307692307693,0.8269230769230769,0.9230769230769231,0.9615384615384616,0.9615384615384616,0.9615384615384616,0.9615384615384616,0.9615384615384616,0.9615384615384616,0.9615384615384616,1.0,0.7867678882266983,0.15384615384615385,0.17307692307692307,0.3076923076923077,0.34615384615384615,0.4423076923076923,0.5192307692307693,0.6153846153846154,0.7115384615384616,0.7692307692307693,0.8269230769230769,0.9230769230769231,0.9615384615384616,0.9615384615384616,0.9615384615384616,0.9615384615384616,0.9615384615384616,0.9615384615384616,0.9615384615384616,1.0,0.6808617538431203,0.25,0.23076923076923084,0.3555555555555555,0.36734693877551017,0.4423076923076923,0.5192307692307693,0.6153846153846154,0.7115384615384616,0.7692307692307693,0.8269230769230769,0.9230769230769231,0.9615384615384616,0.9615384615384616,0.9444444444444445,0.9130434782608696,0.8666666666666667,0.777777777777778,0.5,1,0.7115384615384616,
bookkeeper_IBk_BestFirst_SMOTE_yesCostSensitive_5.csv,3,0.26666666666666666,0.6101694915254238,0.3711340206185567,0.23653390527223014,0.8790446841294298,0.6600239139099243,0.24556446562900955,0.1694915254237288,0.3220338983050847,0.4067796610169492,0.4745762711864407,0.5084745762711864,0.5423728813559322,0.5932203389830508,0.6101694915254238,0.6101694915254238,0.6101694915254238,0.6101694915254238,0.6101694915254238,0.6610169491525424,0.7457627118644068,0.7796610169491526,0.864406779661017,0.9322033898305084,0.9661016949152542,1.0,0.5101992145367366,0.1694915254237288,0.3220338983050847,0.4067796610169492,0.4745762711864407,0.5084745762711864,0.5423728813559322,0.5932203389830508,0.6101694915254238,0.6101694915254238,0.6101694915254238,0.6101694915254238,0.6101694915254238,0.6610169491525424,0.7457627118644068,0.7796610169491526,0.864406779661017,0.9322033898305084,0.9661016949152542,1.0,0.5905783638218396,0.2272727272727273,0.3653846153846153,0.42105263157894746,0.47457627118644075,0.5084745762711864,0.5423728813559322,0.5932203389830508,0.6101694915254238,0.6101694915254238,0.6101694915254238,0.6101694915254238,0.6101694915254238,0.6610169491525424,0.7457627118644068,0.6976744186046513,0.6666666666666667,0.6666666666666665,0.5999999999999998,1,0.632471008028546,
bookkeeper_IBk_NoSelection_NoSampling_noCostSensitive_1.csv,13,0,0.0,0.0,0.04685622747296756,1.0,0.0,0,0.1896551724137931,0.27586206896551724,0.3793103448275862,0.47413793103448276,0.5431034482758621,0.6293103448275862,0.6810344827586207,0.7413793103448276,0.7931034482758621,0.8275862068965517,0.8706896551724138,0.9051724137931034,0.9224137931034483,0.9482758620689655,0.9741379310344828,0.9913793103448276,1.0,1.0,1.0,0.16940027848123637,0.1896551724137931,0.27586206896551724,0.3793103448275862,0.47413793103448276,0.5431034482758621,0.6293103448275862,0.6810344827586207,0.7413793103448276,0.7931034482758621,0.8275862068965517,0.8706896551724138,0.9051724137931034,0.9224137931034483,0.9482758620689655,0.9741379310344828,0.9913793103448276,1.0,1.0,1.0,0.17882508118277932,0.423076923076923,0.49230769230769234,0.5789473684210527,0.4423076923076923,0.3250000000000002,0.29032258064516125,0.1599999999999998,0.1428571428571429,0.16666666666666663,0.06666666666666643,0.14285714285714313,0.16666666666666596,0.0,0.0,0.0,0.0,0.0,0.0,0.0,0.7445553539019963,
bookkeeper_IBk_NoSelection_NoSampling_noCostSensitive_2.csv,1,0.8990825688073395,0.7050359712230215,0.7903225806451613,0.773272231390331,0.9794211142713736,0.8042818911685995,0.6680309749811063,0.37681159420289856,0.45652173913043476,0.5289855072463768,0.5797101449275363,0.6159420289855072,0.6521739130434783,0.6811594202898551,0.6956521739130435,0.7028985507246377,0.7028985507246377,0.7028985507246377,0.7028985507246377,0.7101449275362319,0.717391304347826,0.7753623188405797,0.8405797101449275,0.9130434782608695,0.9637681159420289,1.0,0.28999640573923907,0.37681159420289856,0.45652173913043476,0.5289855072463768,0.5797101449275363,0.6159420289855072,0.6521739130434783,0.6811594202898551,0.6956521739130435,0.7028985507246377,0.7028985507246377,0.7028985507246377,0.7028985507246377,0.7101449275362319,0.717391304347826,0.7753623188405797,0.8405797101449275,0.9130434782608695,0.9637681159420289,1.0,0.2362206620321452,0.7878787878787878,0.7682926829268293,0.7613636363636364,0.5901639344262295,0.3913043478260869,0.18918918918918926,0,0,0,0,0,0,0,0,1,0,0,0,0.0,0.7009916094584286,
bookkeeper_IBk_NoSelection_NoSampling_noCostSensitive_3.csv,2,0.6470588235294118,0.7333333333333333,0.6875,0.5611853100696914,0.9490220557636289,0.7938144329896907,0.5752706576803783,0.35555555555555557,0.4777777777777778,0.5333333333333333,0.6111111111111112,0.6555555555555556,0.7111111111111111,0.7333333333333333,0.7666666666666667,0.7777777777777778,0.8444444444444444,0.8777777777777778,0.9222222222222223,0.9555555555555556,0.9888888888888889,1.0,1.0,1.0,1.0,1.0,0.708767686152002,0.35555555555555557,0.4777777777777778,0.5333333333333333,0.6111111111111112,0.6555555555555556,0.7111111111111111,0.7333333333333333,0.7666666666666667,0.7777777777777778,0.8444444444444444,0.8777777777777778,0.9222222222222223,0.9555555555555556,0.9888888888888889,1.0,1.0,1.0,1.0,1.0,0.839025119460986,0.64,0.6935483870967742,0.6857142857142857,0.7142857142857144,0.7195121951219512,0.735632183908046,0.7333333333333333,0.7666666666666667,0.7777777777777778,0.8444444444444444,0.8777777777777778,0.8813559322033899,0.9047619047619049,0.9666666666666668,1.0,1.0,1.0,1.0,1,0.8005847953216375,
bookkeeper_IBk_NoSelection_NoSampling_noCostSensitive_4.csv,2,0.6956521739130435,0.6153846153846154,0.6530612244897959,0.5572172861278907,0.9366342469790746,0.7458010945461409,0.5905088565519524,0.28846153846153844,0.38461538461538464,0.46153846153846156,0.5576923076923077,0.6538461538461539,0.7115384615384616,0.7884615384615384,0.8269230769230769,0.8653846153846154,0.9423076923076923,0.9615384615384616,1.0,1.0,1.0,1.0,1.0,1.0,1.0,1.0,0.8520674546295665,0.28846153846153844,0.38461538461538464,0.46153846153846156,0.5576923076923077,0.6538461538461539,0.7115384615384616,0.7884615384615384,0.8269230769230769,0.8653846153846154,0.9423076923076923,0.9615384615384616,1.0,1.0,1.0,1.0,1.0,1.0,1.0,1.0,0.8345652937288276,0.4687499999999999,0.5128205128205128,0.5333333333333333,0.5918367346938775,0.6538461538461539,0.7115384615384616,0.7884615384615384,0.8269230769230769,0.8653846153846154,0.9423076923076923,0.9615384615384616,1.0,1.0,1.0,1.0,1.0,1.0,1.0,1,0.812753036437247,
bookkeeper_IBk_NoSelection_NoSampling_noCostSensitive_5.csv,1,0.5555555555555556,0.423728813559322,0.4807692307692308,0.44792785362044013,0.898497688751926,0.5847541214597718,0.4120129192764808,0.2711864406779661,0.3389830508474576,0.4067796610169492,0.4745762711864407,0.5254237288135594,0.6610169491525424,0.7627118644067796,0.7966101694915254,0.8813559322033898,0.9152542372881356,0.9322033898305084,0.9322033898305084,0.9491525423728814,0.9830508474576272,1.0,1.0,1.0,1.0,1.0,0.7206334159698331,0.2711864406779661,0.3389830508474576,0.4067796610169492,0.4745762711864407,0.5254237288135594,0.6610169491525424,0.7627118644067796,0.7966101694915254,0.8813559322033898,0.9152542372881356,0.9322033898305084,0.9322033898305084,0.9491525423728814,0.9830508474576272,1.0,1.0,1.0,1.0,1.0,0.7885717737823471,0.36363636363636365,0.3846153846153846,0.42105263157894746,0.47457627118644075,0.5254237288135594,0.6610169491525424,0.7627118644067796,0.7966101694915254,0.8813559322033898,0.9152542372881356,0.9322033898305084,0.9322033898305084,0.9491525423728814,0.9830508474576272,1.0,1.0,1.0,1.0,1,0.7805530776092775,
bookkeeper_IBk_NoSelection_NoSampling_yesCostSensitive_1.csv,13,0,0.0,0.0,0.04685622747296756,1.0,0.0,0,0.1896551724137931,0.27586206896551724,0.3793103448275862,0.47413793103448276,0.5431034482758621,0.6293103448275862,0.6810344827586207,0.7413793103448276,0.7931034482758621,0.8275862068965517,0.8706896551724138,0.9051724137931034,0.9224137931034483,0.9482758620689655,0.9741379310344828,0.9913793103448276,1.0,1.0,1.0,0.16940027848123637,0.1896551724137931,0.27586206896551724,0.3793103448275862,0.47413793103448276,0.5431034482758621,0.6293103448275862,0.6810344827586207,0.7413793103448276,0.7931034482758621,0.8275862068965517,0.8706896551724138,0.9051724137931034,0.9224137931034483,0.9482758620689655,0.9741379310344828,0.9913793103448276,1.0,1.0,1.0,0.17882508118277932,0.423076923076923,0.49230769230769234,0.5789473684210527,0.4423076923076923,0.3250000000000002,0.29032258064516125,0.1599999999999998,0.1428571428571429,0.16666666666666663,0.06666666666666643,0.14285714285714313,0.16666666666666596,0.0,0.0,0.0,0.0,0.0,0.0,0.0,0.7445553539019963,
bookkeeper_IBk_NoSelection_NoSampling_yesCostSensitive_2.csv,1,0.8909090909090909,0.7050359712230215,0.7871485943775101,0.7695570141638541,0.9644888740170654,0.8021280949457745,0.6605939525513211,0.37681159420289856,0.45652173913043476,0.5289855072463768,0.5797101449275363,0.6159420289855072,0.6521739130434783,0.6811594202898551,0.6956521739130435,0.7028985507246377,0.7318840579710145,0.782608695652174,0.8478260869565217,0.8478260869565217,0.8478260869565217,0.8478260869565217,0.8478260869565217,0.9130434782608695,0.9637681159420289,1.0,0.28999640573923907,0.37681159420289856,0.45652173913043476,0.5289855072463768,0.5797101449275363,0.6159420289855072,0.6521739130434783,0.6811594202898551,0.6956521739130435,0.7028985507246377,0.7318840579710145,0.782608695652174,0.8478260869565217,0.8478260869565217,0.8478260869565217,0.8478260869565217,0.8478260869565217,0.9130434782608695,0.9637681159420289,1.0,0.2362206620321452,0.7878787878787878,0.7682926829268293,0.7613636363636364,0.5901639344262295,0.3913043478260869,0.18918918918918926,0,0,0,0,0,0,0,0,1,0,0,0,0.0,0.732646834477498,
bookkeeper_IBk_NoSelection_NoSampling_yesCostSensitive_3.csv,2,0.5689655172413793,0.7333333333333333,0.6407766990291263,0.4983562076868365,0.9490220557636289,0.7709948320413436,0.5062740088692786,0.3333333333333333,0.4666666666666667,0.5333333333333333,0.6111111111111112,0.6555555555555556,0.7111111111111111,0.7333333333333333,0.7666666666666667,0.7777777777777778,0.8444444444444444,0.8777777777777778,0.9222222222222223,0.9555555555555556,0.9888888888888889,1.0,1.0,1.0,1.0,1.0,0.708767686152002,0.3333333333333333,0.4666666666666667,0.5333333333333333,0.6111111111111112,0.6555555555555556,0.7111111111111111,0.7333333333333333,0.7666666666666667,0.7777777777777778,0.8444444444444444,0.8777777777777778,0.9222222222222223,0.9555555555555556,0.9888888888888889,1.0,1.0,1.0,1.0,1.0,0.8360709598684563,0.5999999999999999,0.6774193548387097,0.6857142857142857,0.7142857142857144,0.7195121951219512,0.735632183908046,0.7333333333333333,0.7666666666666667,0.7777777777777778,0.8444444444444444,0.8777777777777778,0.8813559322033899,0.9047619047619049,0.9666666666666668,1.0,1.0,1.0,1.0,1,0.7988304093567251,
bookkeeper_IBk_NoSelection_NoSampling_yesCostSensitive_4.csv,2,0.4266666666666667,0.6153846153846154,0.5039370078740157,0.41524065137066946,0.9366342469790746,0.7086550182852498,0.3929401811521088,0.25,0.36538461538461536,0.46153846153846156,0.5576923076923077,0.6538461538461539,0.7115384615384616,0.7884615384615384,0.8269230769230769,0.8653846153846154,0.9423076923076923,0.9615384615384616,1.0,1.0,1.0,1.0,1.0,1.0,1.0,1.0,0.8520674546295665,0.25,0.36538461538461536,0.46153846153846156,0.5576923076923077,0.6538461538461539,0.7115384615384616,0.7884615384615384,0.8269230769230769,0.8653846153846154,0.9423076923076923,0.9615384615384616,1.0,1.0,1.0,1.0,1.0,1.0,1.0,1.0,0.8299262923792999,0.40625,0.4871794871794871,0.5333333333333333,0.5918367346938775,0.6538461538461539,0.7115384615384616,0.7884615384615384,0.8269230769230769,0.8653846153846154,0.9423076923076923,0.9615384615384616,1.0,1.0,1.0,1.0,1.0,1.0,1.0,1,0.8097165991902834,
bookkeeper_IBk_NoSelection_NoSampling_yesCostSensitive_5.csv,1,0.2976190476190476,0.423728813559322,0.34965034965034963,0.30806574367719436,0.898497688751926,0.561582397362671,0.22269944432832536,0.2542372881355932,0.3050847457627119,0.3728813559322034,0.4745762711864407,0.5254237288135594,0.6610169491525424,0.7627118644067796,0.7966101694915254,0.8813559322033898,0.9152542372881356,0.9322033898305084,0.9322033898305084,0.9491525423728814,0.9830508474576272,1.0,1.0,1.0,1.0,1.0,0.7206334159698331,0.2542372881355932,0.3050847457627119,0.3728813559322034,0.4745762711864407,0.5254237288135594,0.6610169491525424,0.7627118644067796,0.7966101694915254,0.8813559322033898,0.9152542372881356,0.9322033898305084,0.9322033898305084,0.9491525423728814,0.9830508474576272,1.0,1.0,1.0,1.0,1.0,0.7835045879672388,0.34090909090909094,0.34615384615384615,0.38596491228070173,0.47457627118644075,0.5254237288135594,0.6610169491525424,0.7627118644067796,0.7966101694915254,0.8813559322033898,0.9152542372881356,0.9322033898305084,0.9322033898305084,0.9491525423728814,0.9830508474576272,1.0,1.0,1.0,1.0,1,0.776092774308653,
bookkeeper_IBk_NoSelection_SMOTE_noCostSensitive_1.csv,13,0,0.0,0.0,0.04685622747296756,1.0,0.0,0,0.1896551724137931,0.27586206896551724,0.3793103448275862,0.47413793103448276,0.5431034482758621,0.6293103448275862,0.6810344827586207,0.7413793103448276,0.7931034482758621,0.8275862068965517,0.8706896551724138,0.9051724137931034,0.9224137931034483,0.9482758620689655,0.9741379310344828,0.9913793103448276,1.0,1.0,1.0,0.16940027848123637,0.1896551724137931,0.27586206896551724,0.3793103448275862,0.47413793103448276,0.5431034482758621,0.6293103448275862,0.6810344827586207,0.7413793103448276,0.7931034482758621,0.8275862068965517,0.8706896551724138,0.9051724137931034,0.9224137931034483,0.9482758620689655,0.9741379310344828,0.9913793103448276,1.0,1.0,1.0,0.17882508118277932,0.423076923076923,0.49230769230769234,0.5789473684210527,0.4423076923076923,0.3250000000000002,0.29032258064516125,0.1599999999999998,0.1428571428571429,0.16666666666666663,0.06666666666666643,0.14285714285714313,0.16666666666666596,0.0,0.0,0.0,0.0,0.0,0.0,0.0,0.7445553539019963,
bookkeeper_IBk_NoSelection_SMOTE_noCostSensitive_2.csv,1,0.8928571428571429,0.7194244604316546,0.796812749003984,0.7740758777736269,0.9804249623556969,0.8113590263691683,0.6728530242416564,0.37681159420289856,0.45652173913043476,0.5289855072463768,0.5797101449275363,0.6231884057971014,0.6594202898550725,0.6884057971014492,0.7101449275362319,0.717391304347826,0.717391304347826,0.717391304347826,0.717391304347826,0.717391304347826,0.7246376811594203,0.7753623188405797,0.8478260869565217,0.8985507246376812,0.9637681159420289,1.0,0.29141888084592465,0.37681159420289856,0.45652173913043476,0.5289855072463768,0.5797101449275363,0.6231884057971014,0.6594202898550725,0.6884057971014492,0.7101449275362319,0.717391304347826,0.717391304347826,0.717391304347826,0.717391304347826,0.717391304347826,0.7246376811594203,0.7753623188405797,0.8478260869565217,0.8985507246376812,0.9637681159420289,1.0,0.23878730189855624,0.7878787878787878,0.7682926829268293,0.7613636363636364,0.5901639344262295,0.4130434782608696,0.21621621621621634,0.0,0,0,0,0,0,0,0,1,0,0,0,0.0,0.7063310450038138,
bookkeeper_IBk_NoSelection_SMOTE_noCostSensitive_3.csv,2,0.6407766990291263,0.7333333333333333,0.6839378238341969,0.5557815289397243,0.9479816895547232,0.7922342257710976,0.5700076068760319,0.34444444444444444,0.4777777777777778,0.5333333333333333,0.6,0.6555555555555556,0.7111111111111111,0.7333333333333333,0.7666666666666667,0.7777777777777778,0.8444444444444444,0.8777777777777778,0.9222222222222223,0.9555555555555556,0.9888888888888889,1.0,1.0,1.0,1.0,1.0,0.7069360816290602,0.34444444444444444,0.4777777777777778,0.5333333333333333,0.6,0.6555555555555556,0.7111111111111111,0.7333333333333333,0.7666666666666667,0.7777777777777778,0.8444444444444444,0.8777777777777778,0.9222222222222223,0.9555555555555556,0.9888888888888889,1.0,1.0,1.0,1.0,1.0,0.8372889608827222,0.62,0.6935483870967742,0.6857142857142857,0.7012987012987013,0.7195121951219512,0.735632183908046,0.7333333333333333,0.7666666666666667,0.7777777777777778,0.8444444444444444,0.8777777777777778,0.8813559322033899,0.9047619047619049,0.9666666666666668,1.0,1.0,1.0,1.0,1,0.7994152046783626,
bookkeeper_IBk_NoSelection_SMOTE_noCostSensitive_4.csv,2,0.6956521739130435,0.6153846153846154,0.6530612244897959,0.5572172861278907,0.9366342469790746,0.7458010945461409,0.5905088565519524,0.28846153846153844,0.38461538461538464,0.46153846153846156,0.5576923076923077,0.6538461538461539,0.7115384615384616,0.7884615384615384,0.8269230769230769,0.8653846153846154,0.9423076923076923,0.9615384615384616,1.0,1.0,1.0,1.0,1.0,1.0,1.0,1.0,0.8520674546295665,0.28846153846153844,0.38461538461538464,0.46153846153846156,0.5576923076923077,0.6538461538461539,0.7115384615384616,0.7884615384615384,0.8269230769230769,0.8653846153846154,0.9423076923076923,0.9615384615384616,1.0,1.0,1.0,1.0,1.0,1.0,1.0,1.0,0.8345652937288276,0.4687499999999999,0.5128205128205128,0.5333333333333333,0.5918367346938775,0.6538461538461539,0.7115384615384616,0.7884615384615384,0.8269230769230769,0.8653846153846154,0.9423076923076923,0.9615384615384616,1.0,1.0,1.0,1.0,1.0,1.0,1.0,1,0.812753036437247,
bookkeeper_IBk_NoSelection_SMOTE_noCostSensitive_5.csv,1,0.5555555555555556,0.423728813559322,0.4807692307692308,0.44654204430780164,0.8984976887519259,0.5847541214597718,0.4120129192764808,0.2711864406779661,0.3389830508474576,0.4067796610169492,0.4745762711864407,0.5254237288135594,0.6610169491525424,0.7627118644067796,0.7966101694915254,0.8813559322033898,0.9152542372881356,0.9322033898305084,0.9322033898305084,0.9491525423728814,0.9830508474576272,1.0,1.0,1.0,1.0,1.0,0.7206334159698331,0.2711864406779661,0.3389830508474576,0.4067796610169492,0.4745762711864407,0.5254237288135594,0.6610169491525424,0.7627118644067796,0.7966101694915254,0.8813559322033898,0.9152542372881356,0.9322033898305084,0.9322033898305084,0.9491525423728814,0.9830508474576272,1.0,1.0,1.0,1.0,1.0,0.7885717737823471,0.36363636363636365,0.3846153846153846,0.42105263157894746,0.47457627118644075,0.5254237288135594,0.6610169491525424,0.7627118644067796,0.7966101694915254,0.8813559322033898,0.9152542372881356,0.9322033898305084,0.9322033898305084,0.9491525423728814,0.9830508474576272,1.0,1.0,1.0,1.0,1,0.7805530776092775,
bookkeeper_IBk_NoSelection_SMOTE_yesCostSensitive_1.csv,13,0,0.0,0.0,0.04685622747296756,1.0,0.0,0,0.1896551724137931,0.27586206896551724,0.3793103448275862,0.47413793103448276,0.5431034482758621,0.6293103448275862,0.6810344827586207,0.7413793103448276,0.7931034482758621,0.8275862068965517,0.8706896551724138,0.9051724137931034,0.9224137931034483,0.9482758620689655,0.9741379310344828,0.9913793103448276,1.0,1.0,1.0,0.16940027848123637,0.1896551724137931,0.27586206896551724,0.3793103448275862,0.47413793103448276,0.5431034482758621,0.6293103448275862,0.6810344827586207,0.7413793103448276,0.7931034482758621,0.8275862068965517,0.8706896551724138,0.9051724137931034,0.9224137931034483,0.9482758620689655,0.9741379310344828,0.9913793103448276,1.0,1.0,1.0,0.17882508118277932,0.423076923076923,0.49230769230769234,0.5789473684210527,0.4423076923076923,0.3250000000000002,0.29032258064516125,0.1599999999999998,0.1428571428571429,0.16666666666666663,0.06666666666666643,0.14285714285714313,0.16666666666666596,0.0,0.0,0.0,0.0,0.0,0.0,0.0,0.7445553539019963,
bookkeeper_IBk_NoSelection_SMOTE_yesCostSensitive_2.csv,0,0.777027027027027,0.8273381294964028,0.8013937282229965,0.6797189144511465,0.9655763761084156,0.8176261476688577,0.632626316895175,0.34057971014492755,0.4492753623188406,0.5362318840579711,0.6014492753623188,0.6594202898550725,0.7028985507246377,0.7391304347826086,0.7753623188405797,0.8043478260869565,0.8188405797101449,0.8260869565217391,0.8260869565217391,0.8260869565217391,0.8260869565217391,0.8260869565217391,0.8405797101449275,0.9057971014492754,0.9492753623188406,1.0,0.21271404412369996,0.34057971014492755,0.4492753623188406,0.5362318840579711,0.6014492753623188,0.6594202898550725,0.7028985507246377,0.7391304347826086,0.7753623188405797,0.8043478260869565,0.8188405797101449,0.8260869565217391,0.8260869565217391,0.8260869565217391,0.8260869565217391,0.8260869565217391,0.8405797101449275,0.9057971014492754,0.9492753623188406,1.0,0.2680916394876669,0.7121212121212122,0.7560975609756098,0.7727272727272728,0.639344262295082,0.5217391304347828,0.3783783783783784,0.23333333333333328,0.07999999999999974,0,0,0,0,0,0,1,0,0,0,0.0,0.7501906941266209,
bookkeeper_IBk_NoSelection_SMOTE_yesCostSensitive_3.csv,2,0.41714285714285715,0.8111111111111111,0.5509433962264151,0.3701865217626907,0.9278401997503121,0.7014938411810955,0.3727084019265048,0.2222222222222222,0.3333333333333333,0.45555555555555555,0.5444444444444444,0.6111111111111112,0.6777777777777778,0.7333333333333333,0.7777777777777778,0.8,0.8222222222222222,0.8444444444444444,0.8888888888888888,0.9333333333333333,0.9666666666666667,1.0,1.0,1.0,1.0,1.0,0.7943689943919073,0.2222222222222222,0.3333333333333333,0.45555555555555555,0.5444444444444444,0.6111111111111112,0.6777777777777778,0.7333333333333333,0.7777777777777778,0.8,0.8222222222222222,0.8444444444444444,0.8888888888888888,0.9333333333333333,0.9666666666666667,1.0,1.0,1.0,1.0,1.0,0.7917504806274313,0.3999999999999999,0.4838709677419355,0.5857142857142856,0.6363636363636364,0.6707317073170732,0.7011494252873564,0.7333333333333333,0.7777777777777778,0.8,0.8222222222222222,0.8444444444444444,0.8305084745762711,0.8571428571428572,0.9,1.0,1.0,1.0,1.0,1,0.7690058479532164,
bookkeeper_IBk_NoSelection_SMOTE_yesCostSensitive_4.csv,2,0.3305084745762712,0.75,0.4588235294117647,0.300861349304514,0.9185823754789271,0.7227001985440105,0.3435421252951154,0.15384615384615385,0.28846153846153844,0.40384615384615385,0.5,0.5769230769230769,0.6346153846153846,0.6923076923076923,0.75,0.75,0.7692307692307693,0.8269230769230769,0.8461538461538461,0.9038461538461539,0.9615384615384616,1.0,1.0,1.0,1.0,1.0,0.7398729918242013,0.15384615384615385,0.28846153846153844,0.40384615384615385,0.5,0.5769230769230769,0.6346153846153846,0.6923076923076923,0.75,0.75,0.7692307692307693,0.8269230769230769,0.8461538461538461,0.9038461538461539,0.9615384615384616,1.0,1.0,1.0,1.0,1.0,0.7540178284539186,0.25,0.3846153846153846,0.4666666666666667,0.5306122448979592,0.5769230769230769,0.6346153846153846,0.6923076923076923,0.75,0.75,0.7692307692307693,0.8269230769230769,0.8461538461538461,0.9038461538461539,0.9444444444444445,1.0,1.0,1.0,1.0,1,0.7398785425101215,
bookkeeper_IBk_NoSelection_SMOTE_yesCostSensitive_5.csv,1,0.26356589147286824,0.576271186440678,0.3617021276595745,0.23493619894169154,0.8750481510015411,0.64413401643876,0.23149689821868327,0.1724137931034483,0.3275862068965517,0.43103448275862066,0.46551724137931033,0.5172413793103449,0.5344827586206896,0.5862068965517241,0.5862068965517241,0.5862068965517241,0.5862068965517241,0.5862068965517241,0.5862068965517241,0.6896551724137931,0.7586206896551724,0.8103448275862069,0.896551724137931,0.9482758620689655,0.9827586206896551,1.0,0.5149215195042218,0.1724137931034483,0.3275862068965517,0.43103448275862066,0.46551724137931033,0.5172413793103449,0.5344827586206896,0.5862068965517241,0.5862068965517241,0.5862068965517241,0.5862068965517241,0.5862068965517241,0.5862068965517241,0.6896551724137931,0.7586206896551724,0.8103448275862069,0.896551724137931,0.9482758620689655,0.9827586206896551,1.0,0.5315823906513556,0.2272727272727273,0.3653846153846154,0.4385964912280702,0.4576271186440678,0.5084745762711865,0.5254237288135593,0.576271186440678,0.576271186440678,0.576271186440678,0.576271186440678,0.576271186440678,0.576271186440678,0.6779661016949153,0.7457627118644068,0.7209302325581395,0.7083333333333335,0.666666666666667,0.6000000000000003,0.0,0.6343012704174228,
bookkeeper_NaiveBayes_BestFirst_NoSampling_noCostSensitive_1.csv,1,0,0.0,0.0,0.04685622747296756,0.990909090909091,0.0,0,0.1724137931034483,0.1724137931034483,0.1724137931034483,0.20689655172413793,0.3017241379310345,0.3879310344827586,0.49137931034482757,0.5603448275862069,0.6379310344827587,0.6810344827586207,0.7413793103448276,0.7672413793103449,0.8189655172413793,0.853448275862069,0.8793103448275862,0.9137931034482759,0.9396551724137931,0.9827586206896551,1.0,0.011197528233539308,0.1724137931034483,0.1724137931034483,0.1724137931034483,0.20689655172413793,0.3017241379310345,0.3879310344827586,0.49137931034482757,0.5603448275862069,0.6379310344827587,0.6810344827586207,0.7413793103448276,0.7672413793103449,0.8189655172413793,0.853448275862069,0.8793103448275862,0.9137931034482759,0.9396551724137931,0.9827586206896551,1.0,0.05028766247602813,0.3846153846153846,0.3076923076923077,0.26315789473684215,0,0,0,0,0,0,0,0,0,0,0,0,0,0,0,0.0,0.6147912885662432,
bookkeeper_NaiveBayes_BestFirst_NoSampling_noCostSensitive_2.csv,0,0.9809523809523809,0.7410071942446043,0.8442622950819673,0.9043368005796953,0.9385979588422286,0.8469985004595365,0.7668259300509287,0.4057971014492754,0.4855072463768116,0.5507246376811594,0.5942028985507246,0.6376811594202898,0.6666666666666666,0.7101449275362319,0.7463768115942029,0.7753623188405797,0.855072463768116,0.8768115942028986,0.9202898550724637,0.9710144927536232,0.9855072463768116,0.9855072463768116,0.9855072463768116,0.9855072463768116,1.0,1.0,0.10325495001361495,0.4057971014492754,0.4855072463768116,0.5507246376811594,0.5942028985507246,0.6376811594202898,0.6666666666666666,0.7101449275362319,0.7463768115942029,0.7753623188405797,0.855072463768116,0.8768115942028986,0.9202898550724637,0.9710144927536232,0.9855072463768116,0.9855072463768116,0.9855072463768116,0.9855072463768116,1.0,1.0,0.2570383350903637,0.8484848484848485,0.8170731707317074,0.7954545454545454,0.6229508196721311,0.4565217391304347,0.2432432432432431,0.10000000000000042,0,0,0,0,0,0.0,0,1,0,0,0.0,0.0,0.7967200610221205,
bookkeeper_NaiveBayes_BestFirst_NoSampling_noCostSensitive_3.csv,0,0.8888888888888888,0.7111111111111111,0.7901234567901234,0.8387826108356218,0.9625884311277572,0.8206346848853904,0.7371061805878086,0.4444444444444444,0.5222222222222223,0.5777777777777777,0.6222222222222222,0.6666666666666666,0.7,0.7222222222222222,0.7222222222222222,0.7666666666666667,0.8,0.8222222222222222,0.8888888888888888,0.9333333333333333,0.9666666666666667,1.0,1.0,1.0,1.0,1.0,0.6276638748610169,0.4444444444444444,0.5222222222222223,0.5777777777777777,0.6222222222222222,0.6666666666666666,0.7,0.7222222222222222,0.7222222222222222,0.7666666666666667,0.8,0.8222222222222222,0.8888888888888888,0.9333333333333333,0.9666666666666667,1.0,1.0,1.0,1.0,1.0,0.837106542074685,0.7999999999999999,0.7580645161290323,0.7428571428571428,0.7272727272727273,0.7317073170731707,0.7241379310344827,0.7222222222222222,0.7222222222222222,0.7666666666666667,0.8,0.8222222222222222,0.8305084745762711,0.8571428571428572,0.9,1.0,1.0,1.0,1.0,1,0.7976608187134503,
bookkeeper_NaiveBayes_BestFirst_NoSampling_noCostSensitive_4.csv,0,0.8378378378378378,0.5961538461538461,0.6966292134831461,0.8026224988036678,0.985632183908046,0.7404805395531826,0.6607641055586029,0.36538461538461536,0.4807692307692308,0.5576923076923077,0.5961538461538461,0.5961538461538461,0.6346153846153846,0.6538461538461539,0.7115384615384616,0.7307692307692307,0.7692307692307693,0.8653846153846154,0.9230769230769231,0.9615384615384616,1.0,1.0,1.0,1.0,1.0,1.0,0.6451905464409551,0.36538461538461536,0.4807692307692308,0.5576923076923077,0.5961538461538461,0.5961538461538461,0.6346153846153846,0.6538461538461539,0.7115384615384616,0.7307692307692307,0.7692307692307693,0.8653846153846154,0.9230769230769231,0.9615384615384616,1.0,1.0,1.0,1.0,1.0,1.0,0.8083172101499169,0.59375,0.641025641025641,0.6444444444444444,0.6326530612244898,0.5961538461538461,0.6346153846153846,0.6538461538461539,0.7115384615384616,0.7307692307692307,0.7692307692307693,0.8653846153846154,0.9230769230769231,0.9615384615384616,1.0,1.0,1.0,1.0,1.0,1,0.7813765182186235,
bookkeeper_NaiveBayes_BestFirst_NoSampling_noCostSensitive_5.csv,2,0.75,0.2033898305084746,0.32,0.6157367392876195,0.9731317411402156,0.33737275811924383,0.3480961924766073,0.2033898305084746,0.2542372881355932,0.3050847457627119,0.3559322033898305,0.4406779661016949,0.4915254237288136,0.5423728813559322,0.6101694915254238,0.7288135593220338,0.7796610169491526,0.864406779661017,0.9152542372881356,0.9322033898305084,0.9661016949152542,1.0,1.0,1.0,1.0,1.0,0.44654495486443047,0.2033898305084746,0.2542372881355932,0.3050847457627119,0.3559322033898305,0.4406779661016949,0.4915254237288136,0.5423728813559322,0.6101694915254238,0.7288135593220338,0.7796610169491526,0.864406779661017,0.9152542372881356,0.9322033898305084,0.9661016949152542,1.0,1.0,1.0,1.0,1.0,0.7107419436284641,0.2727272727272727,0.28846153846153844,0.3157894736842105,0.35593220338983045,0.44067796610169485,0.4915254237288136,0.5423728813559322,0.6101694915254238,0.7288135593220338,0.7796610169491526,0.864406779661017,0.9152542372881356,0.9322033898305084,0.9661016949152542,1.0,1.0,1.0,1.0,1,0.7047279214986619,
bookkeeper_NaiveBayes_BestFirst_NoSampling_yesCostSensitive_1.csv,1,0,0.0,0.0,0.04685622747296756,0.990909090909091,0.0,0,0.1724137931034483,0.1724137931034483,0.1724137931034483,0.20689655172413793,0.3017241379310345,0.3879310344827586,0.49137931034482757,0.5603448275862069,0.6379310344827587,0.6810344827586207,0.7413793103448276,0.7672413793103449,0.8189655172413793,0.853448275862069,0.8793103448275862,0.9137931034482759,0.9396551724137931,0.9827586206896551,1.0,0.011197528233539308,0.1724137931034483,0.1724137931034483,0.1724137931034483,0.20689655172413793,0.3017241379310345,0.3879310344827586,0.49137931034482757,0.5603448275862069,0.6379310344827587,0.6810344827586207,0.7413793103448276,0.7672413793103449,0.8189655172413793,0.853448275862069,0.8793103448275862,0.9137931034482759,0.9396551724137931,0.9827586206896551,1.0,0.05028766247602813,0.3846153846153846,0.3076923076923077,0.26315789473684215,0,0,0,0,0,0,0,0,0,0,0,0,0,0,0,0.0,0.6147912885662432,
bookkeeper_NaiveBayes_BestFirst_NoSampling_yesCostSensitive_2.csv,0,0.6473429951690821,0.9640287769784173,0.7745664739884393,0.6875699427364713,0.9367575706876362,0.7208019777771741,0.5686563711342086,0.2463768115942029,0.32608695652173914,0.4420289855072464,0.5144927536231884,0.5942028985507246,0.644927536231884,0.717391304347826,0.782608695652174,0.8333333333333334,0.8768115942028986,0.9130434782608695,0.9420289855072463,0.9710144927536232,0.9927536231884058,0.9927536231884058,0.9927536231884058,0.9927536231884058,1.0,1.0,0.10325495001361495,0.2463768115942029,0.32608695652173914,0.4420289855072464,0.5144927536231884,0.5942028985507246,0.644927536231884,0.717391304347826,0.782608695652174,0.8333333333333334,0.8768115942028986,0.9130434782608695,0.9420289855072463,0.9710144927536232,0.9927536231884058,0.9927536231884058,0.9927536231884058,0.9927536231884058,1.0,1.0,0.21195784370753476,0.5151515151515151,0.5487804878048781,0.625,0.44262295081967196,0.32608695652173914,0.16216216216216206,0.13333333333333341,0.12,0.09523809523809568,0.05882352941176494,0.0,0.0,0.0,0.0,1,0,0,0.0,0.0,0.7776506483600305,
bookkeeper_NaiveBayes_BestFirst_NoSampling_yesCostSensitive_3.csv,0,0.8421052631578947,0.7111111111111111,0.7710843373493976,0.7452803833327334,0.942821473158552,0.815225535741046,0.7066432813848191,0.37777777777777777,0.45555555555555555,0.4888888888888889,0.5333333333333333,0.5888888888888889,0.6444444444444445,0.6777777777777778,0.7222222222222222,0.7666666666666667,0.7888888888888889,0.8444444444444444,0.8888888888888888,0.9333333333333333,0.9666666666666667,1.0,1.0,1.0,1.0,1.0,0.6276638748610169,0.37777777777777777,0.45555555555555555,0.4888888888888889,0.5333333333333333,0.5888888888888889,0.6444444444444445,0.6777777777777778,0.7222222222222222,0.7666666666666667,0.7888888888888889,0.8444444444444444,0.8888888888888888,0.9333333333333333,0.9666666666666667,1.0,1.0,1.0,1.0,1.0,0.8049419913857435,0.6799999999999999,0.6612903225806451,0.6285714285714286,0.6233766233766234,0.6463414634146342,0.6666666666666667,0.6777777777777778,0.7222222222222222,0.7666666666666667,0.7888888888888889,0.8444444444444444,0.8305084745762711,0.8571428571428572,0.9,1.0,1.0,1.0,1.0,1,0.7725146198830409,
bookkeeper_NaiveBayes_BestFirst_NoSampling_yesCostSensitive_4.csv,0,0.8378378378378378,0.5961538461538461,0.6966292134831461,0.7915158841676413,0.969053934571176,0.7404805395531826,0.6607641055586029,0.36538461538461536,0.4807692307692308,0.5576923076923077,0.5961538461538461,0.6346153846153846,0.6538461538461539,0.7115384615384616,0.7115384615384616,0.7307692307692307,0.7692307692307693,0.8653846153846154,0.9230769230769231,0.9807692307692307,1.0,1.0,1.0,1.0,1.0,1.0,0.6451905464409551,0.36538461538461536,0.4807692307692308,0.5576923076923077,0.5961538461538461,0.6346153846153846,0.6538461538461539,0.7115384615384616,0.7115384615384616,0.7307692307692307,0.7692307692307693,0.8653846153846154,0.9230769230769231,0.9807692307692307,1.0,1.0,1.0,1.0,1.0,1.0,0.8154022303928319,0.59375,0.641025641025641,0.6444444444444444,0.6326530612244898,0.6346153846153846,0.6538461538461539,0.7115384615384616,0.7115384615384616,0.7307692307692307,0.7692307692307693,0.8653846153846154,0.9230769230769231,0.9807692307692307,1.0,1.0,1.0,1.0,1.0,1,0.7884615384615384,
bookkeeper_NaiveBayes_BestFirst_NoSampling_yesCostSensitive_5.csv,2,0.7058823529411765,0.2033898305084746,0.3157894736842105,0.5912120893270244,0.9017238058551617,0.33720694821233355,0.3331287534043151,0.15254237288135594,0.23728813559322035,0.3559322033898305,0.423728813559322,0.4915254237288136,0.5084745762711864,0.559322033898305,0.6271186440677966,0.7288135593220338,0.7796610169491526,0.864406779661017,0.9152542372881356,0.9491525423728814,0.9661016949152542,1.0,1.0,1.0,1.0,1.0,0.44654495486443047,0.15254237288135594,0.23728813559322035,0.3559322033898305,0.423728813559322,0.4915254237288136,0.5084745762711864,0.559322033898305,0.6271186440677966,0.7288135593220338,0.7796610169491526,0.864406779661017,0.9152542372881356,0.9491525423728814,0.9661016949152542,1.0,1.0,1.0,1.0,1.0,0.7187240314969316,0.20454545454545459,0.2692307692307693,0.368421052631579,0.423728813559322,0.4915254237288136,0.5084745762711864,0.559322033898305,0.6271186440677966,0.7288135593220338,0.7796610169491526,0.864406779661017,0.9152542372881356,0.9491525423728814,0.9661016949152542,1.0,1.0,1.0,1.0,1,0.7136485280999108,
bookkeeper_NaiveBayes_BestFirst_SMOTE_noCostSensitive_1.csv,1,0,0.0,0.0,0.04685622747296756,0.990909090909091,0.0,0,0.1724137931034483,0.1724137931034483,0.1724137931034483,0.20689655172413793,0.3017241379310345,0.3879310344827586,0.49137931034482757,0.5603448275862069,0.6379310344827587,0.6810344827586207,0.7413793103448276,0.7672413793103449,0.8189655172413793,0.853448275862069,0.8793103448275862,0.9137931034482759,0.9396551724137931,0.9827586206896551,1.0,0.011197528233539308,0.1724137931034483,0.1724137931034483,0.1724137931034483,0.20689655172413793,0.3017241379310345,0.3879310344827586,0.49137931034482757,0.5603448275862069,0.6379310344827587,0.6810344827586207,0.7413793103448276,0.7672413793103449,0.8189655172413793,0.853448275862069,0.8793103448275862,0.9137931034482759,0.9396551724137931,0.9827586206896551,1.0,0.05028766247602813,0.3846153846153846,0.3076923076923077,0.26315789473684215,0,0,0,0,0,0,0,0,0,0,0,0,0,0,0,0.0,0.6147912885662432,
bookkeeper_NaiveBayes_BestFirst_SMOTE_noCostSensitive_2.csv,0,0.9809523809523809,0.7410071942446043,0.8442622950819673,0.9224123598162547,0.939894595951146,0.8469985004595365,0.7668259300509287,0.4057971014492754,0.4927536231884058,0.5579710144927537,0.6159420289855072,0.6594202898550725,0.6956521739130435,0.7246376811594203,0.7608695652173914,0.7753623188405797,0.8115942028985508,0.8840579710144928,0.9130434782608695,0.9710144927536232,0.9782608695652174,0.9782608695652174,0.9782608695652174,0.9782608695652174,1.0,1.0,0.10449488466176528,0.4057971014492754,0.4927536231884058,0.5579710144927537,0.6159420289855072,0.6594202898550725,0.6956521739130435,0.7246376811594203,0.7608695652173914,0.7753623188405797,0.8115942028985508,0.8840579710144928,0.9130434782608695,0.9710144927536232,0.9782608695652174,0.9782608695652174,0.9782608695652174,0.9782608695652174,1.0,1.0,0.2734978746831443,0.8484848484848485,0.8292682926829269,0.8068181818181819,0.6721311475409835,0.5217391304347828,0.3513513513513513,0.16666666666666685,0.0,0,0,0,0,0.0,0,1,0,0,0.0,0.0,0.7990083905415714,
bookkeeper_NaiveBayes_BestFirst_SMOTE_noCostSensitive_3.csv,0,0.8734177215189873,0.7666666666666667,0.8165680473372781,0.8169843632244174,0.9649188514357053,0.8535123817774891,0.7627735622069755,0.4444444444444444,0.5444444444444444,0.5777777777777777,0.6333333333333333,0.6777777777777778,0.7222222222222222,0.7555555555555555,0.7777777777777778,0.7777777777777778,0.8111111111111111,0.8222222222222222,0.8555555555555555,0.9111111111111111,0.9555555555555556,0.9888888888888889,1.0,1.0,1.0,1.0,0.5391043263095384,0.4444444444444444,0.5444444444444444,0.5777777777777777,0.6333333333333333,0.6777777777777778,0.7222222222222222,0.7555555555555555,0.7777777777777778,0.7777777777777778,0.8111111111111111,0.8222222222222222,0.8555555555555555,0.9111111111111111,0.9555555555555556,0.9888888888888889,1.0,1.0,1.0,1.0,0.8377444857648984,0.7999999999999999,0.7903225806451613,0.7428571428571428,0.7402597402597403,0.7439024390243902,0.7471264367816092,0.7555555555555555,0.7777777777777778,0.7777777777777778,0.8111111111111111,0.8222222222222222,0.7796610169491525,0.8095238095238095,0.8666666666666668,0.9523809523809526,1.0,1.0,1.0,1,0.802923976608187,
bookkeeper_NaiveBayes_BestFirst_SMOTE_noCostSensitive_4.csv,2,0.8333333333333334,0.5769230769230769,0.6818181818181818,0.7748433674951246,0.9792219274977896,0.7254623044096727,0.646233192554922,0.36538461538461536,0.46153846153846156,0.5576923076923077,0.5769230769230769,0.6153846153846154,0.6538461538461539,0.6538461538461539,0.7307692307692307,0.7307692307692307,0.7692307692307693,0.8653846153846154,0.9230769230769231,0.9615384615384616,0.9807692307692307,1.0,1.0,1.0,1.0,1.0,0.6934456427938775,0.36538461538461536,0.46153846153846156,0.5576923076923077,0.5769230769230769,0.6153846153846154,0.6538461538461539,0.6538461538461539,0.7307692307692307,0.7307692307692307,0.7692307692307693,0.8653846153846154,0.9230769230769231,0.9615384615384616,0.9807692307692307,1.0,1.0,1.0,1.0,1.0,0.8074680175714011,0.59375,0.6153846153846154,0.6444444444444444,0.6122448979591837,0.6153846153846154,0.6538461538461539,0.6538461538461539,0.7307692307692307,0.7307692307692307,0.7692307692307693,0.8653846153846154,0.9230769230769231,0.9615384615384616,0.9722222222222222,1.0,1.0,1.0,1.0,1,0.7813765182186235,
bookkeeper_NaiveBayes_BestFirst_SMOTE_noCostSensitive_5.csv,0,0.6666666666666666,0.2033898305084746,0.3116883116883117,0.6365021205389343,0.9804506933744223,0.3370403441837812,0.3192868995974911,0.2542372881355932,0.288135593220339,0.3728813559322034,0.423728813559322,0.4576271186440678,0.5423728813559322,0.559322033898305,0.576271186440678,0.7288135593220338,0.7966101694915254,0.8813559322033898,0.9322033898305084,0.9491525423728814,0.9661016949152542,1.0,1.0,1.0,1.0,1.0,0.49640099617754424,0.2542372881355932,0.288135593220339,0.3728813559322034,0.423728813559322,0.4576271186440678,0.5423728813559322,0.559322033898305,0.576271186440678,0.7288135593220338,0.7966101694915254,0.8813559322033898,0.9322033898305084,0.9491525423728814,0.9661016949152542,1.0,1.0,1.0,1.0,1.0,0.7298608632708825,0.34090909090909094,0.326923076923077,0.38596491228070173,0.423728813559322,0.4576271186440678,0.5423728813559322,0.559322033898305,0.576271186440678,0.7288135593220338,0.7966101694915254,0.8813559322033898,0.9322033898305084,0.9491525423728814,0.9661016949152542,1.0,1.0,1.0,1.0,1,0.7225691347011597,
bookkeeper_NaiveBayes_BestFirst_SMOTE_yesCostSensitive_1.csv,4,0,0.0,0.0,0.04685622747296756,1.0,0.0,0,0.22413793103448276,0.3103448275862069,0.3793103448275862,0.46551724137931033,0.5172413793103449,0.5862068965517241,0.6637931034482759,0.7155172413793104,0.7758620689655172,0.8275862068965517,0.8706896551724138,0.896551724137931,0.9224137931034483,0.9482758620689655,0.9741379310344828,0.9913793103448276,1.0,1.0,1.0,0.1651875133177072,0.22413793103448276,0.3103448275862069,0.3793103448275862,0.46551724137931033,0.5172413793103449,0.5862068965517241,0.6637931034482759,0.7155172413793104,0.7758620689655172,0.8275862068965517,0.8706896551724138,0.896551724137931,0.9224137931034483,0.9482758620689655,0.9741379310344828,0.9913793103448276,1.0,1.0,1.0,0.15070081062217597,0.5,0.5538461538461539,0.5789473684210527,0.423076923076923,0.2500000000000001,0.1290322580645159,0.08000000000000018,0.0,0.05555555555555536,0.06666666666666643,0.14285714285714313,0.08333333333333293,0.0,0.0,0.0,0.0,0.0,0.0,0.0,0.7404718693284936,
bookkeeper_NaiveBayes_BestFirst_SMOTE_yesCostSensitive_2.csv,0,0.7055555555555556,0.9136690647482014,0.7962382445141066,0.6189791173696041,0.9733980257654341,0.7874430115930703,0.6097264714346197,0.3188405797101449,0.43478260869565216,0.5362318840579711,0.6086956521739131,0.6666666666666666,0.7318840579710145,0.782608695652174,0.8188405797101449,0.8478260869565217,0.8840579710144928,0.9057971014492754,0.9130434782608695,0.9130434782608695,0.9130434782608695,0.9130434782608695,0.9130434782608695,0.9202898550724637,0.9710144927536232,1.0,0.17195697478584324,0.3188405797101449,0.43478260869565216,0.5362318840579711,0.6086956521739131,0.6666666666666666,0.7318840579710145,0.782608695652174,0.8188405797101449,0.8478260869565217,0.8840579710144928,0.9057971014492754,0.9130434782608695,0.9130434782608695,0.9130434782608695,0.9130434782608695,0.9130434782608695,0.9202898550724637,0.9710144927536232,1.0,0.3114873837565394,0.6666666666666665,0.7317073170731707,0.7727272727272728,0.6557377049180328,0.5434782608695652,0.4864864864864866,0.43333333333333357,0.31999999999999973,0.19047619047619058,0.11764705882352999,0,0,0,0,1,0,0,0,0.0,0.7890922959572846,
bookkeeper_NaiveBayes_BestFirst_SMOTE_yesCostSensitive_3.csv,1,0.4052631578947368,0.8555555555555555,0.55,0.3613656846867464,0.9388680815647108,0.6890380313199105,0.37623727895261383,0.20224719101123595,0.3258426966292135,0.449438202247191,0.5393258426966292,0.6067415730337079,0.6741573033707865,0.7191011235955056,0.7752808988764045,0.8202247191011236,0.8539325842696629,0.8651685393258427,0.8651685393258427,0.8651685393258427,0.8651685393258427,0.8651685393258427,0.8764044943820225,0.9101123595505618,0.9662921348314607,1.0,0.5789803497379999,0.20224719101123595,0.3258426966292135,0.449438202247191,0.5393258426966292,0.6067415730337079,0.6741573033707865,0.7191011235955056,0.7752808988764045,0.8202247191011236,0.8539325842696629,0.8651685393258427,0.8651685393258427,0.8651685393258427,0.8651685393258427,0.8651685393258427,0.8764044943820225,0.9101123595505618,0.9662921348314607,1.0,0.5221179565715334,0.36,0.467741935483871,0.5714285714285714,0.6233766233766234,0.6585365853658537,0.6896551724137931,0.711111111111111,0.7666666666666666,0.8111111111111111,0.8444444444444443,0.8555555555555555,0.7796610169491525,0.6904761904761905,0.5666666666666667,0.38095238095238093,0.14285714285714313,0,0.0,0.0,0.7392075694855115,
bookkeeper_NaiveBayes_BestFirst_SMOTE_yesCostSensitive_4.csv,1,0.74,0.7115384615384616,0.7254901960784313,0.4104596318043423,0.9491600353669319,0.8137276637254467,0.6722640607593757,0.15384615384615385,0.17307692307692307,0.3076923076923077,0.34615384615384615,0.4423076923076923,0.5192307692307693,0.6153846153846154,0.7115384615384616,0.7692307692307693,0.8269230769230769,0.9230769230769231,0.9615384615384616,0.9615384615384616,0.9615384615384616,0.9615384615384616,0.9615384615384616,0.9615384615384616,0.9615384615384616,1.0,0.7867678882266983,0.15384615384615385,0.17307692307692307,0.3076923076923077,0.34615384615384615,0.4423076923076923,0.5192307692307693,0.6153846153846154,0.7115384615384616,0.7692307692307693,0.8269230769230769,0.9230769230769231,0.9615384615384616,0.9615384615384616,0.9615384615384616,0.9615384615384616,0.9615384615384616,0.9615384615384616,0.9615384615384616,1.0,0.6808617538431203,0.25,0.23076923076923084,0.3555555555555555,0.36734693877551017,0.4423076923076923,0.5192307692307693,0.6153846153846154,0.7115384615384616,0.7692307692307693,0.8269230769230769,0.9230769230769231,0.9615384615384616,0.9615384615384616,0.9444444444444445,0.9130434782608696,0.8666666666666667,0.777777777777778,0.5,1,0.7115384615384616,
bookkeeper_NaiveBayes_BestFirst_SMOTE_yesCostSensitive_5.csv,3,0.26666666666666666,0.6101694915254238,0.3711340206185567,0.23653390527223014,0.8790446841294298,0.6600239139099243,0.24556446562900955,0.1694915254237288,0.3220338983050847,0.4067796610169492,0.4745762711864407,0.5084745762711864,0.5423728813559322,0.5932203389830508,0.6101694915254238,0.6101694915254238,0.6101694915254238,0.6101694915254238,0.6101694915254238,0.6610169491525424,0.7457627118644068,0.7796610169491526,0.864406779661017,0.9322033898305084,0.9661016949152542,1.0,0.5101992145367366,0.1694915254237288,0.3220338983050847,0.4067796610169492,0.4745762711864407,0.5084745762711864,0.5423728813559322,0.5932203389830508,0.6101694915254238,0.6101694915254238,0.6101694915254238,0.6101694915254238,0.6101694915254238,0.6610169491525424,0.7457627118644068,0.7796610169491526,0.864406779661017,0.9322033898305084,0.9661016949152542,1.0,0.5905783638218396,0.2272727272727273,0.3653846153846153,0.42105263157894746,0.47457627118644075,0.5084745762711864,0.5423728813559322,0.5932203389830508,0.6101694915254238,0.6101694915254238,0.6101694915254238,0.6101694915254238,0.6101694915254238,0.6610169491525424,0.7457627118644068,0.6976744186046513,0.6666666666666667,0.6666666666666665,0.5999999999999998,1,0.632471008028546,
bookkeeper_NaiveBayes_NoSelection_NoSampling_noCostSensitive_1.csv,11,0.21311475409836064,0.1111111111111111,0.14606741573033707,0.22122284446253537,0.5785547785547787,0.18562874251497002,-0.3666831799854011,0.16379310344827586,0.19827586206896552,0.29310344827586204,0.3793103448275862,0.45689655172413796,0.5086206896551724,0.5775862068965517,0.646551724137931,0.646551724137931,0.646551724137931,0.6982758620689655,0.7844827586206896,0.8362068965517241,0.8706896551724138,0.9137931034482759,0.9310344827586207,0.9568965517241379,0.9827586206896551,1.0,0.07435009588749203,0.16379310344827586,0.19827586206896552,0.29310344827586204,0.3793103448275862,0.45689655172413796,0.5086206896551724,0.5775862068965517,0.646551724137931,0.646551724137931,0.646551724137931,0.6982758620689655,0.7844827586206896,0.8362068965517241,0.8706896551724138,0.9137931034482759,0.9310344827586207,0.9568965517241379,0.9827586206896551,1.0,0.07749307479224378,0.3653846153846154,0.3538461538461539,0.4473684210526315,0.23076923076923073,0.07500000000000018,0,0,0,0,0,0,0,0,0,0,0,0,0,0.0,0.6574410163339383,
bookkeeper_NaiveBayes_NoSelection_NoSampling_noCostSensitive_2.csv,0,0.43853820598006643,0.9496402877697842,0.6,0.4903444719491978,0.9502258658189727,0.03425457376411061,-0.09277262838674544,0.13768115942028986,0.26811594202898553,0.38405797101449274,0.4492753623188406,0.5434782608695652,0.644927536231884,0.7101449275362319,0.7753623188405797,0.8260869565217391,0.8695652173913043,0.9057971014492754,0.9347826086956522,0.9565217391304348,0.9927536231884058,1.0,1.0,1.0,1.0,1.0,0.10325495001361495,0.13768115942028986,0.26811594202898553,0.38405797101449274,0.4492753623188406,0.5434782608695652,0.644927536231884,0.7101449275362319,0.7753623188405797,0.8260869565217391,0.8695652173913043,0.9057971014492754,0.9347826086956522,0.9565217391304348,0.9927536231884058,1.0,1.0,1.0,1.0,1.0,0.1648402857703897,0.28787878787878785,0.451219512195122,0.5340909090909091,0.29508196721311475,0.17391304347826086,0.16216216216216206,0.10000000000000042,0.07999999999999974,0.04761904761904778,0.0,0,0,0,0.0,1,0.0,0.0,0.0,0.0,0.757818459191457,
bookkeeper_NaiveBayes_NoSelection_NoSampling_noCostSensitive_3.csv,0,0.6129032258064516,0.2111111111111111,0.3140495867768595,0.5836185793965679,0.9579692051602164,0.34578738893052136,0.25623165272162973,0.08888888888888889,0.13333333333333333,0.17777777777777778,0.2111111111111111,0.2111111111111111,0.3111111111111111,0.4222222222222222,0.6444444444444445,0.7666666666666667,0.8222222222222222,0.8555555555555555,0.8777777777777778,0.9111111111111111,0.9444444444444444,0.9777777777777777,1.0,1.0,1.0,1.0,0.45146590307301165,0.08888888888888889,0.13333333333333333,0.17777777777777778,0.2111111111111111,0.2111111111111111,0.3111111111111111,0.4222222222222222,0.6444444444444445,0.7666666666666667,0.8222222222222222,0.8555555555555555,0.8777777777777778,0.9111111111111111,0.9444444444444444,0.9777777777777777,1.0,1.0,1.0,1.0,0.6449846810904446,0.16000000000000003,0.19354838709677413,0.22857142857142865,0.24675324675324684,0.23170731707317072,0.32183908045977017,0.4222222222222223,0.6444444444444445,0.7666666666666667,0.8222222222222222,0.8555555555555555,0.8135593220338984,0.8095238095238095,0.8333333333333333,0.9047619047619047,1.0,1.0,1.0,1,0.6502923976608187,
bookkeeper_NaiveBayes_NoSelection_NoSampling_noCostSensitive_4.csv,0,0.875,0.2692307692307692,0.4117647058823529,0.8232581879687686,0.9944002357795462,0.4235486508585445,0.4420467598412874,0.23076923076923078,0.3269230769230769,0.5,0.6346153846153846,0.6538461538461539,0.7307692307692307,0.7307692307692307,0.7692307692307693,0.8269230769230769,0.8269230769230769,0.8653846153846154,0.9423076923076923,0.9807692307692307,1.0,1.0,1.0,1.0,1.0,1.0,0.73832503898702,0.23076923076923078,0.3269230769230769,0.5,0.6346153846153846,0.6538461538461539,0.7307692307692307,0.7307692307692307,0.7692307692307693,0.8269230769230769,0.8269230769230769,0.8653846153846154,0.9423076923076923,0.9807692307692307,1.0,1.0,1.0,1.0,1.0,1.0,0.8099509304396522,0.375,0.4358974358974359,0.5777777777777777,0.673469387755102,0.6538461538461539,0.7307692307692307,0.7307692307692307,0.7692307692307693,0.8269230769230769,0.8269230769230769,0.8653846153846154,0.9423076923076923,0.9807692307692307,1.0,1.0,1.0,1.0,1.0,1,0.7904858299595141,
bookkeeper_NaiveBayes_NoSelection_NoSampling_noCostSensitive_5.csv,4,0.5555555555555556,0.0847457627118644,0.14705882352941177,0.47659474640231103,0.9834360554699537,0.15610981518033376,0.17581395683221004,0.2033898305084746,0.3559322033898305,0.5254237288135594,0.6271186440677966,0.6271186440677966,0.6779661016949152,0.7288135593220338,0.8135593220338984,0.8135593220338984,0.8813559322033898,0.9491525423728814,0.9661016949152542,1.0,1.0,1.0,1.0,1.0,1.0,1.0,0.6597069035316491,0.2033898305084746,0.3559322033898305,0.5254237288135594,0.6271186440677966,0.6271186440677966,0.6779661016949152,0.7288135593220338,0.8135593220338984,0.8135593220338984,0.8813559322033898,0.9491525423728814,0.9661016949152542,1.0,1.0,1.0,1.0,1.0,1.0,1.0,0.8055357283372683,0.2727272727272727,0.40384615384615397,0.5438596491228072,0.6271186440677966,0.6271186440677966,0.6779661016949152,0.7288135593220338,0.8135593220338984,0.8135593220338984,0.8813559322033898,0.9491525423728814,0.9661016949152542,1.0,1.0,1.0,1.0,1.0,1.0,1,0.7983942908117752,
bookkeeper_NaiveBayes_NoSelection_NoSampling_yesCostSensitive_1.csv,11,0.21311475409836064,0.1111111111111111,0.14606741573033707,0.22122284446253537,0.5785547785547787,0.18562874251497002,-0.3666831799854011,0.16379310344827586,0.19827586206896552,0.29310344827586204,0.3793103448275862,0.45689655172413796,0.5086206896551724,0.5775862068965517,0.646551724137931,0.646551724137931,0.646551724137931,0.6982758620689655,0.7844827586206896,0.8362068965517241,0.8706896551724138,0.9137931034482759,0.9310344827586207,0.9568965517241379,0.9827586206896551,1.0,0.07435009588749203,0.16379310344827586,0.19827586206896552,0.29310344827586204,0.3793103448275862,0.45689655172413796,0.5086206896551724,0.5775862068965517,0.646551724137931,0.646551724137931,0.646551724137931,0.6982758620689655,0.7844827586206896,0.8362068965517241,0.8706896551724138,0.9137931034482759,0.9310344827586207,0.9568965517241379,0.9827586206896551,1.0,0.07749307479224378,0.3653846153846154,0.3538461538461539,0.4473684210526315,0.23076923076923073,0.07500000000000018,0,0,0,0,0,0,0,0,0,0,0,0,0,0.0,0.6574410163339383,
bookkeeper_NaiveBayes_NoSelection_NoSampling_yesCostSensitive_2.csv,0,0.43853820598006643,0.9496402877697842,0.6,0.4898164307619852,0.9499330767943784,0.03425457376411061,-0.09277262838674544,0.13768115942028986,0.26811594202898553,0.38405797101449274,0.4492753623188406,0.5434782608695652,0.644927536231884,0.7101449275362319,0.7753623188405797,0.8260869565217391,0.8695652173913043,0.8985507246376812,0.9347826086956522,0.9565217391304348,0.9927536231884058,1.0,1.0,1.0,1.0,1.0,0.10449488466176528,0.13768115942028986,0.26811594202898553,0.38405797101449274,0.4492753623188406,0.5434782608695652,0.644927536231884,0.7101449275362319,0.7753623188405797,0.8260869565217391,0.8695652173913043,0.8985507246376812,0.9347826086956522,0.9565217391304348,0.9927536231884058,1.0,1.0,1.0,1.0,1.0,0.1648402857703897,0.28787878787878785,0.451219512195122,0.5340909090909091,0.29508196721311475,0.17391304347826086,0.16216216216216206,0.10000000000000042,0.07999999999999974,0.04761904761904778,0.0,0,0,0,0.0,1,0.0,0.0,0.0,0.0,0.7574370709382151,
bookkeeper_NaiveBayes_NoSelection_NoSampling_yesCostSensitive_3.csv,0,0.625,0.2222222222222222,0.32786885245901637,0.5893259463209438,0.9553890969621307,0.3605514316012725,0.26947348815460126,0.08888888888888889,0.13333333333333333,0.17777777777777778,0.2111111111111111,0.23333333333333334,0.3111111111111111,0.4222222222222222,0.6444444444444445,0.7666666666666667,0.8222222222222222,0.8555555555555555,0.8777777777777778,0.9111111111111111,0.9444444444444444,0.9777777777777777,1.0,1.0,1.0,1.0,0.45146590307301165,0.08888888888888889,0.13333333333333333,0.17777777777777778,0.2111111111111111,0.23333333333333334,0.3111111111111111,0.4222222222222222,0.6444444444444445,0.7666666666666667,0.8222222222222222,0.8555555555555555,0.8777777777777778,0.9111111111111111,0.9444444444444444,0.9777777777777777,1.0,1.0,1.0,1.0,0.6462683781379414,0.16000000000000003,0.19354838709677413,0.22857142857142865,0.24675324675324684,0.25609756097560965,0.32183908045977017,0.4222222222222223,0.6444444444444445,0.7666666666666667,0.8222222222222222,0.8555555555555555,0.8135593220338984,0.8095238095238095,0.8333333333333333,0.9047619047619047,1.0,1.0,1.0,1,0.6514619883040936,
bookkeeper_NaiveBayes_NoSelection_NoSampling_yesCostSensitive_4.csv,0,0.8823529411764706,0.28846153846153844,0.43478260869565216,0.8299872432272358,0.9918950781019746,0.4469884369786573,0.4611547720196799,0.25,0.3269230769230769,0.5,0.6346153846153846,0.6538461538461539,0.7307692307692307,0.7307692307692307,0.7692307692307693,0.8269230769230769,0.8269230769230769,0.8653846153846154,0.9423076923076923,0.9807692307692307,1.0,1.0,1.0,1.0,1.0,1.0,0.73832503898702,0.25,0.3269230769230769,0.5,0.6346153846153846,0.6538461538461539,0.7307692307692307,0.7307692307692307,0.7692307692307693,0.8269230769230769,0.8269230769230769,0.8653846153846154,0.9423076923076923,0.9807692307692307,1.0,1.0,1.0,1.0,1.0,1.0,0.8115956672817575,0.40625,0.4358974358974359,0.5777777777777777,0.673469387755102,0.6538461538461539,0.7307692307692307,0.7307692307692307,0.7692307692307693,0.8269230769230769,0.8269230769230769,0.8653846153846154,0.9423076923076923,0.9807692307692307,1.0,1.0,1.0,1.0,1.0,1,0.791497975708502,
bookkeeper_NaiveBayes_NoSelection_NoSampling_yesCostSensitive_5.csv,4,0.45454545454545453,0.0847457627118644,0.14285714285714285,0.43481329552995107,0.9834360554699537,0.15603860377018128,0.14708271735966394,0.2033898305084746,0.3559322033898305,0.5254237288135594,0.6271186440677966,0.6271186440677966,0.6779661016949152,0.7288135593220338,0.8135593220338984,0.8135593220338984,0.8813559322033898,0.9491525423728814,0.9661016949152542,1.0,1.0,1.0,1.0,1.0,1.0,1.0,0.6597069035316491,0.2033898305084746,0.3559322033898305,0.5254237288135594,0.6271186440677966,0.6271186440677966,0.6779661016949152,0.7288135593220338,0.8135593220338984,0.8135593220338984,0.8813559322033898,0.9491525423728814,0.9661016949152542,1.0,1.0,1.0,1.0,1.0,1.0,1.0,0.8055357283372683,0.2727272727272727,0.40384615384615397,0.5438596491228072,0.6271186440677966,0.6271186440677966,0.6779661016949152,0.7288135593220338,0.8135593220338984,0.8135593220338984,0.8813559322033898,0.9491525423728814,0.9661016949152542,1.0,1.0,1.0,1.0,1.0,1.0,1,0.7983942908117752,
bookkeeper_NaiveBayes_NoSelection_SMOTE_noCostSensitive_1.csv,11,0.21311475409836064,0.1111111111111111,0.14606741573033707,0.22122284446253537,0.5785547785547787,0.18562874251497002,-0.3666831799854011,0.16379310344827586,0.19827586206896552,0.29310344827586204,0.3793103448275862,0.45689655172413796,0.5086206896551724,0.5775862068965517,0.646551724137931,0.646551724137931,0.646551724137931,0.6982758620689655,0.7844827586206896,0.8362068965517241,0.8706896551724138,0.9137931034482759,0.9310344827586207,0.9568965517241379,0.9827586206896551,1.0,0.07435009588749203,0.16379310344827586,0.19827586206896552,0.29310344827586204,0.3793103448275862,0.45689655172413796,0.5086206896551724,0.5775862068965517,0.646551724137931,0.646551724137931,0.646551724137931,0.6982758620689655,0.7844827586206896,0.8362068965517241,0.8706896551724138,0.9137931034482759,0.9310344827586207,0.9568965517241379,0.9827586206896551,1.0,0.07749307479224378,0.3653846153846154,0.3538461538461539,0.4473684210526315,0.23076923076923073,0.07500000000000018,0,0,0,0,0,0,0,0,0,0,0,0,0,0.0,0.6574410163339383,
bookkeeper_NaiveBayes_NoSelection_SMOTE_noCostSensitive_2.csv,0,0.43853820598006643,0.9496402877697842,0.6,0.4903444719491978,0.950518654843567,0.03425457376411061,-0.09277262838674544,0.13768115942028986,0.26811594202898553,0.38405797101449274,0.4492753623188406,0.5434782608695652,0.644927536231884,0.7101449275362319,0.7753623188405797,0.8260869565217391,0.8695652173913043,0.9057971014492754,0.9347826086956522,0.9565217391304348,0.9927536231884058,1.0,1.0,1.0,1.0,1.0,0.10748920527482786,0.13768115942028986,0.26811594202898553,0.38405797101449274,0.4492753623188406,0.5434782608695652,0.644927536231884,0.7101449275362319,0.7753623188405797,0.8260869565217391,0.8695652173913043,0.9057971014492754,0.9347826086956522,0.9565217391304348,0.9927536231884058,1.0,1.0,1.0,1.0,1.0,0.1648402857703897,0.28787878787878785,0.451219512195122,0.5340909090909091,0.29508196721311475,0.17391304347826086,0.16216216216216206,0.10000000000000042,0.07999999999999974,0.04761904761904778,0.0,0,0,0,0.0,1,0.0,0.0,0.0,0.0,0.757818459191457,
bookkeeper_NaiveBayes_NoSelection_SMOTE_noCostSensitive_3.csv,0,0.8441558441558441,0.7222222222222222,0.7784431137724551,0.7748992707509088,0.9658759883478985,0.8224786006698921,0.7150225417943754,0.43333333333333335,0.5,0.5555555555555556,0.6111111111111112,0.6555555555555556,0.7,0.7222222222222222,0.7333333333333333,0.7666666666666667,0.8222222222222222,0.8555555555555555,0.8555555555555555,0.8888888888888888,0.9666666666666667,0.9777777777777777,1.0,1.0,1.0,1.0,0.5140037219606051,0.43333333333333335,0.5,0.5555555555555556,0.6111111111111112,0.6555555555555556,0.7,0.7222222222222222,0.7333333333333333,0.7666666666666667,0.8222222222222222,0.8555555555555555,0.8555555555555555,0.8888888888888888,0.9666666666666667,0.9777777777777777,1.0,1.0,1.0,1.0,0.822334509997715,0.78,0.7258064516129032,0.7142857142857143,0.7142857142857144,0.7195121951219512,0.7241379310344827,0.7222222222222222,0.7333333333333333,0.7666666666666667,0.8222222222222222,0.8555555555555555,0.7796610169491525,0.7619047619047619,0.9,0.9047619047619047,1.0,1.0,1.0,1,0.791812865497076,
bookkeeper_NaiveBayes_NoSelection_SMOTE_noCostSensitive_4.csv,2,0.8108108108108109,0.5769230769230769,0.6741573033707865,0.7564158490676062,0.9776009431181845,0.7244034604049814,0.6341772479882413,0.34615384615384615,0.4423076923076923,0.5384615384615384,0.6538461538461539,0.6538461538461539,0.7307692307692307,0.75,0.7692307692307693,0.8269230769230769,0.8269230769230769,0.8653846153846154,0.9423076923076923,0.9807692307692307,1.0,1.0,1.0,1.0,1.0,1.0,0.7713021130825152,0.34615384615384615,0.4423076923076923,0.5384615384615384,0.6538461538461539,0.6538461538461539,0.7307692307692307,0.75,0.7692307692307693,0.8269230769230769,0.8269230769230769,0.8653846153846154,0.9423076923076923,0.9807692307692307,1.0,1.0,1.0,1.0,1.0,1.0,0.832341958375793,0.5625,0.5897435897435896,0.6222222222222222,0.6938775510204083,0.6538461538461539,0.7307692307692307,0.75,0.7692307692307693,0.8269230769230769,0.8269230769230769,0.8653846153846154,0.9423076923076923,0.9807692307692307,1.0,1.0,1.0,1.0,1.0,1,0.8066801619433198,
bookkeeper_NaiveBayes_NoSelection_SMOTE_noCostSensitive_5.csv,0,0.65,0.22033898305084745,0.3291139240506329,0.6254904015180619,0.9819915254237288,0.35979302875937585,0.3266673254426101,0.22033898305084745,0.3728813559322034,0.5254237288135594,0.6271186440677966,0.6610169491525424,0.711864406779661,0.7457627118644068,0.8135593220338984,0.8135593220338984,0.8813559322033898,0.9491525423728814,0.9661016949152542,1.0,1.0,1.0,1.0,1.0,1.0,1.0,0.6538270592945067,0.22033898305084745,0.3728813559322034,0.5254237288135594,0.6271186440677966,0.6610169491525424,0.711864406779661,0.7457627118644068,0.8135593220338984,0.8135593220338984,0.8813559322033898,0.9491525423728814,0.9661016949152542,1.0,1.0,1.0,1.0,1.0,1.0,1.0,0.8122043496356844,0.2954545454545454,0.42307692307692313,0.5438596491228072,0.6271186440677966,0.6610169491525424,0.711864406779661,0.7457627118644068,0.8135593220338984,0.8135593220338984,0.8813559322033898,0.9491525423728814,0.9661016949152542,1.0,1.0,1.0,1.0,1.0,1.0,1,0.8046387154326494,
bookkeeper_NaiveBayes_NoSelection_SMOTE_yesCostSensitive_1.csv,13,0,0.0,0.0,0.04685622747296756,1.0,0.0,0,0.1896551724137931,0.27586206896551724,0.3793103448275862,0.47413793103448276,0.5431034482758621,0.6293103448275862,0.6810344827586207,0.7413793103448276,0.7931034482758621,0.8275862068965517,0.8706896551724138,0.9051724137931034,0.9224137931034483,0.9482758620689655,0.9741379310344828,0.9913793103448276,1.0,1.0,1.0,0.16940027848123637,0.1896551724137931,0.27586206896551724,0.3793103448275862,0.47413793103448276,0.5431034482758621,0.6293103448275862,0.6810344827586207,0.7413793103448276,0.7931034482758621,0.8275862068965517,0.8706896551724138,0.9051724137931034,0.9224137931034483,0.9482758620689655,0.9741379310344828,0.9913793103448276,1.0,1.0,1.0,0.17882508118277932,0.423076923076923,0.49230769230769234,0.5789473684210527,0.4423076923076923,0.3250000000000002,0.29032258064516125,0.1599999999999998,0.1428571428571429,0.16666666666666663,0.06666666666666643,0.14285714285714313,0.16666666666666596,0.0,0.0,0.0,0.0,0.0,0.0,0.0,0.7445553539019963,
bookkeeper_NaiveBayes_NoSelection_SMOTE_yesCostSensitive_2.csv,0,0.777027027027027,0.8273381294964028,0.8013937282229965,0.6797189144511465,0.9655763761084156,0.8176261476688577,0.632626316895175,0.34057971014492755,0.4492753623188406,0.5362318840579711,0.6014492753623188,0.6594202898550725,0.7028985507246377,0.7391304347826086,0.7753623188405797,0.8043478260869565,0.8188405797101449,0.8260869565217391,0.8260869565217391,0.8260869565217391,0.8260869565217391,0.8260869565217391,0.8405797101449275,0.9057971014492754,0.9492753623188406,1.0,0.21271404412369996,0.34057971014492755,0.4492753623188406,0.5362318840579711,0.6014492753623188,0.6594202898550725,0.7028985507246377,0.7391304347826086,0.7753623188405797,0.8043478260869565,0.8188405797101449,0.8260869565217391,0.8260869565217391,0.8260869565217391,0.8260869565217391,0.8260869565217391,0.8405797101449275,0.9057971014492754,0.9492753623188406,1.0,0.2680916394876669,0.7121212121212122,0.7560975609756098,0.7727272727272728,0.639344262295082,0.5217391304347828,0.3783783783783784,0.23333333333333328,0.07999999999999974,0,0,0,0,0,0,1,0,0,0,0.0,0.7501906941266209,
bookkeeper_NaiveBayes_NoSelection_SMOTE_yesCostSensitive_3.csv,2,0.41714285714285715,0.8111111111111111,0.5509433962264151,0.3701865217626907,0.9278401997503121,0.7014938411810955,0.3727084019265048,0.2222222222222222,0.3333333333333333,0.45555555555555555,0.5444444444444444,0.6111111111111112,0.6777777777777778,0.7333333333333333,0.7777777777777778,0.8,0.8222222222222222,0.8444444444444444,0.8888888888888888,0.9333333333333333,0.9666666666666667,1.0,1.0,1.0,1.0,1.0,0.7943689943919073,0.2222222222222222,0.3333333333333333,0.45555555555555555,0.5444444444444444,0.6111111111111112,0.6777777777777778,0.7333333333333333,0.7777777777777778,0.8,0.8222222222222222,0.8444444444444444,0.8888888888888888,0.9333333333333333,0.9666666666666667,1.0,1.0,1.0,1.0,1.0,0.7917504806274313,0.3999999999999999,0.4838709677419355,0.5857142857142856,0.6363636363636364,0.6707317073170732,0.7011494252873564,0.7333333333333333,0.7777777777777778,0.8,0.8222222222222222,0.8444444444444444,0.8305084745762711,0.8571428571428572,0.9,1.0,1.0,1.0,1.0,1,0.7690058479532164,
bookkeeper_NaiveBayes_NoSelection_SMOTE_yesCostSensitive_4.csv,2,0.3305084745762712,0.75,0.4588235294117647,0.300861349304514,0.9185823754789271,0.7227001985440105,0.3435421252951154,0.15384615384615385,0.28846153846153844,0.40384615384615385,0.5,0.5769230769230769,0.6346153846153846,0.6923076923076923,0.75,0.75,0.7692307692307693,0.8269230769230769,0.8461538461538461,0.9038461538461539,0.9615384615384616,1.0,1.0,1.0,1.0,1.0,0.7398729918242013,0.15384615384615385,0.28846153846153844,0.40384615384615385,0.5,0.5769230769230769,0.6346153846153846,0.6923076923076923,0.75,0.75,0.7692307692307693,0.8269230769230769,0.8461538461538461,0.9038461538461539,0.9615384615384616,1.0,1.0,1.0,1.0,1.0,0.7540178284539186,0.25,0.3846153846153846,0.4666666666666667,0.5306122448979592,0.5769230769230769,0.6346153846153846,0.6923076923076923,0.75,0.75,0.7692307692307693,0.8269230769230769,0.8461538461538461,0.9038461538461539,0.9444444444444445,1.0,1.0,1.0,1.0,1,0.7398785425101215,
bookkeeper_NaiveBayes_NoSelection_SMOTE_yesCostSensitive_5.csv,1,0.26356589147286824,0.576271186440678,0.3617021276595745,0.23493619894169154,0.8750481510015411,0.64413401643876,0.23149689821868327,0.1724137931034483,0.3275862068965517,0.43103448275862066,0.46551724137931033,0.5172413793103449,0.5344827586206896,0.5862068965517241,0.5862068965517241,0.5862068965517241,0.5862068965517241,0.5862068965517241,0.5862068965517241,0.6896551724137931,0.7586206896551724,0.8103448275862069,0.896551724137931,0.9482758620689655,0.9827586206896551,1.0,0.5149215195042218,0.1724137931034483,0.3275862068965517,0.43103448275862066,0.46551724137931033,0.5172413793103449,0.5344827586206896,0.5862068965517241,0.5862068965517241,0.5862068965517241,0.5862068965517241,0.5862068965517241,0.5862068965517241,0.6896551724137931,0.7586206896551724,0.8103448275862069,0.896551724137931,0.9482758620689655,0.9827586206896551,1.0,0.5315823906513556,0.2272727272727273,0.3653846153846154,0.4385964912280702,0.4576271186440678,0.5084745762711865,0.5254237288135593,0.576271186440678,0.576271186440678,0.576271186440678,0.576271186440678,0.576271186440678,0.576271186440678,0.6779661016949153,0.7457627118644068,0.7209302325581395,0.7083333333333335,0.666666666666667,0.6000000000000003,0.0,0.6343012704174228,
bookkeeper_RandomForest_BestFirst_NoSampling_noCostSensitive_1.csv,13,0,0.0,0.0,0.04685622747296756,1.0,0.0,0,0.1810344827586207,0.28448275862068967,0.3793103448275862,0.47413793103448276,0.5517241379310345,0.6206896551724138,0.6810344827586207,0.7413793103448276,0.7931034482758621,0.8275862068965517,0.8706896551724138,0.9051724137931034,0.9224137931034483,0.9482758620689655,0.9741379310344828,0.9913793103448276,1.0,1.0,1.0,0.17824064863739597,0.1810344827586207,0.28448275862068967,0.3793103448275862,0.47413793103448276,0.5517241379310345,0.6206896551724138,0.6810344827586207,0.7413793103448276,0.7931034482758621,0.8275862068965517,0.8706896551724138,0.9051724137931034,0.9224137931034483,0.9482758620689655,0.9741379310344828,0.9913793103448276,1.0,1.0,1.0,0.17824064863739597,0.40384615384615374,0.5076923076923078,0.5789473684210527,0.4423076923076923,0.35,0.25806451612903236,0.1599999999999998,0.1428571428571429,0.16666666666666663,0.06666666666666643,0.14285714285714313,0.16666666666666596,0.0,0.0,0.0,0.0,0.0,0.0,0.0,0.7445553539019963,
bookkeeper_RandomForest_BestFirst_NoSampling_noCostSensitive_2.csv,0,0.859375,0.7913669064748201,0.8239700374531835,0.8520780424717505,0.9429479672076293,0.8401527550463721,0.6937741245191913,0.3597122302158273,0.45323741007194246,0.5323741007194245,0.6115107913669064,0.6618705035971223,0.7122302158273381,0.7482014388489209,0.7841726618705036,0.8345323741007195,0.8633093525179856,0.8992805755395683,0.935251798561151,0.9424460431654677,0.9640287769784173,0.9640287769784173,0.9640287769784173,0.9640287769784173,0.9712230215827338,1.0,0.18112930266489893,0.3597122302158273,0.45323741007194246,0.5323741007194245,0.6115107913669064,0.6618705035971223,0.7122302158273381,0.7482014388489209,0.7841726618705036,0.8345323741007195,0.8633093525179856,0.8992805755395683,0.935251798561151,0.9424460431654677,0.9640287769784173,0.9640287769784173,0.9640287769784173,0.9640287769784173,0.9712230215827338,1.0,0.3447102472068413,0.7575757575757576,0.7682926829268293,0.7727272727272727,0.6721311475409837,0.5434782608695652,0.4324324324324327,0.30000000000000016,0.16000000000000025,0.1428571428571428,0.0,0,0.0,0,0,1,0,0,0,1,0.7981825066262779,
bookkeeper_RandomForest_BestFirst_NoSampling_noCostSensitive_3.csv,0,0.8024691358024691,0.7222222222222222,0.7602339181286549,0.7744483725088315,0.9378277153558053,0.8168732006508949,0.6866457037556194,0.4,0.4777777777777778,0.5555555555555556,0.6111111111111112,0.6555555555555556,0.7,0.7111111111111111,0.7444444444444445,0.8,0.8222222222222222,0.8444444444444444,0.8777777777777778,0.9111111111111111,0.9555555555555556,0.9777777777777777,0.9777777777777777,0.9777777777777777,0.9777777777777777,1.0,0.7685156187221239,0.4,0.4777777777777778,0.5555555555555556,0.6111111111111112,0.6555555555555556,0.7,0.7111111111111111,0.7444444444444445,0.8,0.8222222222222222,0.8444444444444444,0.8777777777777778,0.9111111111111111,0.9555555555555556,0.9777777777777777,0.9777777777777777,0.9777777777777777,0.9777777777777777,1.0,0.7741919328513681,0.72,0.6935483870967742,0.7142857142857143,0.7142857142857144,0.7195121951219512,0.7241379310344827,0.7111111111111111,0.7444444444444445,0.8,0.8222222222222222,0.8444444444444444,0.8135593220338984,0.8095238095238095,0.8666666666666668,0.9047619047619047,0.857142857142857,0.7499999999999997,0.4999999999999988,1,0.7883040935672515,
bookkeeper_RandomForest_BestFirst_NoSampling_noCostSensitive_4.csv,2,0.6530612244897959,0.6153846153846154,0.6336633663366337,0.6080362726035923,0.8670792808723841,0.7422053231939164,0.5636147890798398,0.2549019607843137,0.35294117647058826,0.49019607843137253,0.5490196078431373,0.6274509803921569,0.7254901960784313,0.803921568627451,0.8235294117647058,0.8235294117647058,0.8627450980392157,0.8627450980392157,0.8627450980392157,0.8627450980392157,0.8627450980392157,0.8627450980392157,0.8627450980392157,0.9215686274509803,0.9607843137254902,1.0,0.6155503850604375,0.2549019607843137,0.35294117647058826,0.49019607843137253,0.5490196078431373,0.6274509803921569,0.7254901960784313,0.803921568627451,0.8235294117647058,0.8235294117647058,0.8627450980392157,0.8627450980392157,0.8627450980392157,0.8627450980392157,0.8627450980392157,0.8627450980392157,0.8627450980392157,0.9215686274509803,0.9607843137254902,1.0,0.6158536845178723,0.40625,0.46153846153846156,0.5555555555555556,0.5714285714285714,0.6153846153846154,0.7115384615384616,0.7884615384615385,0.8076923076923077,0.8076923076923077,0.8461538461538463,0.8461538461538463,0.8461538461538463,0.8461538461538463,0.7777777777777779,0.6521739130434785,0.466666666666667,0.4444444444444443,0.25000000000000067,0.0,0.7564499484004128,
bookkeeper_RandomForest_BestFirst_NoSampling_noCostSensitive_5.csv,0,0.5957446808510638,0.4745762711864407,0.5283018867924528,0.5763583115310807,0.8267526964560863,0.6320713147815477,0.4634105865526426,0.2711864406779661,0.3898305084745763,0.423728813559322,0.5084745762711864,0.5932203389830508,0.6440677966101694,0.6779661016949152,0.711864406779661,0.7627118644067796,0.7796610169491526,0.7796610169491526,0.864406779661017,0.9152542372881356,0.9661016949152542,1.0,1.0,1.0,1.0,1.0,0.7566389351919188,0.2711864406779661,0.3898305084745763,0.423728813559322,0.5084745762711864,0.5932203389830508,0.6440677966101694,0.6779661016949152,0.711864406779661,0.7627118644067796,0.7796610169491526,0.7796610169491526,0.864406779661017,0.9152542372881356,0.9661016949152542,1.0,1.0,1.0,1.0,1.0,0.760417388298979,0.36363636363636365,0.4423076923076923,0.4385964912280702,0.5084745762711864,0.5932203389830508,0.6440677966101694,0.6779661016949152,0.711864406779661,0.7627118644067796,0.7796610169491526,0.7796610169491526,0.864406779661017,0.9152542372881356,0.9661016949152542,1.0,1.0,1.0,1.0,1,0.7520071364852811,
bookkeeper_RandomForest_BestFirst_NoSampling_yesCostSensitive_1.csv,13,0,0.0,0.0,0.04685622747296756,1.0,0.0,0,0.1810344827586207,0.28448275862068967,0.3793103448275862,0.47413793103448276,0.5517241379310345,0.6206896551724138,0.6810344827586207,0.7413793103448276,0.7931034482758621,0.8275862068965517,0.8706896551724138,0.9051724137931034,0.9224137931034483,0.9482758620689655,0.9741379310344828,0.9913793103448276,1.0,1.0,1.0,0.17824064863739597,0.1810344827586207,0.28448275862068967,0.3793103448275862,0.47413793103448276,0.5517241379310345,0.6206896551724138,0.6810344827586207,0.7413793103448276,0.7931034482758621,0.8275862068965517,0.8706896551724138,0.9051724137931034,0.9224137931034483,0.9482758620689655,0.9741379310344828,0.9913793103448276,1.0,1.0,1.0,0.17824064863739597,0.40384615384615374,0.5076923076923078,0.5789473684210527,0.4423076923076923,0.35,0.25806451612903236,0.1599999999999998,0.1428571428571429,0.16666666666666663,0.06666666666666643,0.14285714285714313,0.16666666666666596,0.0,0.0,0.0,0.0,0.0,0.0,0.0,0.7445553539019963,
bookkeeper_RandomForest_BestFirst_NoSampling_yesCostSensitive_2.csv,0,0.7485029940119761,0.8992805755395683,0.8169934640522876,0.7408206888849836,0.9183118621381964,0.8213292898660601,0.6531848669867991,0.30935251798561153,0.4172661870503597,0.5107913669064749,0.5683453237410072,0.6330935251798561,0.697841726618705,0.7553956834532374,0.8057553956834532,0.8489208633093526,0.8776978417266187,0.9064748201438849,0.9280575539568345,0.9496402877697842,0.9640287769784173,0.9640287769784173,0.9640287769784173,0.9640287769784173,0.9640287769784173,1.0,0.22042347335388013,0.30935251798561153,0.4172661870503597,0.5107913669064749,0.5683453237410072,0.6330935251798561,0.697841726618705,0.7553956834532374,0.8057553956834532,0.8489208633093526,0.8776978417266187,0.9064748201438849,0.9280575539568345,0.9496402877697842,0.9640287769784173,0.9640287769784173,0.9640287769784173,0.9640287769784173,0.9640287769784173,1.0,0.34080078041507583,0.6515151515151516,0.7073170731707317,0.7386363636363638,0.5737704918032789,0.4565217391304346,0.3783783783783785,0.33333333333333337,0.28000000000000014,0.23809523809523814,0.11764705882352955,0.0,0,0,0,1,0,0,0,1,0.7909882620219614,
bookkeeper_RandomForest_BestFirst_NoSampling_yesCostSensitive_3.csv,0,0.6568627450980392,0.7444444444444445,0.6979166666666666,0.5219336864772941,0.9209321681231792,0.8018777889550931,0.5895504257788274,0.2247191011235955,0.2696629213483146,0.3595505617977528,0.4606741573033708,0.5393258426966292,0.6067415730337079,0.651685393258427,0.7303370786516854,0.797752808988764,0.8314606741573034,0.8651685393258427,0.898876404494382,0.9438202247191011,0.9775280898876404,0.9887640449438202,1.0,1.0,1.0,1.0,0.7062579959786802,0.2247191011235955,0.2696629213483146,0.3595505617977528,0.4606741573033708,0.5393258426966292,0.6067415730337079,0.651685393258427,0.7303370786516854,0.797752808988764,0.8314606741573034,0.8651685393258427,0.898876404494382,0.9438202247191011,0.9775280898876404,0.9887640449438202,1.0,1.0,1.0,1.0,0.6769516142642464,0.3999999999999999,0.3870967741935484,0.4571428571428571,0.5324675324675325,0.5853658536585366,0.6206896551724139,0.6444444444444445,0.7222222222222222,0.7888888888888888,0.8222222222222222,0.8555555555555555,0.8305084745762711,0.857142857142857,0.8999999999999998,0.9047619047619045,0.9285714285714284,0.8749999999999997,0.7499999999999993,0.0,0.7445298639858072,
bookkeeper_RandomForest_BestFirst_NoSampling_yesCostSensitive_4.csv,2,0.2867132867132867,0.7884615384615384,0.4205128205128205,0.3930157127339032,0.8249336870026528,0.6873319626759449,0.2971241916170571,0.17307692307692307,0.28846153846153844,0.38461538461538464,0.46153846153846156,0.5769230769230769,0.6153846153846154,0.6538461538461539,0.7115384615384616,0.7884615384615384,0.8461538461538461,0.8653846153846154,0.9230769230769231,0.9423076923076923,0.9615384615384616,0.9615384615384616,0.9615384615384616,0.9615384615384616,0.9615384615384616,1.0,0.6951000216139969,0.17307692307692307,0.28846153846153844,0.38461538461538464,0.46153846153846156,0.5769230769230769,0.6153846153846154,0.6538461538461539,0.7115384615384616,0.7884615384615384,0.8461538461538461,0.8653846153846154,0.9230769230769231,0.9423076923076923,0.9615384615384616,0.9615384615384616,0.9615384615384616,0.9615384615384616,0.9615384615384616,1.0,0.7118481598765188,0.28125,0.3846153846153846,0.4444444444444444,0.4897959183673469,0.5769230769230769,0.6153846153846154,0.6538461538461539,0.7115384615384616,0.7884615384615384,0.8461538461538461,0.8653846153846154,0.9230769230769231,0.9423076923076923,0.9444444444444445,0.9130434782608696,0.8666666666666667,0.777777777777778,0.5,1,0.7388663967611336,
bookkeeper_RandomForest_BestFirst_NoSampling_yesCostSensitive_5.csv,0,0.25333333333333335,0.6440677966101694,0.36363636363636365,0.3605690780599458,0.7721976117103238,0.6624055781522371,0.237354313830233,0.2033898305084746,0.3389830508474576,0.4406779661016949,0.5423728813559322,0.5932203389830508,0.6271186440677966,0.6610169491525424,0.7457627118644068,0.7627118644067796,0.8135593220338984,0.8135593220338984,0.8813559322033898,0.9152542372881356,0.9322033898305084,0.9491525423728814,0.9491525423728814,0.9491525423728814,0.9491525423728814,1.0,0.6237616918051201,0.2033898305084746,0.3389830508474576,0.4406779661016949,0.5423728813559322,0.5932203389830508,0.6271186440677966,0.6610169491525424,0.7457627118644068,0.7627118644067796,0.8135593220338984,0.8135593220338984,0.8813559322033898,0.9152542372881356,0.9322033898305084,0.9491525423728814,0.9491525423728814,0.9491525423728814,0.9491525423728814,1.0,0.7029921662936697,0.2727272727272727,0.3846153846153846,0.45614035087719307,0.5423728813559322,0.5932203389830508,0.6271186440677966,0.6610169491525424,0.7457627118644068,0.7627118644067796,0.8135593220338984,0.8135593220338984,0.8813559322033898,0.9152542372881356,0.9322033898305084,0.930232558139535,0.8750000000000001,0.7500000000000001,0.40000000000000024,1,0.7404103479036575,
bookkeeper_RandomForest_BestFirst_SMOTE_noCostSensitive_1.csv,13,0,0.0,0.0,0.04685622747296756,1.0,0.0,0,0.1810344827586207,0.28448275862068967,0.3793103448275862,0.47413793103448276,0.5517241379310345,0.6206896551724138,0.6810344827586207,0.7413793103448276,0.7931034482758621,0.8275862068965517,0.8706896551724138,0.9051724137931034,0.9224137931034483,0.9482758620689655,0.9741379310344828,0.9913793103448276,1.0,1.0,1.0,0.17824064863739597,0.1810344827586207,0.28448275862068967,0.3793103448275862,0.47413793103448276,0.5517241379310345,0.6206896551724138,0.6810344827586207,0.7413793103448276,0.7931034482758621,0.8275862068965517,0.8706896551724138,0.9051724137931034,0.9224137931034483,0.9482758620689655,0.9741379310344828,0.9913793103448276,1.0,1.0,1.0,0.17824064863739597,0.40384615384615374,0.5076923076923078,0.5789473684210527,0.4423076923076923,0.35,0.25806451612903236,0.1599999999999998,0.1428571428571429,0.16666666666666663,0.06666666666666643,0.14285714285714313,0.16666666666666596,0.0,0.0,0.0,0.0,0.0,0.0,0.0,0.7445553539019963,
bookkeeper_RandomForest_BestFirst_SMOTE_noCostSensitive_2.csv,0,0.859375,0.7913669064748201,0.8239700374531835,0.8476809860018644,0.932491216329262,0.8401527550463721,0.6937741245191913,0.35251798561151076,0.45323741007194246,0.5251798561151079,0.6115107913669064,0.6618705035971223,0.7122302158273381,0.7553956834532374,0.7913669064748201,0.8201438848920863,0.8489208633093526,0.8992805755395683,0.935251798561151,0.9496402877697842,0.9496402877697842,0.9496402877697842,0.9496402877697842,0.9496402877697842,0.9640287769784173,1.0,0.18147601925875512,0.35251798561151076,0.45323741007194246,0.5251798561151079,0.6115107913669064,0.6618705035971223,0.7122302158273381,0.7553956834532374,0.7913669064748201,0.8201438848920863,0.8489208633093526,0.8992805755395683,0.935251798561151,0.9496402877697842,0.9496402877697842,0.9496402877697842,0.9496402877697842,0.9496402877697842,0.9640287769784173,1.0,0.3421618307110563,0.7424242424242424,0.7682926829268293,0.7613636363636362,0.6721311475409837,0.5434782608695652,0.4324324324324327,0.33333333333333337,0.19999999999999996,0.04761904761904734,0,0,0.0,0,0,1,0,0,0,1,0.7936387731919727,
bookkeeper_RandomForest_BestFirst_SMOTE_noCostSensitive_3.csv,0,0.7272727272727273,0.7111111111111111,0.7191011235955056,0.6754329565152972,0.8951727007906786,0.7983982750654552,0.6259033340112686,0.32222222222222224,0.4444444444444444,0.5111111111111111,0.5888888888888889,0.6444444444444445,0.7,0.7666666666666667,0.8,0.8333333333333334,0.8777777777777778,0.9222222222222223,0.9555555555555556,0.9555555555555556,0.9777777777777777,0.9777777777777777,0.9777777777777777,0.9777777777777777,0.9888888888888889,1.0,0.6984508083104654,0.32222222222222224,0.4444444444444444,0.5111111111111111,0.5888888888888889,0.6444444444444445,0.7,0.7666666666666667,0.8,0.8333333333333334,0.8777777777777778,0.9222222222222223,0.9555555555555556,0.9555555555555556,0.9777777777777777,0.9777777777777777,0.9777777777777777,0.9777777777777777,0.9888888888888889,1.0,0.8018039068322552,0.5800000000000001,0.6451612903225806,0.657142857142857,0.6883116883116884,0.7073170731707318,0.7241379310344827,0.7666666666666667,0.8,0.8333333333333334,0.8777777777777778,0.9222222222222223,0.9322033898305085,0.9047619047619049,0.9333333333333332,0.9047619047619047,0.857142857142857,0.7499999999999997,0.7500000000000007,1,0.8011695906432749,
bookkeeper_RandomForest_BestFirst_SMOTE_noCostSensitive_4.csv,2,0.6538461538461539,0.6538461538461539,0.6538461538461539,0.6071235545309333,0.8708370173887416,0.7682008368200837,0.5848806366047745,0.2692307692307692,0.38461538461538464,0.4807692307692308,0.5576923076923077,0.6153846153846154,0.6923076923076923,0.7692307692307693,0.8076923076923077,0.8076923076923077,0.8076923076923077,0.8076923076923077,0.8461538461538461,0.9038461538461539,0.9423076923076923,1.0,1.0,1.0,1.0,1.0,0.8053876105097909,0.2692307692307692,0.38461538461538464,0.4807692307692308,0.5576923076923077,0.6153846153846154,0.6923076923076923,0.7692307692307693,0.8076923076923077,0.8076923076923077,0.8076923076923077,0.8076923076923077,0.8461538461538461,0.9038461538461539,0.9423076923076923,1.0,1.0,1.0,1.0,1.0,0.7932669356541537,0.4375,0.5128205128205128,0.5555555555555556,0.5918367346938775,0.6153846153846154,0.6923076923076923,0.7692307692307693,0.8076923076923077,0.8076923076923077,0.8076923076923077,0.8076923076923077,0.8461538461538461,0.9038461538461539,0.9166666666666666,1.0,1.0,1.0,1.0,1,0.7732793522267206,
bookkeeper_RandomForest_BestFirst_SMOTE_noCostSensitive_5.csv,0,0.6363636363636364,0.4745762711864407,0.5436893203883495,0.5766073671139185,0.8158705701078581,0.6339622641509434,0.4866519522190662,0.2711864406779661,0.3728813559322034,0.423728813559322,0.5084745762711864,0.5932203389830508,0.6101694915254238,0.6949152542372882,0.711864406779661,0.7457627118644068,0.7796610169491526,0.8813559322033898,0.9152542372881356,1.0,1.0,1.0,1.0,1.0,1.0,1.0,0.7641231993666381,0.2711864406779661,0.3728813559322034,0.423728813559322,0.5084745762711864,0.5932203389830508,0.6101694915254238,0.6949152542372882,0.711864406779661,0.7457627118644068,0.7796610169491526,0.8813559322033898,0.9152542372881356,1.0,1.0,1.0,1.0,1.0,1.0,1.0,0.7718940917917396,0.36363636363636365,0.42307692307692313,0.4385964912280702,0.5084745762711864,0.5932203389830508,0.6101694915254238,0.6949152542372882,0.711864406779661,0.7457627118644068,0.7796610169491526,0.8813559322033898,0.9152542372881356,1.0,1.0,1.0,1.0,1.0,1.0,1,0.7636039250669046,
bookkeeper_RandomForest_BestFirst_SMOTE_yesCostSensitive_1.csv,4,0,0.0,0.0,0.04685622747296756,1.0,0.0,0,0.22413793103448276,0.3103448275862069,0.3793103448275862,0.46551724137931033,0.5172413793103449,0.5862068965517241,0.6637931034482759,0.7155172413793104,0.7758620689655172,0.8275862068965517,0.8706896551724138,0.896551724137931,0.9224137931034483,0.9482758620689655,0.9741379310344828,0.9913793103448276,1.0,1.0,1.0,0.1651875133177072,0.22413793103448276,0.3103448275862069,0.3793103448275862,0.46551724137931033,0.5172413793103449,0.5862068965517241,0.6637931034482759,0.7155172413793104,0.7758620689655172,0.8275862068965517,0.8706896551724138,0.896551724137931,0.9224137931034483,0.9482758620689655,0.9741379310344828,0.9913793103448276,1.0,1.0,1.0,0.15070081062217597,0.5,0.5538461538461539,0.5789473684210527,0.423076923076923,0.2500000000000001,0.1290322580645159,0.08000000000000018,0.0,0.05555555555555536,0.06666666666666643,0.14285714285714313,0.08333333333333293,0.0,0.0,0.0,0.0,0.0,0.0,0.0,0.7404718693284936,
bookkeeper_RandomForest_BestFirst_SMOTE_yesCostSensitive_2.csv,0,0.7055555555555556,0.9136690647482014,0.7962382445141066,0.6189791173696041,0.9733980257654341,0.7874430115930703,0.6097264714346197,0.3188405797101449,0.43478260869565216,0.5362318840579711,0.6086956521739131,0.6666666666666666,0.7318840579710145,0.782608695652174,0.8188405797101449,0.8478260869565217,0.8840579710144928,0.9057971014492754,0.9130434782608695,0.9130434782608695,0.9130434782608695,0.9130434782608695,0.9130434782608695,0.9202898550724637,0.9710144927536232,1.0,0.17195697478584324,0.3188405797101449,0.43478260869565216,0.5362318840579711,0.6086956521739131,0.6666666666666666,0.7318840579710145,0.782608695652174,0.8188405797101449,0.8478260869565217,0.8840579710144928,0.9057971014492754,0.9130434782608695,0.9130434782608695,0.9130434782608695,0.9130434782608695,0.9130434782608695,0.9202898550724637,0.9710144927536232,1.0,0.3114873837565394,0.6666666666666665,0.7317073170731707,0.7727272727272728,0.6557377049180328,0.5434782608695652,0.4864864864864866,0.43333333333333357,0.31999999999999973,0.19047619047619058,0.11764705882352999,0,0,0,0,1,0,0,0,0.0,0.7890922959572846,
bookkeeper_RandomForest_BestFirst_SMOTE_yesCostSensitive_3.csv,1,0.4052631578947368,0.8555555555555555,0.55,0.3613656846867464,0.9388680815647108,0.6890380313199105,0.37623727895261383,0.20224719101123595,0.3258426966292135,0.449438202247191,0.5393258426966292,0.6067415730337079,0.6741573033707865,0.7191011235955056,0.7752808988764045,0.8202247191011236,0.8539325842696629,0.8651685393258427,0.8651685393258427,0.8651685393258427,0.8651685393258427,0.8651685393258427,0.8764044943820225,0.9101123595505618,0.9662921348314607,1.0,0.5789803497379999,0.20224719101123595,0.3258426966292135,0.449438202247191,0.5393258426966292,0.6067415730337079,0.6741573033707865,0.7191011235955056,0.7752808988764045,0.8202247191011236,0.8539325842696629,0.8651685393258427,0.8651685393258427,0.8651685393258427,0.8651685393258427,0.8651685393258427,0.8764044943820225,0.9101123595505618,0.9662921348314607,1.0,0.5221179565715334,0.36,0.467741935483871,0.5714285714285714,0.6233766233766234,0.6585365853658537,0.6896551724137931,0.711111111111111,0.7666666666666666,0.8111111111111111,0.8444444444444443,0.8555555555555555,0.7796610169491525,0.6904761904761905,0.5666666666666667,0.38095238095238093,0.14285714285714313,0,0.0,0.0,0.7392075694855115,
bookkeeper_RandomForest_BestFirst_SMOTE_yesCostSensitive_4.csv,1,0.74,0.7115384615384616,0.7254901960784313,0.4104596318043423,0.9491600353669319,0.8137276637254467,0.6722640607593757,0.15384615384615385,0.17307692307692307,0.3076923076923077,0.34615384615384615,0.4423076923076923,0.5192307692307693,0.6153846153846154,0.7115384615384616,0.7692307692307693,0.8269230769230769,0.9230769230769231,0.9615384615384616,0.9615384615384616,0.9615384615384616,0.9615384615384616,0.9615384615384616,0.9615384615384616,0.9615384615384616,1.0,0.7867678882266983,0.15384615384615385,0.17307692307692307,0.3076923076923077,0.34615384615384615,0.4423076923076923,0.5192307692307693,0.6153846153846154,0.7115384615384616,0.7692307692307693,0.8269230769230769,0.9230769230769231,0.9615384615384616,0.9615384615384616,0.9615384615384616,0.9615384615384616,0.9615384615384616,0.9615384615384616,0.9615384615384616,1.0,0.6808617538431203,0.25,0.23076923076923084,0.3555555555555555,0.36734693877551017,0.4423076923076923,0.5192307692307693,0.6153846153846154,0.7115384615384616,0.7692307692307693,0.8269230769230769,0.9230769230769231,0.9615384615384616,0.9615384615384616,0.9444444444444445,0.9130434782608696,0.8666666666666667,0.777777777777778,0.5,1,0.7115384615384616,
bookkeeper_RandomForest_BestFirst_SMOTE_yesCostSensitive_5.csv,3,0.26666666666666666,0.6101694915254238,0.3711340206185567,0.23653390527223014,0.8790446841294298,0.6600239139099243,0.24556446562900955,0.1694915254237288,0.3220338983050847,0.4067796610169492,0.4745762711864407,0.5084745762711864,0.5423728813559322,0.5932203389830508,0.6101694915254238,0.6101694915254238,0.6101694915254238,0.6101694915254238,0.6101694915254238,0.6610169491525424,0.7457627118644068,0.7796610169491526,0.864406779661017,0.9322033898305084,0.9661016949152542,1.0,0.5101992145367366,0.1694915254237288,0.3220338983050847,0.4067796610169492,0.4745762711864407,0.5084745762711864,0.5423728813559322,0.5932203389830508,0.6101694915254238,0.6101694915254238,0.6101694915254238,0.6101694915254238,0.6101694915254238,0.6610169491525424,0.7457627118644068,0.7796610169491526,0.864406779661017,0.9322033898305084,0.9661016949152542,1.0,0.5905783638218396,0.2272727272727273,0.3653846153846153,0.42105263157894746,0.47457627118644075,0.5084745762711864,0.5423728813559322,0.5932203389830508,0.6101694915254238,0.6101694915254238,0.6101694915254238,0.6101694915254238,0.6101694915254238,0.6610169491525424,0.7457627118644068,0.6976744186046513,0.6666666666666667,0.6666666666666665,0.5999999999999998,1,0.632471008028546,
bookkeeper_RandomForest_NoSelection_NoSampling_noCostSensitive_1.csv,13,0,0.0,0.0,0.04685622747296756,1.0,0.0,0,0.1810344827586207,0.28448275862068967,0.3793103448275862,0.47413793103448276,0.5517241379310345,0.6206896551724138,0.6810344827586207,0.7413793103448276,0.7931034482758621,0.8275862068965517,0.8706896551724138,0.9051724137931034,0.9224137931034483,0.9482758620689655,0.9741379310344828,0.9913793103448276,1.0,1.0,1.0,0.17824064863739597,0.1810344827586207,0.28448275862068967,0.3793103448275862,0.47413793103448276,0.5517241379310345,0.6206896551724138,0.6810344827586207,0.7413793103448276,0.7931034482758621,0.8275862068965517,0.8706896551724138,0.9051724137931034,0.9224137931034483,0.9482758620689655,0.9741379310344828,0.9913793103448276,1.0,1.0,1.0,0.17824064863739597,0.40384615384615374,0.5076923076923078,0.5789473684210527,0.4423076923076923,0.35,0.25806451612903236,0.1599999999999998,0.1428571428571429,0.16666666666666663,0.06666666666666643,0.14285714285714313,0.16666666666666596,0.0,0.0,0.0,0.0,0.0,0.0,0.0,0.7445553539019963,
bookkeeper_RandomForest_NoSelection_NoSampling_noCostSensitive_2.csv,0,0.9016393442622951,0.7913669064748201,0.842911877394636,0.8524247186432493,0.9422369081479002,0.8551992225461613,0.7347794615545111,0.38405797101449274,0.47101449275362317,0.5507246376811594,0.6014492753623188,0.644927536231884,0.7028985507246377,0.7608695652173914,0.8043478260869565,0.8405797101449275,0.8768115942028986,0.9130434782608695,0.9347826086956522,0.9420289855072463,0.9420289855072463,0.9420289855072463,0.9420289855072463,0.9420289855072463,0.9637681159420289,1.0,0.1260025148806021,0.38405797101449274,0.47101449275362317,0.5507246376811594,0.6014492753623188,0.644927536231884,0.7028985507246377,0.7608695652173914,0.8043478260869565,0.8405797101449275,0.8768115942028986,0.9130434782608695,0.9347826086956522,0.9420289855072463,0.9420289855072463,0.9420289855072463,0.9420289855072463,0.9420289855072463,0.9637681159420289,1.0,0.29800869953447556,0.803030303030303,0.7926829268292683,0.7954545454545454,0.639344262295082,0.4782608695652174,0.3783783783783784,0.3333333333333337,0.24,0.1428571428571428,0.05882352941176494,0.0,0,0,0,1,0,0,0,0.0,0.7978642257818459,
bookkeeper_RandomForest_NoSelection_NoSampling_noCostSensitive_3.csv,0,0.7021276595744681,0.7333333333333333,0.717391304347826,0.6956748781140809,0.896962130669996,0.8061944188899111,0.6196062351985523,0.3333333333333333,0.4777777777777778,0.5555555555555556,0.6,0.6555555555555556,0.7,0.7444444444444445,0.7666666666666667,0.8222222222222222,0.8333333333333334,0.8666666666666667,0.8666666666666667,0.8666666666666667,0.8666666666666667,0.8666666666666667,0.8777777777777778,0.9222222222222223,0.9777777777777777,1.0,0.6196856187517883,0.3333333333333333,0.4777777777777778,0.5555555555555556,0.6,0.6555555555555556,0.7,0.7444444444444445,0.7666666666666667,0.8222222222222222,0.8333333333333334,0.8666666666666667,0.8666666666666667,0.8666666666666667,0.8666666666666667,0.8666666666666667,0.8777777777777778,0.9222222222222223,0.9777777777777777,1.0,0.6613089099371231,0.5999999999999999,0.6935483870967742,0.7142857142857143,0.7012987012987013,0.7195121951219512,0.7241379310344827,0.7444444444444445,0.7666666666666667,0.8222222222222222,0.8333333333333334,0.8666666666666667,0.7966101694915255,0.7142857142857144,0.6000000000000001,0.4285714285714286,0.2142857142857142,0.12500000000000078,0.4999999999999988,1,0.7684210526315789,
bookkeeper_RandomForest_NoSelection_NoSampling_noCostSensitive_4.csv,0,0.7674418604651163,0.6346153846153846,0.6947368421052632,0.6755367055570392,0.9096669613910995,0.7646434341103162,0.6447205378021509,0.3137254901960784,0.4117647058823529,0.5686274509803921,0.6274509803921569,0.7058823529411765,0.7843137254901961,0.7843137254901961,0.803921568627451,0.803921568627451,0.803921568627451,0.803921568627451,0.803921568627451,0.803921568627451,0.803921568627451,0.8235294117647058,0.8627450980392157,0.9019607843137255,0.9607843137254902,1.0,0.5947006715905867,0.3137254901960784,0.4117647058823529,0.5686274509803921,0.6274509803921569,0.7058823529411765,0.7843137254901961,0.7843137254901961,0.803921568627451,0.803921568627451,0.803921568627451,0.803921568627451,0.803921568627451,0.803921568627451,0.803921568627451,0.8235294117647058,0.8627450980392157,0.9019607843137255,0.9607843137254902,1.0,0.6109035528780545,0.5,0.5384615384615385,0.6444444444444444,0.6530612244897959,0.6923076923076924,0.7692307692307693,0.7692307692307693,0.7884615384615385,0.7884615384615385,0.7884615384615385,0.7884615384615385,0.7884615384615385,0.7884615384615385,0.6944444444444445,0.5652173913043479,0.466666666666667,0.3333333333333336,0.25000000000000067,0.0,0.7564499484004128,
bookkeeper_RandomForest_NoSelection_NoSampling_noCostSensitive_5.csv,0,0.5483870967741935,0.288135593220339,0.37777777777777777,0.6053993186601493,0.8421128659476118,0.4432615906811695,0.3297701600379036,0.2711864406779661,0.3559322033898305,0.4576271186440678,0.5254237288135594,0.576271186440678,0.6271186440677966,0.6779661016949152,0.7457627118644068,0.7796610169491526,0.7796610169491526,0.7796610169491526,0.8305084745762712,0.9152542372881356,0.9322033898305084,1.0,1.0,1.0,1.0,1.0,0.7426837838124754,0.2711864406779661,0.3559322033898305,0.4576271186440678,0.5254237288135594,0.576271186440678,0.6271186440677966,0.6779661016949152,0.7457627118644068,0.7796610169491526,0.7796610169491526,0.7796610169491526,0.8305084745762712,0.9152542372881356,0.9322033898305084,1.0,1.0,1.0,1.0,1.0,0.7584556975490822,0.36363636363636365,0.40384615384615397,0.4736842105263158,0.5254237288135594,0.576271186440678,0.6271186440677966,0.6779661016949152,0.7457627118644068,0.7796610169491526,0.7796610169491526,0.7796610169491526,0.8305084745762712,0.9152542372881356,0.9322033898305084,1.0,1.0,1.0,1.0,1,0.7502230151650312,
bookkeeper_RandomForest_NoSelection_NoSampling_yesCostSensitive_1.csv,13,0,0.0,0.0,0.04685622747296756,1.0,0.0,0,0.1810344827586207,0.28448275862068967,0.3793103448275862,0.47413793103448276,0.5517241379310345,0.6206896551724138,0.6810344827586207,0.7413793103448276,0.7931034482758621,0.8275862068965517,0.8706896551724138,0.9051724137931034,0.9224137931034483,0.9482758620689655,0.9741379310344828,0.9913793103448276,1.0,1.0,1.0,0.17824064863739597,0.1810344827586207,0.28448275862068967,0.3793103448275862,0.47413793103448276,0.5517241379310345,0.6206896551724138,0.6810344827586207,0.7413793103448276,0.7931034482758621,0.8275862068965517,0.8706896551724138,0.9051724137931034,0.9224137931034483,0.9482758620689655,0.9741379310344828,0.9913793103448276,1.0,1.0,1.0,0.17824064863739597,0.40384615384615374,0.5076923076923078,0.5789473684210527,0.4423076923076923,0.35,0.25806451612903236,0.1599999999999998,0.1428571428571429,0.16666666666666663,0.06666666666666643,0.14285714285714313,0.16666666666666596,0.0,0.0,0.0,0.0,0.0,0.0,0.0,0.7445553539019963,
bookkeeper_RandomForest_NoSelection_NoSampling_yesCostSensitive_2.csv,0,0.7692307692307693,0.8633093525179856,0.8135593220338984,0.7568395251883718,0.9211142713735989,0.8254096702407443,0.6503181722133075,0.33093525179856115,0.4172661870503597,0.48201438848920863,0.5611510791366906,0.6330935251798561,0.697841726618705,0.7553956834532374,0.7985611510791367,0.841726618705036,0.8705035971223022,0.9064748201438849,0.9280575539568345,0.9424460431654677,0.9424460431654677,0.9424460431654677,0.9424460431654677,0.9424460431654677,0.9640287769784173,1.0,0.18171702610821702,0.33093525179856115,0.4172661870503597,0.48201438848920863,0.5611510791366906,0.6330935251798561,0.697841726618705,0.7553956834532374,0.7985611510791367,0.841726618705036,0.8705035971223022,0.9064748201438849,0.9280575539568345,0.9424460431654677,0.9424460431654677,0.9424460431654677,0.9424460431654677,0.9424460431654677,0.9640287769784173,1.0,0.3322304635911935,0.696969696969697,0.7073170731707317,0.6931818181818181,0.5573770491803278,0.4565217391304346,0.3783783783783785,0.33333333333333337,0.24000000000000032,0.19047619047619013,0.058823529411765274,0.0,0,0,0,1,0,0,0,1,0.7841726618705036,
bookkeeper_RandomForest_NoSelection_NoSampling_yesCostSensitive_3.csv,0,0.43478260869565216,0.7777777777777778,0.5577689243027888,0.5019743109678031,0.8464419475655434,0.7135823921227918,0.3813040691758064,0.25555555555555554,0.3333333333333333,0.45555555555555555,0.5111111111111111,0.5777777777777777,0.6555555555555556,0.7,0.7555555555555555,0.8,0.8333333333333334,0.8666666666666667,0.9,0.9333333333333333,0.9777777777777777,1.0,1.0,1.0,1.0,1.0,0.6998317847759467,0.25555555555555554,0.3333333333333333,0.45555555555555555,0.5111111111111111,0.5777777777777777,0.6555555555555556,0.7,0.7555555555555555,0.8,0.8333333333333334,0.8666666666666667,0.9,0.9333333333333333,0.9777777777777777,1.0,1.0,1.0,1.0,1.0,0.7911991834217291,0.45999999999999996,0.4838709677419355,0.5857142857142856,0.5974025974025974,0.6341463414634145,0.6781609195402298,0.7,0.7555555555555555,0.8,0.8333333333333334,0.8666666666666667,0.8474576271186441,0.8571428571428572,0.9333333333333332,1.0,1.0,1.0,1.0,1,0.7660818713450293,
bookkeeper_RandomForest_NoSelection_NoSampling_yesCostSensitive_4.csv,1,0.35454545454545455,0.75,0.48148148148148145,0.4527042996805855,0.8436486884762744,0.7388204795852236,0.3726298235976773,0.23076923076923078,0.36538461538461536,0.46153846153846156,0.5576923076923077,0.6153846153846154,0.6538461538461539,0.7307692307692307,0.8076923076923077,0.8076923076923077,0.8269230769230769,0.8653846153846154,0.9038461538461539,0.9230769230769231,0.9230769230769231,0.9230769230769231,0.9230769230769231,0.9230769230769231,0.9423076923076923,1.0,0.6659133151001408,0.23076923076923078,0.36538461538461536,0.46153846153846156,0.5576923076923077,0.6153846153846154,0.6538461538461539,0.7307692307692307,0.8076923076923077,0.8076923076923077,0.8269230769230769,0.8653846153846154,0.9038461538461539,0.9230769230769231,0.9230769230769231,0.9230769230769231,0.9230769230769231,0.9230769230769231,0.9423076923076923,1.0,0.7039910354800841,0.375,0.4871794871794871,0.5333333333333333,0.5918367346938775,0.6153846153846154,0.6538461538461539,0.7307692307692307,0.8076923076923077,0.8076923076923077,0.8269230769230769,0.8653846153846154,0.9038461538461539,0.9230769230769231,0.888888888888889,0.8260869565217392,0.7333333333333335,0.555555555555556,0.24999999999999922,1,0.757085020242915,
bookkeeper_RandomForest_NoSelection_NoSampling_yesCostSensitive_5.csv,0,0.2713178294573643,0.5932203389830508,0.3723404255319149,0.3727859718511344,0.7607376733436059,0.6557258005954542,0.24644978603384576,0.2711864406779661,0.3559322033898305,0.423728813559322,0.5254237288135594,0.559322033898305,0.6101694915254238,0.6779661016949152,0.711864406779661,0.7627118644067796,0.7966101694915254,0.8305084745762712,0.847457627118644,0.847457627118644,0.8813559322033898,0.8813559322033898,0.8813559322033898,0.8813559322033898,0.9830508474576272,1.0,0.6262342270949237,0.2711864406779661,0.3559322033898305,0.423728813559322,0.5254237288135594,0.559322033898305,0.6101694915254238,0.6779661016949152,0.711864406779661,0.7627118644067796,0.7966101694915254,0.8305084745762712,0.847457627118644,0.847457627118644,0.8813559322033898,0.8813559322033898,0.8813559322033898,0.8813559322033898,0.9830508474576272,1.0,0.6852176720349099,0.36363636363636365,0.40384615384615397,0.4385964912280702,0.5254237288135594,0.559322033898305,0.6101694915254238,0.6779661016949152,0.711864406779661,0.7627118644067796,0.7966101694915254,0.8305084745762712,0.847457627118644,0.847457627118644,0.8813559322033898,0.8372093023255813,0.7083333333333333,0.41666666666666663,0.8000000000000005,1,0.7225691347011597,
bookkeeper_RandomForest_NoSelection_SMOTE_noCostSensitive_1.csv,13,0,0.0,0.0,0.04685622747296756,1.0,0.0,0,0.1810344827586207,0.28448275862068967,0.3793103448275862,0.47413793103448276,0.5517241379310345,0.6206896551724138,0.6810344827586207,0.7413793103448276,0.7931034482758621,0.8275862068965517,0.8706896551724138,0.9051724137931034,0.9224137931034483,0.9482758620689655,0.9741379310344828,0.9913793103448276,1.0,1.0,1.0,0.17824064863739597,0.1810344827586207,0.28448275862068967,0.3793103448275862,0.47413793103448276,0.5517241379310345,0.6206896551724138,0.6810344827586207,0.7413793103448276,0.7931034482758621,0.8275862068965517,0.8706896551724138,0.9051724137931034,0.9224137931034483,0.9482758620689655,0.9741379310344828,0.9913793103448276,1.0,1.0,1.0,0.17824064863739597,0.40384615384615374,0.5076923076923078,0.5789473684210527,0.4423076923076923,0.35,0.25806451612903236,0.1599999999999998,0.1428571428571429,0.16666666666666663,0.06666666666666643,0.14285714285714313,0.16666666666666596,0.0,0.0,0.0,0.0,0.0,0.0,0.0,0.7445553539019963,
bookkeeper_RandomForest_NoSelection_SMOTE_noCostSensitive_2.csv,0,0.8951612903225806,0.7985611510791367,0.844106463878327,0.8507154172940357,0.9396854609335783,0.8568931614594713,0.7341184085365311,0.38405797101449274,0.47101449275362317,0.5507246376811594,0.5869565217391305,0.644927536231884,0.7028985507246377,0.7608695652173914,0.8043478260869565,0.8333333333333334,0.8695652173913043,0.9130434782608695,0.927536231884058,0.9492753623188406,0.9492753623188406,0.9492753623188406,0.9492753623188406,0.9492753623188406,0.9710144927536232,1.0,0.12741163287260637,0.38405797101449274,0.47101449275362317,0.5507246376811594,0.5869565217391305,0.644927536231884,0.7028985507246377,0.7608695652173914,0.8043478260869565,0.8333333333333334,0.8695652173913043,0.9130434782608695,0.927536231884058,0.9492753623188406,0.9492753623188406,0.9492753623188406,0.9492753623188406,0.9492753623188406,0.9710144927536232,1.0,0.29068083309885906,0.803030303030303,0.7926829268292683,0.7954545454545454,0.6065573770491803,0.4782608695652174,0.3783783783783784,0.3333333333333337,0.24,0.09523809523809568,0.0,0.0,0,0,0,1,0,0,0,0.0,0.7982456140350876,
bookkeeper_RandomForest_NoSelection_SMOTE_noCostSensitive_3.csv,0,0.6407766990291263,0.7333333333333333,0.6839378238341969,0.6854804932085962,0.9009155222638369,0.7922342257710976,0.5700076068760319,0.35555555555555557,0.4666666666666667,0.5444444444444444,0.5888888888888889,0.6555555555555556,0.7,0.7444444444444445,0.7777777777777778,0.8,0.8555555555555555,0.8888888888888888,0.8888888888888888,0.8888888888888888,0.8888888888888888,0.8888888888888888,0.9,0.9222222222222223,0.9777777777777777,1.0,0.663867937816669,0.35555555555555557,0.4666666666666667,0.5444444444444444,0.5888888888888889,0.6555555555555556,0.7,0.7444444444444445,0.7777777777777778,0.8,0.8555555555555555,0.8888888888888888,0.8888888888888888,0.8888888888888888,0.8888888888888888,0.8888888888888888,0.9,0.9222222222222223,0.9777777777777777,1.0,0.6832147431617672,0.64,0.6774193548387097,0.7,0.6883116883116884,0.7195121951219512,0.7241379310344827,0.7444444444444445,0.7777777777777778,0.8,0.8555555555555555,0.8888888888888888,0.8305084745762711,0.7619047619047619,0.6666666666666665,0.5238095238095235,0.3571428571428573,0.12500000000000078,0.4999999999999988,1,0.775438596491228,
bookkeeper_RandomForest_NoSelection_SMOTE_noCostSensitive_4.csv,0,0.7333333333333333,0.6346153846153846,0.6804123711340206,0.667129155924781,0.9038461538461541,0.7622095450118269,0.6244488092139737,0.3076923076923077,0.4230769230769231,0.5384615384615384,0.6153846153846154,0.6730769230769231,0.75,0.7692307692307693,0.7692307692307693,0.7692307692307693,0.7692307692307693,0.8269230769230769,0.8461538461538461,0.9038461538461539,0.9423076923076923,1.0,1.0,1.0,1.0,1.0,0.8033718683154774,0.3076923076923077,0.4230769230769231,0.5384615384615384,0.6153846153846154,0.6730769230769231,0.75,0.7692307692307693,0.7692307692307693,0.7692307692307693,0.7692307692307693,0.8269230769230769,0.8461538461538461,0.9038461538461539,0.9423076923076923,1.0,1.0,1.0,1.0,1.0,0.8069987239160172,0.5,0.5641025641025641,0.6222222222222222,0.653061224489796,0.6730769230769231,0.75,0.7692307692307693,0.7692307692307693,0.7692307692307693,0.7692307692307693,0.8269230769230769,0.8461538461538461,0.9038461538461539,0.9166666666666666,1.0,1.0,1.0,1.0,1,0.784412955465587,
bookkeeper_RandomForest_NoSelection_SMOTE_noCostSensitive_5.csv,0,0.5428571428571428,0.3220338983050847,0.40425531914893614,0.5874361101606398,0.8424017719568568,0.4815932407966203,0.3474474663198589,0.23728813559322035,0.3728813559322034,0.4576271186440678,0.5084745762711864,0.6271186440677966,0.6779661016949152,0.6949152542372882,0.7627118644067796,0.7796610169491526,0.7966101694915254,0.9152542372881356,0.9322033898305084,1.0,1.0,1.0,1.0,1.0,1.0,1.0,0.7726209499532191,0.23728813559322035,0.3728813559322034,0.4576271186440678,0.5084745762711864,0.6271186440677966,0.6779661016949152,0.6949152542372882,0.7627118644067796,0.7796610169491526,0.7966101694915254,0.9152542372881356,0.9322033898305084,1.0,1.0,1.0,1.0,1.0,1.0,1.0,0.784729379264334,0.31818181818181823,0.42307692307692313,0.4736842105263158,0.5084745762711864,0.6271186440677966,0.6779661016949152,0.6949152542372882,0.7627118644067796,0.7796610169491526,0.7966101694915254,0.9152542372881356,0.9322033898305084,1.0,1.0,1.0,1.0,1.0,1.0,1,0.7769848349687779,
bookkeeper_RandomForest_NoSelection_SMOTE_yesCostSensitive_1.csv,13,0,0.0,0.0,0.04685622747296756,1.0,0.0,0,0.1896551724137931,0.27586206896551724,0.3793103448275862,0.47413793103448276,0.5431034482758621,0.6293103448275862,0.6810344827586207,0.7413793103448276,0.7931034482758621,0.8275862068965517,0.8706896551724138,0.9051724137931034,0.9224137931034483,0.9482758620689655,0.9741379310344828,0.9913793103448276,1.0,1.0,1.0,0.16940027848123637,0.1896551724137931,0.27586206896551724,0.3793103448275862,0.47413793103448276,0.5431034482758621,0.6293103448275862,0.6810344827586207,0.7413793103448276,0.7931034482758621,0.8275862068965517,0.8706896551724138,0.9051724137931034,0.9224137931034483,0.9482758620689655,0.9741379310344828,0.9913793103448276,1.0,1.0,1.0,0.17882508118277932,0.423076923076923,0.49230769230769234,0.5789473684210527,0.4423076923076923,0.3250000000000002,0.29032258064516125,0.1599999999999998,0.1428571428571429,0.16666666666666663,0.06666666666666643,0.14285714285714313,0.16666666666666596,0.0,0.0,0.0,0.0,0.0,0.0,0.0,0.7445553539019963,
bookkeeper_RandomForest_NoSelection_SMOTE_yesCostSensitive_2.csv,0,0.777027027027027,0.8273381294964028,0.8013937282229965,0.6797189144511465,0.9655763761084156,0.8176261476688577,0.632626316895175,0.34057971014492755,0.4492753623188406,0.5362318840579711,0.6014492753623188,0.6594202898550725,0.7028985507246377,0.7391304347826086,0.7753623188405797,0.8043478260869565,0.8188405797101449,0.8260869565217391,0.8260869565217391,0.8260869565217391,0.8260869565217391,0.8260869565217391,0.8405797101449275,0.9057971014492754,0.9492753623188406,1.0,0.21271404412369996,0.34057971014492755,0.4492753623188406,0.5362318840579711,0.6014492753623188,0.6594202898550725,0.7028985507246377,0.7391304347826086,0.7753623188405797,0.8043478260869565,0.8188405797101449,0.8260869565217391,0.8260869565217391,0.8260869565217391,0.8260869565217391,0.8260869565217391,0.8405797101449275,0.9057971014492754,0.9492753623188406,1.0,0.2680916394876669,0.7121212121212122,0.7560975609756098,0.7727272727272728,0.639344262295082,0.5217391304347828,0.3783783783783784,0.23333333333333328,0.07999999999999974,0,0,0,0,0,0,1,0,0,0,0.0,0.7501906941266209,
bookkeeper_RandomForest_NoSelection_SMOTE_yesCostSensitive_3.csv,2,0.41714285714285715,0.8111111111111111,0.5509433962264151,0.3701865217626907,0.9278401997503121,0.7014938411810955,0.3727084019265048,0.2222222222222222,0.3333333333333333,0.45555555555555555,0.5444444444444444,0.6111111111111112,0.6777777777777778,0.7333333333333333,0.7777777777777778,0.8,0.8222222222222222,0.8444444444444444,0.8888888888888888,0.9333333333333333,0.9666666666666667,1.0,1.0,1.0,1.0,1.0,0.7943689943919073,0.2222222222222222,0.3333333333333333,0.45555555555555555,0.5444444444444444,0.6111111111111112,0.6777777777777778,0.7333333333333333,0.7777777777777778,0.8,0.8222222222222222,0.8444444444444444,0.8888888888888888,0.9333333333333333,0.9666666666666667,1.0,1.0,1.0,1.0,1.0,0.7917504806274313,0.3999999999999999,0.4838709677419355,0.5857142857142856,0.6363636363636364,0.6707317073170732,0.7011494252873564,0.7333333333333333,0.7777777777777778,0.8,0.8222222222222222,0.8444444444444444,0.8305084745762711,0.8571428571428572,0.9,1.0,1.0,1.0,1.0,1,0.7690058479532164,
bookkeeper_RandomForest_NoSelection_SMOTE_yesCostSensitive_4.csv,2,0.3305084745762712,0.75,0.4588235294117647,0.300861349304514,0.9185823754789271,0.7227001985440105,0.3435421252951154,0.15384615384615385,0.28846153846153844,0.40384615384615385,0.5,0.5769230769230769,0.6346153846153846,0.6923076923076923,0.75,0.75,0.7692307692307693,0.8269230769230769,0.8461538461538461,0.9038461538461539,0.9615384615384616,1.0,1.0,1.0,1.0,1.0,0.7398729918242013,0.15384615384615385,0.28846153846153844,0.40384615384615385,0.5,0.5769230769230769,0.6346153846153846,0.6923076923076923,0.75,0.75,0.7692307692307693,0.8269230769230769,0.8461538461538461,0.9038461538461539,0.9615384615384616,1.0,1.0,1.0,1.0,1.0,0.7540178284539186,0.25,0.3846153846153846,0.4666666666666667,0.5306122448979592,0.5769230769230769,0.6346153846153846,0.6923076923076923,0.75,0.75,0.7692307692307693,0.8269230769230769,0.8461538461538461,0.9038461538461539,0.9444444444444445,1.0,1.0,1.0,1.0,1,0.7398785425101215,
bookkeeper_RandomForest_NoSelection_SMOTE_yesCostSensitive_5.csv,1,0.26356589147286824,0.576271186440678,0.3617021276595745,0.23493619894169154,0.8750481510015411,0.64413401643876,0.23149689821868327,0.1724137931034483,0.3275862068965517,0.43103448275862066,0.46551724137931033,0.5172413793103449,0.5344827586206896,0.5862068965517241,0.5862068965517241,0.5862068965517241,0.5862068965517241,0.5862068965517241,0.5862068965517241,0.6896551724137931,0.7586206896551724,0.8103448275862069,0.896551724137931,0.9482758620689655,0.9827586206896551,1.0,0.5149215195042218,0.1724137931034483,0.3275862068965517,0.43103448275862066,0.46551724137931033,0.5172413793103449,0.5344827586206896,0.5862068965517241,0.5862068965517241,0.5862068965517241,0.5862068965517241,0.5862068965517241,0.5862068965517241,0.6896551724137931,0.7586206896551724,0.8103448275862069,0.896551724137931,0.9482758620689655,0.9827586206896551,1.0,0.5315823906513556,0.2272727272727273,0.3653846153846154,0.4385964912280702,0.4576271186440678,0.5084745762711865,0.5254237288135593,0.576271186440678,0.576271186440678,0.576271186440678,0.576271186440678,0.576271186440678,0.576271186440678,0.6779661016949153,0.7457627118644068,0.7209302325581395,0.7083333333333335,0.666666666666667,0.6000000000000003,0.0,0.6343012704174228,
