Filename,Classifier,Feature_Selection,Balancing,Cost_Sensitive,IFA,Precision_0.5,Recall,F1,MAP,AUC,G_Measure,MCC,PofB10,PofB15,PofB20,PofB25,PofB30,PofB35,PofB40,PofB45,PofB50,PofB55,PofB60,PofB65,PofB70,PofB75,PofB80,PofB85,PofB90,PofB95,PofB100,Average_Pofb,Npofb10,Npofb15,Npofb20,Npofb25,Npofb30,Npofb35,Npofb40,Npofb45,Npofb50,Npofb55,Npofb60,Npofb65,Npofb70,Npofb75,Npofb80,Npofb85,Npofb90,Npofb95,Npofb100,avgNPofB,Popt10,Popt15,Popt20,Popt25,Popt30,Popt35,Popt40,Popt45,Popt50,Popt55,Popt60,Popt65,Popt70,Popt75,Popt80,Popt85,Popt90,Popt95,Popt100,avgNpopt
storm_IBk_BestFirst_NoSampling_noCostSensitive_1.csv,IBk,BestFirst,NoSampling,noCostSensitive,0,0,0.0,0.0,0.03385203385203385,1.0,0.0,0,0.20242914979757085,0.2834008097165992,0.3441295546558704,0.41295546558704455,0.46963562753036436,0.5425101214574899,0.6032388663967612,0.6761133603238867,0.7368421052631579,0.8137651821862348,0.8704453441295547,0.902834008097166,0.9311740890688259,0.9635627530364372,0.9919028340080972,1.0,1.0,1.0,1.0,0.07419292612600979,0.20242914979757085,0.2834008097165992,0.3441295546558704,0.41295546558704455,0.46963562753036436,0.5425101214574899,0.6032388663967612,0.6761133603238867,0.7368421052631579,0.8137651821862348,0.8704453441295547,0.902834008097166,0.9311740890688259,0.9635627530364372,0.9919028340080972,1.0,1.0,1.0,1.0,0.1380648230396069,0.35460992907801425,0.4093567251461988,0.4450261780104712,0.49514563106796117,0.5321100917431192,0.29323308270676696,0.09375,0,0,0,0,0,0,0,0.0,0.0,0.0,0.0,0.0,0.7234178563818453
storm_IBk_BestFirst_NoSampling_noCostSensitive_10.csv,IBk,BestFirst,NoSampling,noCostSensitive,0,1.0,0.017241379310344827,0.03389830508474576,0.5739943071613894,0.9930075389213544,0.03389830508474576,0.12895078397331264,0.2413793103448276,0.3620689655172414,0.41379310344827586,0.5172413793103449,0.603448275862069,0.7068965517241379,0.7586206896551724,0.8448275862068966,0.896551724137931,0.9137931034482759,0.9310344827586207,0.9482758620689655,0.9827586206896551,0.9827586206896551,0.9827586206896551,1.0,1.0,1.0,1.0,0.7831215970961887,0.2413793103448276,0.3620689655172414,0.41379310344827586,0.5172413793103449,0.603448275862069,0.7068965517241379,0.7586206896551724,0.8448275862068966,0.896551724137931,0.9137931034482759,0.9310344827586207,0.9482758620689655,0.9827586206896551,0.9827586206896551,0.9827586206896551,1.0,1.0,1.0,1.0,0.794010889292196,0.24137931034482762,0.3620689655172413,0.4137931034482758,0.5172413793103449,0.603448275862069,0.7068965517241379,0.7586206896551724,0.8448275862068966,0.896551724137931,0.9137931034482759,0.9310344827586207,0.9482758620689655,0.9827586206896551,0.9827586206896551,0.9827586206896551,1.0,1.0,1.0,1,0.794010889292196
storm_IBk_BestFirst_NoSampling_noCostSensitive_11.csv,IBk,BestFirst,NoSampling,noCostSensitive,0,0.775,0.4626865671641791,0.5794392523364486,0.5381046652497411,0.8967702958333744,0.6302430365920263,0.573179835560835,0.5074626865671642,0.6119402985074627,0.6567164179104478,0.7238805970149254,0.7761194029850746,0.8432835820895522,0.8805970149253731,0.9253731343283582,0.9477611940298507,0.9477611940298507,0.9477611940298507,0.9552238805970149,0.9552238805970149,0.9552238805970149,0.9552238805970149,0.9552238805970149,0.9776119402985075,0.9925373134328358,1.0,0.7662439681292784,0.5074626865671642,0.6119402985074627,0.6567164179104478,0.7238805970149254,0.7761194029850746,0.8432835820895522,0.8805970149253731,0.9253731343283582,0.9477611940298507,0.9477611940298507,0.9477611940298507,0.9552238805970149,0.9552238805970149,0.9552238805970149,0.9552238805970149,0.9552238805970149,0.9776119402985075,0.9925373134328358,1.0,0.867093105899076,0.5074626865671642,0.6119402985074627,0.6567164179104478,0.7238805970149254,0.7761194029850746,0.8432835820895522,0.8805970149253731,0.9253731343283582,0.9477611940298507,0.9477611940298507,0.9477611940298507,0.9552238805970149,0.9552238805970149,0.9552238805970149,0.9552238805970149,0.9552238805970149,0.9776119402985075,0.9523809523809522,1,0.8692065985860173
storm_IBk_BestFirst_NoSampling_noCostSensitive_12.csv,IBk,BestFirst,NoSampling,noCostSensitive,0,0.9491525423728814,0.4375,0.5989304812834224,0.7411462781293939,0.9754083310016789,0.608384283730787,0.6298840774703124,0.5859375,0.6953125,0.7421875,0.765625,0.7890625,0.84375,0.859375,0.8828125,0.9453125,0.953125,0.96875,0.984375,0.984375,0.984375,0.984375,0.984375,0.984375,0.984375,1.0,0.8870065789473683,0.5859375,0.6953125,0.7421875,0.765625,0.7890625,0.84375,0.859375,0.8828125,0.9453125,0.953125,0.96875,0.984375,0.984375,0.984375,0.984375,0.984375,0.984375,0.984375,1.0,0.8861842105263157,0.5859375,0.6953125,0.7421875,0.765625,0.7890625,0.84375,0.859375,0.8828125,0.9453125,0.953125,0.96875,0.984375,0.984375,0.984375,0.984375,0.984375,0.984375,0.9,1,0.890625
storm_IBk_BestFirst_NoSampling_noCostSensitive_13.csv,IBk,BestFirst,NoSampling,noCostSensitive,0,0.6037735849056604,0.41025641025641024,0.48854961832061067,0.47331741232120916,0.8545785266382653,0.5795856839412556,0.47813879536825693,0.6410256410256411,0.7051282051282052,0.7692307692307693,0.782051282051282,0.8076923076923077,0.8333333333333334,0.8589743589743589,0.8717948717948718,0.8717948717948718,0.8717948717948718,0.8717948717948718,0.8717948717948718,0.8974358974358975,0.8974358974358975,0.9102564102564102,0.9102564102564102,0.9102564102564102,0.9102564102564102,1.0,0.836140350877193,0.6410256410256411,0.7051282051282052,0.7692307692307693,0.782051282051282,0.8076923076923077,0.8333333333333334,0.8589743589743589,0.8717948717948718,0.8717948717948718,0.8717948717948718,0.8717948717948718,0.8717948717948718,0.8974358974358975,0.8974358974358975,0.9102564102564102,0.9102564102564102,0.9102564102564102,0.9102564102564102,1.0,0.84221322537112,0.6410256410256411,0.7051282051282052,0.7692307692307693,0.782051282051282,0.8076923076923077,0.8333333333333334,0.8589743589743589,0.8717948717948718,0.8717948717948718,0.8717948717948718,0.8717948717948718,0.8717948717948718,0.8974358974358975,0.8974358974358975,0.9102564102564102,0.9102564102564102,0.9102564102564102,0.72,1,0.8522267206477734
storm_IBk_BestFirst_NoSampling_noCostSensitive_14.csv,IBk,BestFirst,NoSampling,noCostSensitive,1,0.7142857142857143,0.09803921568627451,0.1724137931034483,0.5033337532887487,0.9585138270645991,0.17855521867794702,0.25900839994098496,0.1568627450980392,0.19607843137254902,0.27450980392156865,0.29411764705882354,0.4117647058823529,0.45098039215686275,0.47058823529411764,0.5098039215686274,0.6274509803921569,0.7058823529411765,0.803921568627451,0.8235294117647058,0.9019607843137255,0.9607843137254902,0.9803921568627451,0.9803921568627451,0.9803921568627451,0.9803921568627451,1.0,0.5132257889305306,0.1568627450980392,0.19607843137254902,0.27450980392156865,0.29411764705882354,0.4117647058823529,0.45098039215686275,0.47058823529411764,0.5098039215686274,0.6274509803921569,0.7058823529411765,0.803921568627451,0.8235294117647058,0.9019607843137255,0.9607843137254902,0.9803921568627451,0.9803921568627451,0.9803921568627451,0.9803921568627451,1.0,0.6566726413557112,0.1568627450980392,0.196078431372549,0.27450980392156865,0.2941176470588236,0.4117647058823529,0.4509803921568627,0.47058823529411764,0.5098039215686274,0.6274509803921569,0.7058823529411765,0.803921568627451,0.8235294117647058,0.9019607843137255,0.9607843137254902,0.9803921568627451,0.9803921568627451,0.9803921568627451,0.9473684210526314,1,0.6584107327141383
storm_IBk_BestFirst_NoSampling_noCostSensitive_15.csv,IBk,BestFirst,NoSampling,noCostSensitive,0,0.8648648648648649,0.5245901639344263,0.6530612244897959,0.6070263576149117,0.8610746082328591,0.6875779045234537,0.6663616316801901,0.5409836065573771,0.5573770491803278,0.5737704918032787,0.5901639344262295,0.6065573770491803,0.6557377049180327,0.6721311475409836,0.7049180327868853,0.7704918032786885,0.8360655737704918,0.8524590163934426,0.8524590163934426,0.8852459016393442,0.8852459016393442,0.8852459016393442,0.8852459016393442,0.9508196721311475,0.9836065573770492,1.0,0.7741347905282331,0.5409836065573771,0.5573770491803278,0.5737704918032787,0.5901639344262295,0.6065573770491803,0.6557377049180327,0.6721311475409836,0.7049180327868853,0.7704918032786885,0.8360655737704918,0.8524590163934426,0.8524590163934426,0.8852459016393442,0.8852459016393442,0.8852459016393442,0.8852459016393442,0.9508196721311475,0.9836065573770492,1.0,0.7710190777490173,0.5409836065573771,0.5573770491803278,0.5737704918032787,0.5901639344262295,0.6065573770491803,0.6557377049180327,0.6721311475409836,0.7049180327868853,0.7704918032786885,0.8360655737704918,0.8524590163934426,0.8524590163934426,0.8852459016393442,0.8852459016393442,0.8852459016393442,0.8852459016393442,0.9508196721311475,0.9444444444444444,1,0.7730802415875755
storm_IBk_BestFirst_NoSampling_noCostSensitive_16.csv,IBk,BestFirst,NoSampling,noCostSensitive,1,0.7142857142857143,0.625,0.6666666666666666,0.4896614622775353,0.9043285371702638,0.7678075855689177,0.662232222830167,0.6,0.625,0.675,0.725,0.725,0.725,0.775,0.825,0.85,0.925,0.925,0.925,0.925,0.925,0.925,0.925,0.925,0.95,1.0,0.8323099415204679,0.6,0.625,0.675,0.725,0.725,0.725,0.775,0.825,0.85,0.925,0.925,0.925,0.925,0.925,0.925,0.925,0.925,0.95,1.0,0.8323099415204679,0.6,0.625,0.675,0.725,0.725,0.725,0.775,0.825,0.85,0.925,0.925,0.925,0.925,0.925,0.925,0.925,0.925,0.8888888888888888,1,0.8355263157894737
storm_IBk_BestFirst_NoSampling_noCostSensitive_17.csv,IBk,BestFirst,NoSampling,noCostSensitive,0,0,0.0,0.0,0.09206417112299464,1.0,0.0,0,0.07407407407407407,0.1111111111111111,0.1111111111111111,0.1111111111111111,0.2222222222222222,0.25925925925925924,0.2962962962962963,0.4444444444444444,0.5185185185185185,0.6296296296296297,0.6666666666666666,0.6666666666666666,0.7407407407407407,0.8148148148148148,0.9259259259259259,0.9629629629629629,1.0,1.0,1.0,0.5555555555555556,0.07407407407407407,0.1111111111111111,0.1111111111111111,0.1111111111111111,0.2222222222222222,0.25925925925925924,0.2962962962962963,0.4444444444444444,0.5185185185185185,0.6296296296296297,0.6666666666666666,0.6666666666666666,0.7407407407407407,0.8148148148148148,0.9259259259259259,0.9629629629629629,1.0,1.0,1.0,0.5555555555555556,0.07407407407407407,0.11111111111111116,0.11111111111111116,0.11111111111111116,0.2222222222222222,0.2592592592592593,0.2962962962962963,0.4444444444444444,0.5185185185185185,0.6296296296296297,0.6666666666666666,0.6666666666666666,0.7407407407407407,0.8148148148148148,0.9259259259259259,0.9629629629629629,1.0,1.0,1,0.5555555555555556
storm_IBk_BestFirst_NoSampling_noCostSensitive_2.csv,IBk,BestFirst,NoSampling,noCostSensitive,21,0.0,0,0.0,0.0,0.0,0.0,0,0,0,0,0,0,0,0,0,0,0,0,0,0,0,0,0,0,0,0,1.0,0,0,0,0,0,0,0,0,0,0,0,0,0,0,0,0,0,0,0,1.0,1,1,1,1,1,1,1,1,1,1,1,1,1,1,1,1,1,1,1,0.0
storm_IBk_BestFirst_NoSampling_noCostSensitive_3.csv,IBk,BestFirst,NoSampling,noCostSensitive,0,0.7128712871287128,0.37894736842105264,0.4948453608247423,0.6103074191645189,0.9634093194770366,0.5424018713920994,0.42714885955662124,0.30526315789473685,0.34210526315789475,0.3631578947368421,0.3736842105263158,0.3736842105263158,0.3736842105263158,0.3736842105263158,0.5210526315789473,0.6052631578947368,0.6631578947368421,0.7210526315789474,0.7947368421052632,0.8473684210526315,0.9,0.9210526315789473,0.9473684210526315,0.968421052631579,0.9894736842105263,1.0,0.2675151325444897,0.30526315789473685,0.34210526315789475,0.3631578947368421,0.3736842105263158,0.3736842105263158,0.3736842105263158,0.3736842105263158,0.5210526315789473,0.6052631578947368,0.6631578947368421,0.7210526315789474,0.7947368421052632,0.8473684210526315,0.9,0.9210526315789473,0.9473684210526315,0.968421052631579,0.9894736842105263,1.0,0.285254207587956,0.4055944055944056,0.39634146341463405,0.38983050847457634,0.38586956521739124,0.3776595744680852,0.3756613756613757,0.3756613756613757,0.5238095238095237,0.6052631578947368,0.45299145299145294,0.1311475409836066,0,0,0,0,0,0,0,1,0.6518005540166204
storm_IBk_BestFirst_NoSampling_noCostSensitive_4.csv,IBk,BestFirst,NoSampling,noCostSensitive,0,0.6036036036036037,0.19197707736389685,0.29130434782608694,0.49098728289984694,0.7103579672078957,0.3178810309462231,0.17241050374830907,0.30659025787965616,0.40974212034383956,0.4699140401146132,0.5444126074498568,0.6074498567335244,0.66189111747851,0.6905444126074498,0.7163323782234957,0.7507163323782235,0.7908309455587392,0.8194842406876791,0.8882521489971347,0.9426934097421203,0.9426934097421203,0.9426934097421203,0.9426934097421203,0.9713467048710601,0.9828080229226361,1.0,0.1113548943726661,0.30659025787965616,0.40974212034383956,0.4699140401146132,0.5444126074498568,0.6074498567335244,0.66189111747851,0.6905444126074498,0.7163323782234957,0.7507163323782235,0.7908309455587392,0.8194842406876791,0.8882521489971347,0.9426934097421203,0.9426934097421203,0.9426934097421203,0.9426934097421203,0.9713467048710601,0.9828080229226361,1.0,0.3514029171718196,0.42799999999999994,0.4847457627118644,0.5141065830721003,0.5671641791044777,0.6180758017492711,0.6657060518731989,0.6925287356321839,0.7183908045977012,0.5962441314553991,0.37606837606837595,0.015625,0,0,0,0,0,0,0,1,0.7568994118534157
storm_IBk_BestFirst_NoSampling_noCostSensitive_5.csv,IBk,BestFirst,NoSampling,noCostSensitive,0,0.7911227154046997,0.2777268560953254,0.41112618724559025,0.7732345831679447,0.47087351484402906,0.3844554049284018,-0.07942883251143545,0.24014665444546288,0.39780018331805683,0.5242896425297892,0.611365719523373,0.694775435380385,0.768102658111824,0.8295142071494043,0.8753437213565536,0.9092575618698442,0.9330889092575618,0.9541704857928506,0.9715857011915674,0.9844179651695693,0.9935838680109991,0.998166819431714,0.999083409715857,0.999083409715857,0.999083409715857,1.0,0.24073552866122536,0.24014665444546288,0.39780018331805683,0.5242896425297892,0.611365719523373,0.694775435380385,0.768102658111824,0.8295142071494043,0.8753437213565536,0.9092575618698442,0.9330889092575618,0.9541704857928506,0.9715857011915674,0.9844179651695693,0.9935838680109991,0.998166819431714,0.999083409715857,0.999083409715857,0.999083409715857,1.0,0.16921493678329905,0.2150837988826816,0,0,0,0,0,0,0,0,0,0,0,0,0.0,0.0,1,1,0.0,1,0.8254136716677118
storm_IBk_BestFirst_NoSampling_noCostSensitive_6.csv,IBk,BestFirst,NoSampling,noCostSensitive,0,0.13592233009708737,0.358974358974359,0.19718309859154928,0.09484835942840104,0.6594222934984977,0.5189318453567159,0.18584524891278945,0.3333333333333333,0.38461538461538464,0.46153846153846156,0.5384615384615384,0.6410256410256411,0.6923076923076923,0.717948717948718,0.7692307692307693,0.7692307692307693,0.7692307692307693,0.7692307692307693,0.7692307692307693,0.8461538461538461,0.9230769230769231,0.9487179487179487,0.9487179487179487,0.9743589743589743,0.9743589743589743,1.0,0.601889338731444,0.3333333333333333,0.38461538461538464,0.46153846153846156,0.5384615384615384,0.6410256410256411,0.6923076923076923,0.717948717948718,0.7692307692307693,0.7692307692307693,0.7692307692307693,0.7692307692307693,0.7692307692307693,0.8461538461538461,0.9230769230769231,0.9487179487179487,0.9487179487179487,0.9743589743589743,0.9743589743589743,1.0,0.7489878542510121,0.33333333333333326,0.3846153846153846,0.46153846153846156,0.5384615384615384,0.6410256410256411,0.6923076923076923,0.717948717948718,0.7692307692307693,0.7692307692307693,0.7692307692307693,0.7692307692307693,0.7692307692307693,0.8461538461538461,0.9230769230769231,0.9487179487179487,0.9487179487179487,0.9743589743589743,0.9743589743589743,1,0.7489878542510122
storm_IBk_BestFirst_NoSampling_noCostSensitive_7.csv,IBk,BestFirst,NoSampling,noCostSensitive,268,0,0.0,0.0,0.003239946636173051,1.0,0.0,0,0.09803921568627451,0.29411764705882354,0.35294117647058826,0.43137254901960786,0.5294117647058824,0.5882352941176471,0.6470588235294118,0.7843137254901961,0.8235294117647058,0.8627450980392157,0.9215686274509803,0.9803921568627451,0.9803921568627451,0.9803921568627451,1.0,1.0,1.0,1.0,1.0,0.7512899896800826,0.09803921568627451,0.29411764705882354,0.35294117647058826,0.43137254901960786,0.5294117647058824,0.5882352941176471,0.6470588235294118,0.7843137254901961,0.8235294117647058,0.8627450980392157,0.9215686274509803,0.9803921568627451,0.9803921568627451,0.9803921568627451,1.0,1.0,1.0,1.0,1.0,0.7512899896800826,0.0980392156862745,0.2941176470588236,0.3529411764705883,0.43137254901960786,0.5294117647058824,0.5882352941176471,0.6470588235294118,0.7843137254901961,0.8235294117647058,0.8627450980392157,0.9215686274509803,0.9803921568627451,0.9803921568627451,0.9803921568627451,1.0,1.0,1.0,1.0,1,0.7512899896800826
storm_IBk_BestFirst_NoSampling_noCostSensitive_8.csv,IBk,BestFirst,NoSampling,noCostSensitive,0,0.7551020408163265,0.5967741935483871,0.6666666666666666,0.5648433950137366,0.9558398220244717,0.7448910479482448,0.6576752020851724,0.6774193548387096,0.7258064516129032,0.7903225806451613,0.8064516129032258,0.8387096774193549,0.8870967741935484,0.9193548387096774,0.9354838709677419,0.9354838709677419,0.9516129032258065,0.9516129032258065,0.967741935483871,0.967741935483871,0.967741935483871,0.967741935483871,0.967741935483871,0.967741935483871,0.967741935483871,1.0,0.8406132633636878,0.6774193548387096,0.7258064516129032,0.7903225806451613,0.8064516129032258,0.8387096774193549,0.8870967741935484,0.9193548387096774,0.9354838709677419,0.9354838709677419,0.9516129032258065,0.9516129032258065,0.967741935483871,0.967741935483871,0.967741935483871,0.967741935483871,0.967741935483871,0.967741935483871,0.967741935483871,1.0,0.9034315995266758,0.6774193548387096,0.7258064516129032,0.7903225806451613,0.8064516129032258,0.8387096774193549,0.8870967741935484,0.9193548387096774,0.9354838709677419,0.9354838709677419,0.9516129032258065,0.9516129032258065,0.967741935483871,0.967741935483871,0.967741935483871,0.967741935483871,0.967741935483871,0.967741935483871,0.9393939393939394,1,0.904923599320883
storm_IBk_BestFirst_NoSampling_noCostSensitive_9.csv,IBk,BestFirst,NoSampling,noCostSensitive,0,0.3793103448275862,0.2682926829268293,0.3142857142857143,0.2915035874861787,0.9535547483134403,0.42199561120433715,0.3035690779487615,0.4146341463414634,0.5121951219512195,0.6341463414634146,0.6341463414634146,0.7073170731707317,0.7560975609756098,0.7804878048780488,0.8536585365853658,0.9024390243902439,0.9512195121951219,0.9512195121951219,0.9512195121951219,0.975609756097561,0.975609756097561,0.975609756097561,1.0,1.0,1.0,1.0,0.82798459563543,0.4146341463414634,0.5121951219512195,0.6341463414634146,0.6341463414634146,0.7073170731707317,0.7560975609756098,0.7804878048780488,0.8536585365853658,0.9024390243902439,0.9512195121951219,0.9512195121951219,0.9512195121951219,0.975609756097561,0.975609756097561,0.975609756097561,1.0,1.0,1.0,1.0,0.8408215661103979,0.41463414634146334,0.5121951219512195,0.6341463414634146,0.6341463414634146,0.7073170731707317,0.7560975609756098,0.7804878048780488,0.8536585365853658,0.9024390243902439,0.9512195121951219,0.9512195121951219,0.9512195121951219,0.975609756097561,0.975609756097561,0.975609756097561,1.0,1.0,1.0,1,0.8408215661103979
storm_IBk_BestFirst_NoSampling_yesCostSensitive_1.csv,IBk,BestFirst,NoSampling,yesCostSensitive,0,0,0.0,0.0,0.03385203385203385,1.0,0.0,0,0.20242914979757085,0.2834008097165992,0.3441295546558704,0.41295546558704455,0.46963562753036436,0.5425101214574899,0.6032388663967612,0.6761133603238867,0.7368421052631579,0.8137651821862348,0.8704453441295547,0.902834008097166,0.9311740890688259,0.9635627530364372,0.9919028340080972,1.0,1.0,1.0,1.0,0.07419292612600979,0.20242914979757085,0.2834008097165992,0.3441295546558704,0.41295546558704455,0.46963562753036436,0.5425101214574899,0.6032388663967612,0.6761133603238867,0.7368421052631579,0.8137651821862348,0.8704453441295547,0.902834008097166,0.9311740890688259,0.9635627530364372,0.9919028340080972,1.0,1.0,1.0,1.0,0.1380648230396069,0.35460992907801425,0.4093567251461988,0.4450261780104712,0.49514563106796117,0.5321100917431192,0.29323308270676696,0.09375,0,0,0,0,0,0,0,0.0,0.0,0.0,0.0,0.0,0.7234178563818453
storm_IBk_BestFirst_NoSampling_yesCostSensitive_10.csv,IBk,BestFirst,NoSampling,yesCostSensitive,0,0.08333333333333333,0.017241379310344827,0.02857142857142857,0.14447438887742622,0.9930075389213544,0.03389418830595301,0.021938400079302735,0.2413793103448276,0.3448275862068966,0.41379310344827586,0.5172413793103449,0.6206896551724138,0.7068965517241379,0.7586206896551724,0.8448275862068966,0.896551724137931,0.9137931034482759,0.9310344827586207,0.9655172413793104,0.9827586206896551,0.9827586206896551,0.9827586206896551,1.0,1.0,1.0,1.0,0.7831215970961887,0.2413793103448276,0.3448275862068966,0.41379310344827586,0.5172413793103449,0.6206896551724138,0.7068965517241379,0.7586206896551724,0.8448275862068966,0.896551724137931,0.9137931034482759,0.9310344827586207,0.9655172413793104,0.9827586206896551,0.9827586206896551,0.9827586206896551,1.0,1.0,1.0,1.0,0.79491833030853,0.24137931034482762,0.3448275862068966,0.4137931034482758,0.5172413793103449,0.6206896551724138,0.7068965517241379,0.7586206896551724,0.8448275862068966,0.896551724137931,0.9137931034482759,0.9310344827586207,0.9655172413793104,0.9827586206896551,0.9827586206896551,0.9827586206896551,1.0,1.0,1.0,1,0.79491833030853
storm_IBk_BestFirst_NoSampling_yesCostSensitive_11.csv,IBk,BestFirst,NoSampling,yesCostSensitive,0,0.27241379310344827,0.5895522388059702,0.37264150943396224,0.2532213814020737,0.897121888896592,0.6995425615867886,0.32273769694120596,0.4253731343283582,0.5298507462686567,0.5970149253731343,0.7089552238805971,0.7761194029850746,0.8507462686567164,0.9104477611940298,0.9402985074626866,0.9402985074626866,0.9402985074626866,0.9402985074626866,0.9552238805970149,0.9552238805970149,0.9552238805970149,0.9552238805970149,0.9552238805970149,0.9776119402985075,0.9925373134328358,1.0,0.7650656491976209,0.4253731343283582,0.5298507462686567,0.5970149253731343,0.7089552238805971,0.7761194029850746,0.8507462686567164,0.9104477611940298,0.9402985074626866,0.9402985074626866,0.9402985074626866,0.9402985074626866,0.9552238805970149,0.9552238805970149,0.9552238805970149,0.9552238805970149,0.9552238805970149,0.9776119402985075,0.9925373134328358,1.0,0.8560954625369392,0.4253731343283582,0.5298507462686567,0.5970149253731343,0.7089552238805971,0.7761194029850746,0.8507462686567164,0.9104477611940298,0.9402985074626866,0.9402985074626866,0.9402985074626866,0.9402985074626866,0.9552238805970149,0.9552238805970149,0.9552238805970149,0.9552238805970149,0.9552238805970149,0.9776119402985075,0.9523809523809522,1,0.8582089552238806
storm_IBk_BestFirst_NoSampling_yesCostSensitive_12.csv,IBk,BestFirst,NoSampling,yesCostSensitive,0,0.6938775510204082,0.53125,0.6017699115044248,0.5034429103562833,0.9755219991606047,0.6897913467200906,0.5830826716310987,0.5625,0.65625,0.71875,0.75,0.78125,0.8359375,0.8515625,0.890625,0.9375,0.9375,0.9453125,0.9609375,0.96875,0.9765625,0.984375,0.984375,0.984375,0.984375,1.0,0.8870065789473683,0.5625,0.65625,0.71875,0.75,0.78125,0.8359375,0.8515625,0.890625,0.9375,0.9375,0.9453125,0.9609375,0.96875,0.9765625,0.984375,0.984375,0.984375,0.984375,1.0,0.8750822368421052,0.5625,0.65625,0.71875,0.75,0.78125,0.8359375,0.8515625,0.890625,0.9375,0.9375,0.9453125,0.9609375,0.96875,0.9765625,0.984375,0.984375,0.984375,0.9,1,0.8795230263157895
storm_IBk_BestFirst_NoSampling_yesCostSensitive_13.csv,IBk,BestFirst,NoSampling,yesCostSensitive,0,0.1912751677852349,0.7307692307692307,0.30319148936170215,0.19563408425783882,0.8550891133342907,0.7859013762509652,0.31984218418219984,0.4358974358974359,0.5384615384615384,0.6153846153846154,0.6794871794871795,0.7307692307692307,0.7692307692307693,0.8205128205128205,0.8589743589743589,0.8589743589743589,0.8589743589743589,0.8589743589743589,0.8717948717948718,0.8974358974358975,0.8974358974358975,0.9102564102564102,0.9102564102564102,0.9102564102564102,0.9102564102564102,1.0,0.836140350877193,0.4358974358974359,0.5384615384615384,0.6153846153846154,0.6794871794871795,0.7307692307692307,0.7692307692307693,0.8205128205128205,0.8589743589743589,0.8589743589743589,0.8589743589743589,0.8589743589743589,0.8717948717948718,0.8974358974358975,0.8974358974358975,0.9102564102564102,0.9102564102564102,0.9102564102564102,0.9102564102564102,1.0,0.7970040485829959,0.4358974358974359,0.5384615384615384,0.6153846153846154,0.6794871794871795,0.7307692307692307,0.7692307692307693,0.8205128205128205,0.8589743589743589,0.8589743589743589,0.8589743589743589,0.8589743589743589,0.8717948717948718,0.8974358974358975,0.8974358974358975,0.9102564102564102,0.9102564102564102,0.9102564102564102,0.72,1,0.8070175438596492
storm_IBk_BestFirst_NoSampling_yesCostSensitive_14.csv,IBk,BestFirst,NoSampling,yesCostSensitive,1,0.125,0.13725490196078433,0.1308411214953271,0.17709291657025414,0.9585636184387413,0.24063812073086674,0.10737183519998747,0.1568627450980392,0.19607843137254902,0.27450980392156865,0.3137254901960784,0.45098039215686275,0.45098039215686275,0.47058823529411764,0.5294117647058824,0.6666666666666666,0.7058823529411765,0.7647058823529411,0.8431372549019608,0.9411764705882353,0.9607843137254902,0.9803921568627451,0.9803921568627451,0.9803921568627451,0.9803921568627451,1.0,0.5132257889305306,0.1568627450980392,0.19607843137254902,0.27450980392156865,0.3137254901960784,0.45098039215686275,0.45098039215686275,0.47058823529411764,0.5294117647058824,0.6666666666666666,0.7058823529411765,0.7647058823529411,0.8431372549019608,0.9411764705882353,0.9607843137254902,0.9803921568627451,0.9803921568627451,0.9803921568627451,0.9803921568627451,1.0,0.6638965835641736,0.1568627450980392,0.196078431372549,0.27450980392156865,0.3137254901960784,0.4509803921568627,0.4509803921568627,0.47058823529411764,0.5294117647058824,0.6666666666666666,0.7058823529411765,0.7647058823529411,0.8431372549019608,0.9411764705882353,0.9607843137254902,0.9803921568627451,0.9803921568627451,0.9803921568627451,0.9473684210526314,1,0.6656346749226006
storm_IBk_BestFirst_NoSampling_yesCostSensitive_15.csv,IBk,BestFirst,NoSampling,yesCostSensitive,0,0.193717277486911,0.6065573770491803,0.29365079365079366,0.26045617340336025,0.8613702815466998,0.7319965201327505,0.3094276626758775,0.2786885245901639,0.3442622950819672,0.39344262295081966,0.4262295081967213,0.47540983606557374,0.5573770491803278,0.639344262295082,0.7049180327868853,0.8032786885245902,0.819672131147541,0.8360655737704918,0.8524590163934426,0.8852459016393442,0.8852459016393442,0.8852459016393442,0.8852459016393442,0.9508196721311475,0.9836065573770492,1.0,0.7741347905282331,0.2786885245901639,0.3442622950819672,0.39344262295081966,0.4262295081967213,0.47540983606557374,0.5573770491803278,0.639344262295082,0.7049180327868853,0.8032786885245902,0.819672131147541,0.8360655737704918,0.8524590163934426,0.8852459016393442,0.8852459016393442,0.8852459016393442,0.8852459016393442,0.9508196721311475,0.9836065573770492,1.0,0.714073434953504,0.2786885245901639,0.34426229508196715,0.39344262295081966,0.42622950819672134,0.47540983606557374,0.5573770491803278,0.639344262295082,0.7049180327868853,0.8032786885245902,0.819672131147541,0.8360655737704918,0.8524590163934426,0.8852459016393442,0.8852459016393442,0.8852459016393442,0.8852459016393442,0.9508196721311475,0.9444444444444444,1,0.7161345987920621
storm_IBk_BestFirst_NoSampling_yesCostSensitive_16.csv,IBk,BestFirst,NoSampling,yesCostSensitive,1,0.12875536480686695,0.75,0.21978021978021978,0.19726635653963315,0.9045323741007191,0.8192701153595008,0.2838682251832497,0.175,0.25,0.325,0.4,0.425,0.55,0.575,0.675,0.8,0.85,0.875,0.9,0.9,0.925,0.925,0.925,0.925,0.95,1.0,0.8362573099415205,0.175,0.25,0.325,0.4,0.425,0.55,0.575,0.675,0.8,0.85,0.875,0.9,0.9,0.925,0.925,0.925,0.925,0.95,1.0,0.6994152046783626,0.17500000000000004,0.25,0.32499999999999996,0.4,0.42500000000000004,0.55,0.575,0.675,0.8,0.85,0.875,0.9,0.9,0.925,0.925,0.925,0.925,0.8888888888888888,1,0.7026315789473684
storm_IBk_BestFirst_NoSampling_yesCostSensitive_17.csv,IBk,BestFirst,NoSampling,yesCostSensitive,0,1.0,0.037037037037037035,0.07142857142857142,0.3671016042780749,1.0,0.07142857142857142,0.19126856679530044,0.07407407407407407,0.1111111111111111,0.1111111111111111,0.1111111111111111,0.2222222222222222,0.25925925925925924,0.2962962962962963,0.4444444444444444,0.5185185185185185,0.6296296296296297,0.6666666666666666,0.6666666666666666,0.7407407407407407,0.8148148148148148,0.9259259259259259,0.9629629629629629,1.0,1.0,1.0,0.5555555555555556,0.07407407407407407,0.1111111111111111,0.1111111111111111,0.1111111111111111,0.2222222222222222,0.25925925925925924,0.2962962962962963,0.4444444444444444,0.5185185185185185,0.6296296296296297,0.6666666666666666,0.6666666666666666,0.7407407407407407,0.8148148148148148,0.9259259259259259,0.9629629629629629,1.0,1.0,1.0,0.5555555555555556,0.07407407407407407,0.11111111111111116,0.11111111111111116,0.11111111111111116,0.2222222222222222,0.2592592592592593,0.2962962962962963,0.4444444444444444,0.5185185185185185,0.6296296296296297,0.6666666666666666,0.6666666666666666,0.7407407407407407,0.8148148148148148,0.9259259259259259,0.9629629629629629,1.0,1.0,1,0.5555555555555556
storm_IBk_BestFirst_NoSampling_yesCostSensitive_2.csv,IBk,BestFirst,NoSampling,yesCostSensitive,21,0.0,0,0.0,0.0,0.0,0.0,0,0,0,0,0,0,0,0,0,0,0,0,0,0,0,0,0,0,0,0,1.0,0,0,0,0,0,0,0,0,0,0,0,0,0,0,0,0,0,0,0,1.0,1,1,1,1,1,1,1,1,1,1,1,1,1,1,1,1,1,1,1,0.0
storm_IBk_BestFirst_NoSampling_yesCostSensitive_3.csv,IBk,BestFirst,NoSampling,yesCostSensitive,0,0.6605504587155964,0.37894736842105264,0.4816053511705686,0.5805919346112399,0.9634093194770366,0.5403222734372024,0.3976593326199638,0.3,0.34210526315789475,0.3631578947368421,0.3736842105263158,0.3736842105263158,0.3736842105263158,0.3736842105263158,0.5210526315789473,0.6052631578947368,0.6631578947368421,0.7210526315789474,0.7947368421052632,0.8473684210526315,0.9,0.9210526315789473,0.9473684210526315,0.968421052631579,0.9894736842105263,1.0,0.2675151325444897,0.3,0.34210526315789475,0.3631578947368421,0.3736842105263158,0.3736842105263158,0.3736842105263158,0.3736842105263158,0.5210526315789473,0.6052631578947368,0.6631578947368421,0.7210526315789474,0.7947368421052632,0.8473684210526315,0.9,0.9210526315789473,0.9473684210526315,0.968421052631579,0.9894736842105263,1.0,0.28488615458832406,0.39860139860139854,0.39634146341463405,0.38983050847457634,0.38586956521739124,0.3776595744680852,0.3756613756613757,0.3756613756613757,0.5238095238095237,0.6052631578947368,0.45299145299145294,0.1311475409836066,0,0,0,0,0,0,0,1,0.6515235457063712
storm_IBk_BestFirst_NoSampling_yesCostSensitive_4.csv,IBk,BestFirst,NoSampling,yesCostSensitive,0,0.5397350993377483,0.4670487106017192,0.500768049155146,0.4539615629088027,0.7065673750397964,0.578171354824047,0.23332664161765823,0.38108882521489973,0.5186246418338109,0.5902578796561605,0.667621776504298,0.7134670487106017,0.7478510028653295,0.7765042979942693,0.7994269340974212,0.830945558739255,0.8538681948424068,0.8968481375358166,0.9283667621776505,0.9455587392550143,0.9455587392550143,0.9455587392550143,0.9455587392550143,0.9713467048710601,0.9828080229226361,1.0,0.1113548943726661,0.38108882521489973,0.5186246418338109,0.5902578796561605,0.667621776504298,0.7134670487106017,0.7478510028653295,0.7765042979942693,0.7994269340974212,0.830945558739255,0.8538681948424068,0.8968481375358166,0.9283667621776505,0.9455587392550143,0.9455587392550143,0.9455587392550143,0.9455587392550143,0.9713467048710601,0.9828080229226361,1.0,0.4515934768743503,0.532,0.6135593220338983,0.64576802507837,0.6955223880597015,0.7259475218658892,0.7521613832853025,0.7787356321839081,0.8017241379310345,0.727699530516432,0.564102564102564,0.4374999999999998,0.305555555555556,0,0,0,0,0,0,1,0.8126979339466144
storm_IBk_BestFirst_NoSampling_yesCostSensitive_5.csv,IBk,BestFirst,NoSampling,yesCostSensitive,0,0.8658730158730159,1.0,0.9281156954487452,0.7299935232900243,0.4743204107012992,0.3424124513618677,0.4229252739154892,0.41246562786434465,0.5453712190650779,0.6416131989000916,0.7204399633363886,0.7800183318056828,0.8313473877176902,0.8698441796516957,0.8973418881759854,0.9202566452795601,0.9413382218148487,0.9596700274977086,0.9743354720439963,0.9853345554537122,0.9935838680109991,0.998166819431714,0.999083409715857,0.999083409715857,0.999083409715857,1.0,0.2540004976402872,0.41246562786434465,0.5453712190650779,0.6416131989000916,0.7204399633363886,0.7800183318056828,0.8313473877176902,0.8698441796516957,0.8973418881759854,0.9202566452795601,0.9413382218148487,0.9596700274977086,0.9743354720439963,0.9853345554537122,0.9935838680109991,0.998166819431714,0.999083409715857,0.999083409715857,0.999083409715857,1.0,0.3162734343470676,0.740223463687151,0.6296296296296297,0.4942528735632181,0.3906249999999999,0.26041666666666563,0.2142857142857154,0.14285714285714324,0.07500000000000107,0.028571428571430024,0.033333333333330994,0.0,0.0,0,0.0,0.0,1,1,0.0,1,0.8667567176419508
storm_IBk_BestFirst_NoSampling_yesCostSensitive_6.csv,IBk,BestFirst,NoSampling,yesCostSensitive,0,0.030612244897959183,0.7692307692307693,0.058881256133464184,0.037151506286395054,0.6575605080277979,0.4490149162551545,0.030257336126494623,0.1794871794871795,0.28205128205128205,0.41025641025641024,0.5128205128205128,0.5641025641025641,0.6923076923076923,0.6923076923076923,0.7692307692307693,0.7692307692307693,0.7692307692307693,0.7692307692307693,0.7692307692307693,0.8461538461538461,0.9230769230769231,0.9487179487179487,0.9487179487179487,0.9743589743589743,0.9743589743589743,1.0,0.6045883940620783,0.1794871794871795,0.28205128205128205,0.41025641025641024,0.5128205128205128,0.5641025641025641,0.6923076923076923,0.6923076923076923,0.7692307692307693,0.7692307692307693,0.7692307692307693,0.7692307692307693,0.7692307692307693,0.8461538461538461,0.9230769230769231,0.9487179487179487,0.9487179487179487,0.9743589743589743,0.9743589743589743,1.0,0.7260458839406209,0.17948717948717952,0.28205128205128205,0.41025641025641024,0.5128205128205128,0.5641025641025641,0.6923076923076923,0.6923076923076923,0.7692307692307693,0.7692307692307693,0.7692307692307693,0.7692307692307693,0.7692307692307693,0.8461538461538461,0.9230769230769231,0.9487179487179487,0.9487179487179487,0.9743589743589743,0.9743589743589743,1,0.7260458839406209
storm_IBk_BestFirst_NoSampling_yesCostSensitive_7.csv,IBk,BestFirst,NoSampling,yesCostSensitive,268,0,0.0,0.0,0.016199733180865258,1.0,0.0,0,0.09803921568627451,0.29411764705882354,0.35294117647058826,0.43137254901960786,0.5294117647058824,0.5882352941176471,0.6470588235294118,0.7843137254901961,0.8235294117647058,0.8627450980392157,0.9215686274509803,0.9803921568627451,0.9803921568627451,0.9803921568627451,1.0,1.0,1.0,1.0,1.0,0.7512899896800826,0.09803921568627451,0.29411764705882354,0.35294117647058826,0.43137254901960786,0.5294117647058824,0.5882352941176471,0.6470588235294118,0.7843137254901961,0.8235294117647058,0.8627450980392157,0.9215686274509803,0.9803921568627451,0.9803921568627451,0.9803921568627451,1.0,1.0,1.0,1.0,1.0,0.7512899896800826,0.0980392156862745,0.2941176470588236,0.3529411764705883,0.43137254901960786,0.5294117647058824,0.5882352941176471,0.6470588235294118,0.7843137254901961,0.8235294117647058,0.8627450980392157,0.9215686274509803,0.9803921568627451,0.9803921568627451,0.9803921568627451,1.0,1.0,1.0,1.0,1,0.7512899896800826
storm_IBk_BestFirst_NoSampling_yesCostSensitive_8.csv,IBk,BestFirst,NoSampling,yesCostSensitive,0,0.5,0.7258064516129032,0.5921052631578947,0.31500459990500607,0.9563836361389197,0.8286747780335417,0.5800505440636093,0.4032258064516129,0.46774193548387094,0.5,0.6129032258064516,0.7096774193548387,0.8064516129032258,0.8548387096774194,0.9193548387096774,0.9354838709677419,0.9354838709677419,0.9516129032258065,0.967741935483871,0.967741935483871,0.967741935483871,0.967741935483871,0.967741935483871,0.967741935483871,0.967741935483871,1.0,0.8372176776251479,0.4032258064516129,0.46774193548387094,0.5,0.6129032258064516,0.7096774193548387,0.8064516129032258,0.8548387096774194,0.9193548387096774,0.9354838709677419,0.9354838709677419,0.9516129032258065,0.967741935483871,0.967741935483871,0.967741935483871,0.967741935483871,0.967741935483871,0.967741935483871,0.967741935483871,1.0,0.833822091886608,0.4032258064516129,0.467741935483871,0.5,0.6129032258064516,0.7096774193548387,0.8064516129032258,0.8548387096774194,0.9193548387096774,0.9354838709677419,0.9354838709677419,0.9516129032258065,0.967741935483871,0.967741935483871,0.967741935483871,0.967741935483871,0.967741935483871,0.967741935483871,0.9393939393939394,1,0.8353140916808149
storm_IBk_BestFirst_NoSampling_yesCostSensitive_9.csv,IBk,BestFirst,NoSampling,yesCostSensitive,0,0.2537313432835821,0.4146341463414634,0.3148148148148148,0.1634173625599579,0.9538142189932536,0.5803573524923106,0.30096079205438064,0.2682926829268293,0.4146341463414634,0.4146341463414634,0.5365853658536586,0.6341463414634146,0.7804878048780488,0.8292682926829268,0.8780487804878049,0.926829268292683,0.926829268292683,0.926829268292683,0.9512195121951219,0.975609756097561,0.975609756097561,0.975609756097561,1.0,1.0,1.0,1.0,0.82798459563543,0.2682926829268293,0.4146341463414634,0.4146341463414634,0.5365853658536586,0.6341463414634146,0.7804878048780488,0.8292682926829268,0.8780487804878049,0.926829268292683,0.926829268292683,0.926829268292683,0.9512195121951219,0.975609756097561,0.975609756097561,0.975609756097561,1.0,1.0,1.0,1.0,0.8112965340179717,0.2682926829268293,0.41463414634146334,0.41463414634146334,0.5365853658536586,0.6341463414634146,0.7804878048780488,0.8292682926829268,0.8780487804878049,0.926829268292683,0.926829268292683,0.926829268292683,0.9512195121951219,0.975609756097561,0.975609756097561,0.975609756097561,1.0,1.0,1.0,1,0.8112965340179717
storm_IBk_BestFirst_SMOTE_noCostSensitive_1.csv,IBk,BestFirst,SMOTE,noCostSensitive,0,0,0.0,0.0,0.03385203385203385,1.0,0.0,0,0.20242914979757085,0.2834008097165992,0.3441295546558704,0.41295546558704455,0.46963562753036436,0.5425101214574899,0.6032388663967612,0.6761133603238867,0.7368421052631579,0.8137651821862348,0.8704453441295547,0.902834008097166,0.9311740890688259,0.9635627530364372,0.9919028340080972,1.0,1.0,1.0,1.0,0.07419292612600979,0.20242914979757085,0.2834008097165992,0.3441295546558704,0.41295546558704455,0.46963562753036436,0.5425101214574899,0.6032388663967612,0.6761133603238867,0.7368421052631579,0.8137651821862348,0.8704453441295547,0.902834008097166,0.9311740890688259,0.9635627530364372,0.9919028340080972,1.0,1.0,1.0,1.0,0.1380648230396069,0.35460992907801425,0.4093567251461988,0.4450261780104712,0.49514563106796117,0.5321100917431192,0.29323308270676696,0.09375,0,0,0,0,0,0,0,0.0,0.0,0.0,0.0,0.0,0.7234178563818453
storm_IBk_BestFirst_SMOTE_noCostSensitive_10.csv,IBk,BestFirst,SMOTE,noCostSensitive,0,0.14285714285714285,0.017241379310344827,0.03076923076923077,0.11400864714648397,0.9809296516036937,0.03389606673563269,0.03783873408366538,0.2413793103448276,0.3620689655172414,0.41379310344827586,0.5517241379310345,0.6206896551724138,0.7068965517241379,0.7586206896551724,0.896551724137931,0.896551724137931,0.9137931034482759,0.9310344827586207,0.9655172413793104,0.9827586206896551,0.9827586206896551,1.0,1.0,1.0,1.0,1.0,0.7921960072595281,0.2413793103448276,0.3620689655172414,0.41379310344827586,0.5517241379310345,0.6206896551724138,0.7068965517241379,0.7586206896551724,0.896551724137931,0.896551724137931,0.9137931034482759,0.9310344827586207,0.9655172413793104,0.9827586206896551,0.9827586206896551,1.0,1.0,1.0,1.0,1.0,0.8012704174228675,0.24137931034482762,0.3620689655172413,0.4137931034482758,0.5517241379310345,0.6206896551724138,0.7068965517241379,0.7586206896551724,0.896551724137931,0.896551724137931,0.9137931034482759,0.9310344827586207,0.9655172413793104,0.9827586206896551,0.9827586206896551,1.0,1.0,1.0,1.0,1,0.8012704174228675
storm_IBk_BestFirst_SMOTE_noCostSensitive_11.csv,IBk,BestFirst,SMOTE,noCostSensitive,0,0.648936170212766,0.4552238805970149,0.5350877192982456,0.5003514694747658,0.8220443898622352,0.6212898567248129,0.5106399162011002,0.5149253731343284,0.6044776119402985,0.6865671641791045,0.7611940298507462,0.8059701492537313,0.8432835820895522,0.8731343283582089,0.9029850746268657,0.917910447761194,0.917910447761194,0.9253731343283582,0.9253731343283582,0.9253731343283582,0.9477611940298507,0.9850746268656716,1.0,1.0,1.0,1.0,0.802715744585344,0.5149253731343284,0.6044776119402985,0.6865671641791045,0.7611940298507462,0.8059701492537313,0.8432835820895522,0.8731343283582089,0.9029850746268657,0.917910447761194,0.917910447761194,0.9253731343283582,0.9253731343283582,0.9253731343283582,0.9477611940298507,0.9850746268656716,1.0,1.0,1.0,1.0,0.8703849175176748,0.5149253731343284,0.6044776119402985,0.6865671641791045,0.7611940298507462,0.8059701492537313,0.8432835820895522,0.8731343283582089,0.9029850746268657,0.917910447761194,0.917910447761194,0.9253731343283582,0.9253731343283582,0.9253731343283582,0.9477611940298507,0.9850746268656716,1.0,1.0,1.0,1,0.8703849175176748
storm_IBk_BestFirst_SMOTE_noCostSensitive_12.csv,IBk,BestFirst,SMOTE,noCostSensitive,0,0.7191011235955056,0.5,0.5898617511520737,0.4984452350882004,0.8031529798545047,0.6635285257013745,0.5765900470447837,0.5546875,0.640625,0.71875,0.796875,0.8359375,0.8671875,0.90625,0.9296875,0.9296875,0.9375,0.96875,0.9765625,0.9765625,0.984375,0.9921875,1.0,1.0,1.0,1.0,0.8442434210526315,0.5546875,0.640625,0.71875,0.796875,0.8359375,0.8671875,0.90625,0.9296875,0.9296875,0.9375,0.96875,0.9765625,0.9765625,0.984375,0.9921875,1.0,1.0,1.0,1.0,0.8955592105263158,0.5546875,0.640625,0.71875,0.796875,0.8359375,0.8671875,0.90625,0.9296875,0.9296875,0.9375,0.96875,0.9765625,0.9765625,0.984375,0.9921875,1.0,1.0,1.0,1,0.8955592105263158
storm_IBk_BestFirst_SMOTE_noCostSensitive_13.csv,IBk,BestFirst,SMOTE,noCostSensitive,0,0.5862068965517241,0.4358974358974359,0.5,0.4148782466153751,0.770890175992852,0.6043613007545813,0.4851668957870101,0.5384615384615384,0.6282051282051282,0.7307692307692307,0.7692307692307693,0.8205128205128205,0.8333333333333334,0.8974358974358975,0.9358974358974359,0.9487179487179487,0.9615384615384616,0.9743589743589743,0.9743589743589743,0.9871794871794872,1.0,1.0,1.0,1.0,1.0,1.0,0.8535762483130904,0.5384615384615384,0.6282051282051282,0.7307692307692307,0.7692307692307693,0.8205128205128205,0.8333333333333334,0.8974358974358975,0.9358974358974359,0.9487179487179487,0.9615384615384616,0.9743589743589743,0.9743589743589743,0.9871794871794872,1.0,1.0,1.0,1.0,1.0,1.0,0.8947368421052632,0.5384615384615384,0.6282051282051282,0.7307692307692307,0.7692307692307693,0.8205128205128205,0.8333333333333334,0.8974358974358975,0.9358974358974359,0.9487179487179487,0.9615384615384616,0.9743589743589743,0.9743589743589743,0.9871794871794872,1.0,1.0,1.0,1.0,1.0,1,0.8947368421052632
storm_IBk_BestFirst_SMOTE_noCostSensitive_14.csv,IBk,BestFirst,SMOTE,noCostSensitive,0,0.22033898305084745,0.2549019607843137,0.23636363636363636,0.16651431407488607,0.5885838337366435,0.4042855987709226,0.21570930888481984,0.29411764705882354,0.3137254901960784,0.43137254901960786,0.47058823529411764,0.5098039215686274,0.5098039215686274,0.5490196078431373,0.6274509803921569,0.6862745098039216,0.8431372549019608,0.8823529411764706,0.8823529411764706,0.9019607843137255,0.9607843137254902,0.9607843137254902,1.0,1.0,1.0,1.0,0.7168540546412471,0.29411764705882354,0.3137254901960784,0.43137254901960786,0.47058823529411764,0.5098039215686274,0.5098039215686274,0.5490196078431373,0.6274509803921569,0.6862745098039216,0.8431372549019608,0.8823529411764706,0.8823529411764706,0.9019607843137255,0.9607843137254902,0.9607843137254902,1.0,1.0,1.0,1.0,0.7275541795665635,0.2941176470588236,0.3137254901960784,0.43137254901960786,0.47058823529411764,0.5098039215686274,0.5098039215686274,0.5490196078431373,0.6274509803921569,0.6862745098039216,0.8431372549019608,0.8823529411764706,0.8823529411764706,0.9019607843137255,0.9607843137254902,0.9607843137254902,1.0,1.0,1.0,1,0.7275541795665635
storm_IBk_BestFirst_SMOTE_noCostSensitive_15.csv,IBk,BestFirst,SMOTE,noCostSensitive,0,0.576271186440678,0.5573770491803278,0.5666666666666667,0.3990883300811324,0.7260176089884689,0.7125548260187671,0.5537324652682432,0.4098360655737705,0.4918032786885246,0.6065573770491803,0.6065573770491803,0.639344262295082,0.6885245901639344,0.7049180327868853,0.7213114754098361,0.7868852459016393,0.8688524590163934,0.9180327868852459,0.9344262295081968,0.9508196721311475,0.9836065573770492,1.0,1.0,1.0,1.0,1.0,0.7948422969993288,0.4098360655737705,0.4918032786885246,0.6065573770491803,0.6065573770491803,0.639344262295082,0.6885245901639344,0.7049180327868853,0.7213114754098361,0.7868852459016393,0.8688524590163934,0.9180327868852459,0.9344262295081968,0.9508196721311475,0.9836065573770492,1.0,1.0,1.0,1.0,1.0,0.8058671268334772,0.4098360655737705,0.4918032786885246,0.6065573770491803,0.6065573770491803,0.639344262295082,0.6885245901639344,0.7049180327868853,0.7213114754098361,0.7868852459016393,0.8688524590163934,0.9180327868852459,0.9344262295081968,0.9508196721311475,0.9836065573770492,1.0,1.0,1.0,1.0,1,0.8058671268334772
storm_IBk_BestFirst_SMOTE_noCostSensitive_16.csv,IBk,BestFirst,SMOTE,noCostSensitive,1,0.3333333333333333,0.675,0.4462809917355372,0.24816445583288746,0.8011031175059955,0.7974261097175265,0.46069358047301695,0.375,0.5,0.575,0.675,0.725,0.75,0.775,0.8,0.8,0.875,0.95,0.95,0.975,0.975,1.0,1.0,1.0,1.0,1.0,0.8513157894736842,0.375,0.5,0.575,0.675,0.725,0.75,0.775,0.8,0.8,0.875,0.95,0.95,0.975,0.975,1.0,1.0,1.0,1.0,1.0,0.8263157894736842,0.375,0.5,0.575,0.675,0.725,0.75,0.775,0.8,0.8,0.875,0.95,0.95,0.975,0.975,1.0,1.0,1.0,1.0,1,0.8263157894736842
storm_IBk_BestFirst_SMOTE_noCostSensitive_17.csv,IBk,BestFirst,SMOTE,noCostSensitive,3,0.20689655172413793,0.2222222222222222,0.21428571428571427,0.15272879891338348,0.5435688309854182,0.36290498885050937,0.20394169707859477,0.1111111111111111,0.2222222222222222,0.25925925925925924,0.3333333333333333,0.4074074074074074,0.5185185185185185,0.5555555555555556,0.5555555555555556,0.5555555555555556,0.6666666666666666,0.8148148148148148,0.8148148148148148,0.8888888888888888,0.9259259259259259,1.0,1.0,1.0,1.0,1.0,0.6360867446393762,0.1111111111111111,0.2222222222222222,0.25925925925925924,0.3333333333333333,0.4074074074074074,0.5185185185185185,0.5555555555555556,0.5555555555555556,0.5555555555555556,0.6666666666666666,0.8148148148148148,0.8148148148148148,0.8888888888888888,0.9259259259259259,1.0,1.0,1.0,1.0,1.0,0.6647173489278753,0.11111111111111116,0.2222222222222222,0.2592592592592593,0.33333333333333326,0.40740740740740744,0.5185185185185185,0.5555555555555556,0.5555555555555556,0.5555555555555556,0.6666666666666666,0.8148148148148148,0.8148148148148148,0.8888888888888888,0.9259259259259259,1.0,1.0,1.0,1.0,1,0.6647173489278753
storm_IBk_BestFirst_SMOTE_noCostSensitive_2.csv,IBk,BestFirst,SMOTE,noCostSensitive,21,0.0,0,0.0,0.0,0.0,0.0,0,0,0,0,0,0,0,0,0,0,0,0,0,0,0,0,0,0,0,0,1.0,0,0,0,0,0,0,0,0,0,0,0,0,0,0,0,0,0,0,0,1.0,1,1,1,1,1,1,1,1,1,1,1,1,1,1,1,1,1,1,1,0.0
storm_IBk_BestFirst_SMOTE_noCostSensitive_3.csv,IBk,BestFirst,SMOTE,noCostSensitive,0,0.6822429906542056,0.38421052631578945,0.49158249158249157,0.5821564288759625,0.9588166275561515,0.5464512551668514,0.4133676740972902,0.3,0.34210526315789475,0.3526315789473684,0.3736842105263158,0.37894736842105264,0.37894736842105264,0.37894736842105264,0.4473684210526316,0.5684210526315789,0.6421052631578947,0.7052631578947368,0.7631578947368421,0.8368421052631579,0.8842105263157894,0.9105263157894737,0.9368421052631579,0.9578947368421052,0.9894736842105263,1.0,0.26280459210901763,0.3,0.34210526315789475,0.3526315789473684,0.3736842105263158,0.37894736842105264,0.37894736842105264,0.37894736842105264,0.4473684210526316,0.5684210526315789,0.6421052631578947,0.7052631578947368,0.7631578947368421,0.8368421052631579,0.8842105263157894,0.9105263157894737,0.9368421052631579,0.9578947368421052,0.9894736842105263,1.0,0.27490284843547214,0.39860139860139854,0.39634146341463405,0.37853107344632764,0.38586956521739124,0.38297872340425543,0.38095238095238104,0.38095238095238104,0.44973544973544977,0.5684210526315789,0.41880341880341887,0.08196721311475397,0,0,0,0,0,0,0,1,0.6393351800554017
storm_IBk_BestFirst_SMOTE_noCostSensitive_4.csv,IBk,BestFirst,SMOTE,noCostSensitive,1,0.5195530726256983,0.2664756446991404,0.3522727272727273,0.4586690684793602,0.8763033269659343,0.4058278192877308,0.14376222519731144,0.21264367816091953,0.23275862068965517,0.2442528735632184,0.25862068965517243,0.25862068965517243,0.2672413793103448,0.4482758620689655,0.5718390804597702,0.6551724137931034,0.7298850574712644,0.7816091954022989,0.8419540229885057,0.9109195402298851,0.9568965517241379,0.9971264367816092,1.0,1.0,1.0,1.0,0.20280274182559213,0.21264367816091953,0.23275862068965517,0.2442528735632184,0.25862068965517243,0.25862068965517243,0.2672413793103448,0.4482758620689655,0.5718390804597702,0.6551724137931034,0.7298850574712644,0.7816091954022989,0.8419540229885057,0.9109195402298851,0.9568965517241379,0.9971264367816092,1.0,1.0,1.0,1.0,0.19022079199961647,0.29600000000000004,0.27457627118644057,0.26645768025078376,0.26865671641791045,0.26239067055393583,0.26801152737752165,0.4482758620689655,0.5718390804597702,0.436619718309859,0.18803418803418837,0,0,0,0,0.3333333333333376,0.0,0.0,0.0,0.0,0.6509376890502118
storm_IBk_BestFirst_SMOTE_noCostSensitive_5.csv,IBk,BestFirst,SMOTE,noCostSensitive,0,0.8731617647058824,0.43538038496791936,0.581039755351682,0.7909306185520907,0.7947698411673833,0.529659786509937,0.08354573101381946,0.2080659945004583,0.26581118240146656,0.30522456461961506,0.3327222731439047,0.35747021081576535,0.37763519706691107,0.39596700274977087,0.4106324472960587,0.4216315307057745,0.42896425297891844,0.43354720439963335,0.4344637946837763,0.4344637946837763,0.4344637946837763,0.4555453712190651,0.7057745187901008,0.8606782768102658,0.9670027497708524,1.0,0.16362834460452808,0.2080659945004583,0.26581118240146656,0.30522456461961506,0.3327222731439047,0.35747021081576535,0.37763519706691107,0.39596700274977087,0.4106324472960587,0.4216315307057745,0.42896425297891844,0.43354720439963335,0.4344637946837763,0.4344637946837763,0.4344637946837763,0.4555453712190651,0.7057745187901008,0.8606782768102658,0.9670027497708524,1.0,0.16406939135548368,0.11731843575418988,0,0,0,0,0,0,0,0,0,0,0,0,0,0,1,1,0,1,0.48579285059578364
storm_IBk_BestFirst_SMOTE_noCostSensitive_6.csv,IBk,BestFirst,SMOTE,noCostSensitive,0,0.11612903225806452,0.46153846153846156,0.18556701030927836,0.09499166116912296,0.6951648878320335,0.6105160662122687,0.19021255323258843,0.3076923076923077,0.38461538461538464,0.48717948717948717,0.5384615384615384,0.6666666666666666,0.7435897435897436,0.7435897435897436,0.8205128205128205,0.8205128205128205,0.8205128205128205,0.8205128205128205,0.8205128205128205,0.8461538461538461,0.9230769230769231,0.9487179487179487,0.9743589743589743,0.9743589743589743,0.9743589743589743,1.0,0.6248313090418354,0.3076923076923077,0.38461538461538464,0.48717948717948717,0.5384615384615384,0.6666666666666666,0.7435897435897436,0.7435897435897436,0.8205128205128205,0.8205128205128205,0.8205128205128205,0.8205128205128205,0.8205128205128205,0.8461538461538461,0.9230769230769231,0.9487179487179487,0.9743589743589743,0.9743589743589743,0.9743589743589743,1.0,0.7692307692307692,0.3076923076923077,0.3846153846153846,0.4871794871794872,0.5384615384615384,0.6666666666666666,0.7435897435897436,0.7435897435897436,0.8205128205128205,0.8205128205128205,0.8205128205128205,0.8205128205128205,0.8205128205128205,0.8461538461538461,0.9230769230769231,0.9487179487179487,0.9743589743589743,0.9743589743589743,0.9743589743589743,1,0.7692307692307692
storm_IBk_BestFirst_SMOTE_noCostSensitive_7.csv,IBk,BestFirst,SMOTE,noCostSensitive,1,0.10344827586206896,0.058823529411764705,0.075,0.1317692438230317,0.5327934072179594,0.11099270432002623,0.05260493109632895,0.13725490196078433,0.27450980392156865,0.37254901960784315,0.47058823529411764,0.5294117647058824,0.6274509803921569,0.6470588235294118,0.7058823529411765,0.7843137254901961,0.9019607843137255,0.9215686274509803,0.9411764705882353,0.9411764705882353,0.9803921568627451,0.9803921568627451,1.0,1.0,1.0,1.0,0.6766869736009854,0.13725490196078433,0.27450980392156865,0.37254901960784315,0.47058823529411764,0.5294117647058824,0.6274509803921569,0.6470588235294118,0.7058823529411765,0.7843137254901961,0.9019607843137255,0.9215686274509803,0.9411764705882353,0.9411764705882353,0.9803921568627451,0.9803921568627451,1.0,1.0,1.0,1.0,0.7481940144478844,0.13725490196078427,0.27450980392156865,0.37254901960784315,0.47058823529411764,0.5294117647058824,0.6274509803921569,0.6470588235294118,0.7058823529411765,0.7843137254901961,0.9019607843137255,0.9215686274509803,0.9411764705882353,0.9411764705882353,0.9803921568627451,0.9803921568627451,1.0,1.0,1.0,1,0.7481940144478844
storm_IBk_BestFirst_SMOTE_noCostSensitive_8.csv,IBk,BestFirst,SMOTE,noCostSensitive,0,0.7,0.5645161290322581,0.625,0.4678745757463416,0.8981955258929676,0.7186343559746926,0.613007124741932,0.5483870967741935,0.5806451612903226,0.7419354838709677,0.7419354838709677,0.8225806451612904,0.8387096774193549,0.8870967741935484,0.9354838709677419,0.9516129032258065,0.967741935483871,0.967741935483871,0.9838709677419355,0.9838709677419355,0.9838709677419355,0.9838709677419355,0.9838709677419355,0.9838709677419355,0.9838709677419355,1.0,0.7611256881205947,0.5483870967741935,0.5806451612903226,0.7419354838709677,0.7419354838709677,0.8225806451612904,0.8387096774193549,0.8870967741935484,0.9354838709677419,0.9516129032258065,0.967741935483871,0.967741935483871,0.9838709677419355,0.9838709677419355,0.9838709677419355,0.9838709677419355,0.9838709677419355,0.9838709677419355,0.9838709677419355,1.0,0.8871996707310799,0.5483870967741935,0.5806451612903226,0.7419354838709677,0.7419354838709677,0.8225806451612904,0.8387096774193549,0.8870967741935484,0.9354838709677419,0.9516129032258065,0.967741935483871,0.967741935483871,0.9838709677419355,0.9838709677419355,0.9838709677419355,0.9838709677419355,0.9838709677419355,0.9838709677419355,0.9696969696969697,1,0.8879456706281834
storm_IBk_BestFirst_SMOTE_noCostSensitive_9.csv,IBk,BestFirst,SMOTE,noCostSensitive,0,0.4,0.24390243902439024,0.30303030303030304,0.3010358116514713,0.9325376232485727,0.39138377426434834,0.2979944509613988,0.36585365853658536,0.4634146341463415,0.5365853658536586,0.6341463414634146,0.6829268292682927,0.8048780487804879,0.8048780487804879,0.8536585365853658,0.9512195121951219,0.9512195121951219,0.9512195121951219,0.9512195121951219,1.0,1.0,1.0,1.0,1.0,1.0,1.0,0.8164313222079589,0.36585365853658536,0.4634146341463415,0.5365853658536586,0.6341463414634146,0.6829268292682927,0.8048780487804879,0.8048780487804879,0.8536585365853658,0.9512195121951219,0.9512195121951219,0.9512195121951219,0.9512195121951219,1.0,1.0,1.0,1.0,1.0,1.0,1.0,0.8395378690629012,0.36585365853658536,0.46341463414634143,0.5365853658536586,0.6341463414634146,0.6829268292682927,0.8048780487804879,0.8048780487804879,0.8536585365853658,0.9512195121951219,0.9512195121951219,0.9512195121951219,0.9512195121951219,1.0,1.0,1.0,1.0,1.0,1.0,1,0.8395378690629012
storm_IBk_BestFirst_SMOTE_yesCostSensitive_1.csv,IBk,BestFirst,SMOTE,yesCostSensitive,0,0,0.0,0.0,0.03385203385203385,1.0,0.0,0,0.20242914979757085,0.2834008097165992,0.3441295546558704,0.41295546558704455,0.46963562753036436,0.5425101214574899,0.6032388663967612,0.6761133603238867,0.7368421052631579,0.8137651821862348,0.8704453441295547,0.902834008097166,0.9311740890688259,0.9635627530364372,0.9919028340080972,1.0,1.0,1.0,1.0,0.07419292612600979,0.20242914979757085,0.2834008097165992,0.3441295546558704,0.41295546558704455,0.46963562753036436,0.5425101214574899,0.6032388663967612,0.6761133603238867,0.7368421052631579,0.8137651821862348,0.8704453441295547,0.902834008097166,0.9311740890688259,0.9635627530364372,0.9919028340080972,1.0,1.0,1.0,1.0,0.1380648230396069,0.35460992907801425,0.4093567251461988,0.4450261780104712,0.49514563106796117,0.5321100917431192,0.29323308270676696,0.09375,0,0,0,0,0,0,0,0.0,0.0,0.0,0.0,0.0,0.7234178563818453
storm_IBk_BestFirst_SMOTE_yesCostSensitive_10.csv,IBk,BestFirst,SMOTE,yesCostSensitive,0,0.036455059710873663,1.0,0.0703456640388114,0.02651474159832896,0.9631306597671412,0.01667735728030789,0.017508374936344478,0.22413793103448276,0.3448275862068966,0.39655172413793105,0.5,0.6206896551724138,0.7068965517241379,0.7586206896551724,0.8448275862068966,0.896551724137931,0.9137931034482759,0.9310344827586207,0.9655172413793104,0.9827586206896551,0.9827586206896551,1.0,1.0,1.0,1.0,1.0,0.7849364791288567,0.22413793103448276,0.3448275862068966,0.39655172413793105,0.5,0.6206896551724138,0.7068965517241379,0.7586206896551724,0.8448275862068966,0.896551724137931,0.9137931034482759,0.9310344827586207,0.9655172413793104,0.9827586206896551,0.9827586206896551,1.0,1.0,1.0,1.0,1.0,0.7931034482758621,0.22413793103448276,0.3448275862068966,0.39655172413793105,0.5,0.6206896551724138,0.7068965517241379,0.7586206896551724,0.8448275862068966,0.896551724137931,0.9137931034482759,0.9310344827586207,0.9655172413793104,0.9827586206896551,0.9827586206896551,1.0,1.0,1.0,1.0,1,0.7931034482758621
storm_IBk_BestFirst_SMOTE_yesCostSensitive_11.csv,IBk,BestFirst,SMOTE,yesCostSensitive,0,0.07850707850707851,0.9104477611940298,0.14454976303317535,0.13098063564650264,0.8381334865156632,0.094376598729268,-0.048622542937889854,0.3582089552238806,0.5,0.6044776119402985,0.6492537313432836,0.7313432835820896,0.7910447761194029,0.8507462686567164,0.8955223880597015,0.917910447761194,0.917910447761194,0.9253731343283582,0.9253731343283582,0.9328358208955224,0.9477611940298507,0.9925373134328358,1.0,1.0,1.0,1.0,0.8166124265888602,0.3582089552238806,0.5,0.6044776119402985,0.6492537313432836,0.7313432835820896,0.7910447761194029,0.8507462686567164,0.8955223880597015,0.917910447761194,0.917910447761194,0.9253731343283582,0.9253731343283582,0.9328358208955224,0.9477611940298507,0.9925373134328358,1.0,1.0,1.0,1.0,0.8389630793401414,0.3582089552238805,0.5,0.6044776119402985,0.6492537313432836,0.7313432835820896,0.7910447761194029,0.8507462686567164,0.8955223880597015,0.917910447761194,0.917910447761194,0.9253731343283582,0.9253731343283582,0.9328358208955224,0.9477611940298507,0.9925373134328358,1.0,1.0,1.0,1,0.8389630793401415
storm_IBk_BestFirst_SMOTE_yesCostSensitive_12.csv,IBk,BestFirst,SMOTE,yesCostSensitive,0,0.10101010101010101,0.703125,0.17664376840039253,0.13179489614348236,0.7591153119753776,0.6183153450065844,0.1276225334780148,0.40625,0.484375,0.59375,0.6796875,0.71875,0.734375,0.828125,0.8671875,0.8828125,0.9140625,0.9296875,0.9375,0.96875,1.0,1.0,1.0,1.0,1.0,1.0,0.7759868421052631,0.40625,0.484375,0.59375,0.6796875,0.71875,0.734375,0.828125,0.8671875,0.8828125,0.9140625,0.9296875,0.9375,0.96875,1.0,1.0,1.0,1.0,1.0,1.0,0.8392269736842105,0.40625,0.484375,0.59375,0.6796875,0.71875,0.734375,0.828125,0.8671875,0.8828125,0.9140625,0.9296875,0.9375,0.96875,1.0,1.0,1.0,1.0,1.0,1,0.8392269736842105
storm_IBk_BestFirst_SMOTE_yesCostSensitive_13.csv,IBk,BestFirst,SMOTE,yesCostSensitive,0,0.04455445544554455,0.9230769230769231,0.08500590318772137,0.08196209483595007,0.8458187736345797,0.07521265482763757,-0.03999235736627345,0.33766233766233766,0.4155844155844156,0.5064935064935064,0.5584415584415584,0.6493506493506493,0.7532467532467533,0.8051948051948052,0.8311688311688312,0.8701298701298701,0.8831168831168831,0.8961038961038961,0.9090909090909091,0.922077922077922,0.935064935064935,0.935064935064935,0.935064935064935,0.935064935064935,0.935064935064935,1.0,0.840944669365722,0.33766233766233766,0.4155844155844156,0.5064935064935064,0.5584415584415584,0.6493506493506493,0.7532467532467533,0.8051948051948052,0.8311688311688312,0.8701298701298701,0.8831168831168831,0.8961038961038961,0.9090909090909091,0.922077922077922,0.935064935064935,0.935064935064935,0.935064935064935,0.935064935064935,0.935064935064935,1.0,0.7194871794871796,0.33333333333333337,0.41025641025641035,0.5,0.5512820512820513,0.6410256410256411,0.7435897435897437,0.7948717948717949,0.8205128205128207,0.858974358974359,0.8717948717948718,0.8846153846153847,0.8974358974358975,0.9102564102564104,0.9230769230769231,0.9230769230769231,0.9230769230769231,0.9230769230769231,0.7600000000000002,0.0,0.7901572112098428
storm_IBk_BestFirst_SMOTE_yesCostSensitive_14.csv,IBk,BestFirst,SMOTE,yesCostSensitive,0,0.02524752475247525,1.0,0.04925156929019797,0.12320946380352321,0.9563827562513071,0.0,0,0.11764705882352941,0.17647058823529413,0.2549019607843137,0.3137254901960784,0.45098039215686275,0.45098039215686275,0.49019607843137253,0.6078431372549019,0.6666666666666666,0.7450980392156863,0.7647058823529411,0.8235294117647058,0.9019607843137255,0.9411764705882353,0.9803921568627451,1.0,1.0,1.0,1.0,0.46885014393569063,0.11764705882352941,0.17647058823529413,0.2549019607843137,0.3137254901960784,0.45098039215686275,0.45098039215686275,0.49019607843137253,0.6078431372549019,0.6666666666666666,0.7450980392156863,0.7647058823529411,0.8235294117647058,0.9019607843137255,0.9411764705882353,0.9803921568627451,1.0,1.0,1.0,1.0,0.6676986584107327,0.11764705882352944,0.17647058823529416,0.2549019607843137,0.3137254901960784,0.4509803921568627,0.4509803921568627,0.4901960784313726,0.6078431372549019,0.6666666666666666,0.7450980392156863,0.7647058823529411,0.8235294117647058,0.9019607843137255,0.9411764705882353,0.9803921568627451,1.0,1.0,1.0,1,0.6676986584107327
storm_IBk_BestFirst_SMOTE_yesCostSensitive_15.csv,IBk,BestFirst,SMOTE,yesCostSensitive,0,0.028762198253723677,0.9180327868852459,0.055776892430278883,0.06639862260145275,0.8773612799369233,0.09950838121186986,-0.022138670770356795,0.14754098360655737,0.18032786885245902,0.26229508196721313,0.32786885245901637,0.4098360655737705,0.47540983606557374,0.5573770491803278,0.6557377049180327,0.7540983606557377,0.8032786885245902,0.8524590163934426,0.8688524590163934,0.9016393442622951,0.9180327868852459,0.9836065573770492,1.0,1.0,1.0,1.0,0.8336688716326335,0.14754098360655737,0.18032786885245902,0.26229508196721313,0.32786885245901637,0.4098360655737705,0.47540983606557374,0.5573770491803278,0.6557377049180327,0.7540983606557377,0.8032786885245902,0.8524590163934426,0.8688524590163934,0.9016393442622951,0.9180327868852459,0.9836065573770492,1.0,1.0,1.0,1.0,0.6893874029335634,0.14754098360655732,0.180327868852459,0.2622950819672132,0.3278688524590163,0.4098360655737705,0.47540983606557374,0.5573770491803278,0.6557377049180327,0.7540983606557377,0.8032786885245902,0.8524590163934426,0.8688524590163934,0.9016393442622951,0.9180327868852459,0.9836065573770492,1.0,1.0,1.0,1,0.6893874029335635
storm_IBk_BestFirst_SMOTE_yesCostSensitive_16.csv,IBk,BestFirst,SMOTE,yesCostSensitive,2,0.018235584031542632,0.925,0.035766070565490575,0.045016463056353685,0.9109352517985612,0.08510480430346869,-0.01988924503609899,0.02564102564102564,0.05128205128205128,0.10256410256410256,0.1282051282051282,0.20512820512820512,0.3076923076923077,0.38461538461538464,0.5641025641025641,0.717948717948718,0.7692307692307693,0.8205128205128205,0.8717948717948718,0.8974358974358975,0.9230769230769231,0.9487179487179487,0.9487179487179487,0.9487179487179487,0.9743589743589743,1.0,0.805701754385965,0.02564102564102564,0.05128205128205128,0.10256410256410256,0.1282051282051282,0.20512820512820512,0.3076923076923077,0.38461538461538464,0.5641025641025641,0.717948717948718,0.7692307692307693,0.8205128205128205,0.8717948717948718,0.8974358974358975,0.9230769230769231,0.9487179487179487,0.9487179487179487,0.9487179487179487,0.9743589743589743,1.0,0.5402046783625731,0.025000000000000022,0.050000000000000044,0.09999999999999998,0.125,0.19999999999999996,0.30000000000000004,0.375,0.55,0.7000000000000001,0.7500000000000001,0.8,0.8500000000000001,0.8750000000000001,0.9000000000000001,0.925,0.925,0.925,0.8888888888888891,0.0,0.6099865047233468
storm_IBk_BestFirst_SMOTE_yesCostSensitive_17.csv,IBk,BestFirst,SMOTE,yesCostSensitive,473,0.012705882352941176,1.0,0.02509293680297398,0.008085561497326203,1.0,0.0,0,0.037037037037037035,0.1111111111111111,0.1111111111111111,0.1111111111111111,0.2222222222222222,0.25925925925925924,0.2962962962962963,0.4444444444444444,0.5185185185185185,0.6296296296296297,0.6666666666666666,0.6666666666666666,0.7407407407407407,0.8148148148148148,0.9259259259259259,0.9629629629629629,1.0,1.0,1.0,0.5536062378167642,0.037037037037037035,0.1111111111111111,0.1111111111111111,0.1111111111111111,0.2222222222222222,0.25925925925925924,0.2962962962962963,0.4444444444444444,0.5185185185185185,0.6296296296296297,0.6666666666666666,0.6666666666666666,0.7407407407407407,0.8148148148148148,0.9259259259259259,0.9629629629629629,1.0,1.0,1.0,0.5536062378167642,0.03703703703703698,0.11111111111111116,0.11111111111111116,0.11111111111111116,0.2222222222222222,0.2592592592592593,0.2962962962962963,0.4444444444444444,0.5185185185185185,0.6296296296296297,0.6666666666666666,0.6666666666666666,0.7407407407407407,0.8148148148148148,0.9259259259259259,0.9629629629629629,1.0,1.0,1,0.5536062378167642
storm_IBk_BestFirst_SMOTE_yesCostSensitive_2.csv,IBk,BestFirst,SMOTE,yesCostSensitive,21,0.0,0,0.0,0.0,0.0,0.0,0,0,0,0,0,0,0,0,0,0,0,0,0,0,0,0,0,0,0,0,1.0,0,0,0,0,0,0,0,0,0,0,0,0,0,0,0,0,0,0,0,1.0,1,1,1,1,1,1,1,1,1,1,1,1,1,1,1,1,1,1,1,0.0
storm_IBk_BestFirst_SMOTE_yesCostSensitive_3.csv,IBk,BestFirst,SMOTE,yesCostSensitive,0,0.5950920245398773,0.5105263157894737,0.5495750708215298,0.5190984881669377,0.9485584981562187,0.6501526571891996,0.428606626361673,0.37566137566137564,0.41798941798941797,0.455026455026455,0.47619047619047616,0.48677248677248675,0.5079365079365079,0.6031746031746031,0.6878306878306878,0.7301587301587301,0.8148148148148148,0.8783068783068783,0.9153439153439153,0.9576719576719577,0.9894179894179894,0.9894179894179894,1.0,1.0,1.0,1.0,0.3478058616958252,0.37566137566137564,0.41798941798941797,0.455026455026455,0.47619047619047616,0.48677248677248675,0.5079365079365079,0.6031746031746031,0.6878306878306878,0.7301587301587301,0.8148148148148148,0.8783068783068783,0.9153439153439153,0.9576719576719577,0.9894179894179894,0.9894179894179894,1.0,1.0,1.0,1.0,0.4153527007617884,0.49650349650349646,0.4817073170731707,0.48587570621468923,0.48913043478260865,0.4893617021276596,0.5079365079365079,0.6031746031746031,0.6878306878306878,0.7263157894736841,0.6923076923076922,0.6065573770491801,0.5,0.5,0.6249999999999997,0.0,0.0,0.0,0.0,0.0,0.7518796992481203
storm_IBk_BestFirst_SMOTE_yesCostSensitive_4.csv,IBk,BestFirst,SMOTE,yesCostSensitive,0,0.5296803652968036,0.332378223495702,0.4084507042253521,0.4639071644430315,0.8719904091053805,0.47321825152117575,0.17509518265340995,0.22988505747126436,0.25862068965517243,0.29310344827586204,0.3074712643678161,0.31896551724137934,0.32471264367816094,0.33045977011494254,0.33045977011494254,0.33045977011494254,0.33045977011494254,0.46264367816091956,0.646551724137931,0.7442528735632183,0.8017241379310345,0.8735632183908046,0.9597701149425287,0.9798850574712644,0.9913793103448276,1.0,0.13657475690851129,0.22988505747126436,0.25862068965517243,0.29310344827586204,0.3074712643678161,0.31896551724137934,0.32471264367816094,0.33045977011494254,0.33045977011494254,0.33045977011494254,0.33045977011494254,0.46264367816091956,0.646551724137931,0.7442528735632183,0.8017241379310345,0.8735632183908046,0.9597701149425287,0.9798850574712644,0.9913793103448276,1.0,0.13549579277387416,0.32000000000000006,0.30508474576271194,0.31974921630094033,0.31940298507462694,0.32361516034985427,0.32564841498559083,0.33045977011494254,0.33045977011494254,0,0,0,0,0,0,0,0,0,0,0.0,0.5533877797943134
storm_IBk_BestFirst_SMOTE_yesCostSensitive_5.csv,IBk,BestFirst,SMOTE,yesCostSensitive,0,0.8203125,0.48120989917506873,0.6065857885615251,0.7483973774817333,0.7194330049960624,0.470415053281705,-0.043404840697409665,0.21906507791017416,0.28139321723189736,0.32630614115490375,0.3593033913840513,0.38588450962419796,0.40971585701191565,0.4298808432630614,0.4463794683776352,0.459211732355637,0.4702108157653529,0.4766269477543538,0.48029330889092575,0.48029330889092575,0.48029330889092575,0.48029330889092575,0.5600366636113657,0.7965169569202566,0.9422548120989918,1.0,0.15789473684210525,0.21906507791017416,0.28139321723189736,0.32630614115490375,0.3593033913840513,0.38588450962419796,0.40971585701191565,0.4298808432630614,0.4463794683776352,0.459211732355637,0.4702108157653529,0.4766269477543538,0.48029330889092575,0.48029330889092575,0.48029330889092575,0.48029330889092575,0.5600366636113657,0.7965169569202566,0.9422548120989918,1.0,0.1658335783593061,0.15083798882681565,0,0,0,0,0,0,0,0,0,0,0,0,0,0,1,1,0,1,0.49915577210671036
storm_IBk_BestFirst_SMOTE_yesCostSensitive_6.csv,IBk,BestFirst,SMOTE,yesCostSensitive,0,0.03451676528599606,0.8974358974358975,0.06647673314339982,0.03878843382827448,0.7946690261571644,0.44538476981761466,0.06943736017608151,0.1794871794871795,0.3076923076923077,0.38461538461538464,0.48717948717948717,0.5641025641025641,0.6923076923076923,0.7948717948717948,0.8461538461538461,0.8974358974358975,0.8974358974358975,0.8974358974358975,0.9230769230769231,0.9230769230769231,0.9230769230769231,0.9230769230769231,0.9230769230769231,0.9743589743589743,0.9743589743589743,1.0,0.6450742240215925,0.1794871794871795,0.3076923076923077,0.38461538461538464,0.48717948717948717,0.5641025641025641,0.6923076923076923,0.7948717948717948,0.8461538461538461,0.8974358974358975,0.8974358974358975,0.8974358974358975,0.9230769230769231,0.9230769230769231,0.9230769230769231,0.9230769230769231,0.9230769230769231,0.9743589743589743,0.9743589743589743,1.0,0.7638326585695007,0.17948717948717952,0.3076923076923077,0.3846153846153846,0.4871794871794872,0.5641025641025641,0.6923076923076923,0.7948717948717948,0.8461538461538461,0.8974358974358975,0.8974358974358975,0.8974358974358975,0.9230769230769231,0.9230769230769231,0.9230769230769231,0.9230769230769231,0.9230769230769231,0.9743589743589743,0.9743589743589743,1,0.7638326585695007
storm_IBk_BestFirst_SMOTE_yesCostSensitive_7.csv,IBk,BestFirst,SMOTE,yesCostSensitive,6,0.033783783783783786,0.39215686274509803,0.06220839813374806,0.04023115253409075,0.6416737709576582,0.4697128240902221,-0.008407871714096201,0.13725490196078433,0.23529411764705882,0.3137254901960784,0.35294117647058826,0.4117647058823529,0.4117647058823529,0.4117647058823529,0.4117647058823529,0.4117647058823529,0.49019607843137253,0.5686274509803921,0.7450980392156863,0.8431372549019608,0.8627450980392157,0.9019607843137255,0.9215686274509803,0.9803921568627451,0.9803921568627451,1.0,0.4792769399780285,0.13725490196078433,0.23529411764705882,0.3137254901960784,0.35294117647058826,0.4117647058823529,0.4117647058823529,0.4117647058823529,0.4117647058823529,0.4117647058823529,0.49019607843137253,0.5686274509803921,0.7450980392156863,0.8431372549019608,0.8627450980392157,0.9019607843137255,0.9215686274509803,0.9803921568627451,0.9803921568627451,1.0,0.5989214021771696,0.13725490196078427,0.23529411764705888,0.3137254901960784,0.3529411764705883,0.4117647058823529,0.4117647058823529,0.4117647058823529,0.4117647058823529,0.4117647058823529,0.4901960784313726,0.5686274509803921,0.7450980392156863,0.8431372549019608,0.8627450980392157,0.9019607843137255,0.9215686274509803,0.9803921568627451,0.9677419354838709,1,0.5995872033023736
storm_IBk_BestFirst_SMOTE_yesCostSensitive_8.csv,IBk,BestFirst,SMOTE,yesCostSensitive,0,0.04642313546423135,0.9838709677419355,0.08866279069767442,0.18490405821075198,0.9408972932888398,0.07659153195136965,0.025564556138151655,0.3387096774193548,0.43548387096774194,0.5,0.5806451612903226,0.6612903225806451,0.7741935483870968,0.8225806451612904,0.9193548387096774,0.9516129032258065,0.9516129032258065,0.9516129032258065,0.9838709677419355,0.9838709677419355,0.9838709677419355,0.9838709677419355,0.9838709677419355,0.9838709677419355,0.9838709677419355,1.0,0.7753511344343262,0.3387096774193548,0.43548387096774194,0.5,0.5806451612903226,0.6612903225806451,0.7741935483870968,0.8225806451612904,0.9193548387096774,0.9516129032258065,0.9516129032258065,0.9516129032258065,0.9838709677419355,0.9838709677419355,0.9838709677419355,0.9838709677419355,0.9838709677419355,0.9838709677419355,0.9838709677419355,1.0,0.8294747131759016,0.33870967741935476,0.435483870967742,0.5,0.5806451612903226,0.6612903225806451,0.7741935483870968,0.8225806451612904,0.9193548387096774,0.9516129032258065,0.9516129032258065,0.9516129032258065,0.9838709677419355,0.9838709677419355,0.9838709677419355,0.9838709677419355,0.9838709677419355,0.9838709677419355,0.9696969696969697,1,0.830220713073005
storm_IBk_BestFirst_SMOTE_yesCostSensitive_9.csv,IBk,BestFirst,SMOTE,yesCostSensitive,0,0.026885245901639345,1.0,0.05236270753512133,0.07002473294139827,0.9451706019719772,0.026246719160105052,0.018908108520974506,0.1951219512195122,0.34146341463414637,0.4146341463414634,0.5121951219512195,0.5365853658536586,0.6585365853658537,0.7804878048780488,0.8780487804878049,0.926829268292683,0.926829268292683,0.926829268292683,0.9512195121951219,0.975609756097561,0.975609756097561,1.0,1.0,1.0,1.0,1.0,0.6546854942233633,0.1951219512195122,0.34146341463414637,0.4146341463414634,0.5121951219512195,0.5365853658536586,0.6585365853658537,0.7804878048780488,0.8780487804878049,0.926829268292683,0.926829268292683,0.926829268292683,0.9512195121951219,0.975609756097561,0.975609756097561,1.0,1.0,1.0,1.0,1.0,0.7894736842105263,0.19512195121951215,0.3414634146341464,0.41463414634146334,0.5121951219512195,0.5365853658536586,0.6585365853658537,0.7804878048780488,0.8780487804878049,0.926829268292683,0.926829268292683,0.926829268292683,0.9512195121951219,0.975609756097561,0.975609756097561,1.0,1.0,1.0,1.0,1,0.7894736842105263
storm_IBk_NoSelection_NoSampling_noCostSensitive_1.csv,IBk,NoSelection,NoSampling,noCostSensitive,0,0,0.0,0.0,0.03385203385203385,1.0,0.0,0,0.1902834008097166,0.2834008097165992,0.39271255060728744,0.4574898785425101,0.5587044534412956,0.631578947368421,0.6923076923076923,0.7692307692307693,0.8218623481781376,0.854251012145749,0.8947368421052632,0.9311740890688259,0.9595141700404858,0.9757085020242915,0.9919028340080972,1.0,1.0,1.0,1.0,0.1603896575824494,0.1902834008097166,0.2834008097165992,0.39271255060728744,0.4574898785425101,0.5587044534412956,0.631578947368421,0.6923076923076923,0.7692307692307693,0.8218623481781376,0.854251012145749,0.8947368421052632,0.9311740890688259,0.9595141700404858,0.9757085020242915,0.9919028340080972,1.0,1.0,1.0,1.0,0.21813365594694514,0.33333333333333337,0.4093567251461988,0.5078534031413613,0.5485436893203883,0.6330275229357798,0.4586466165413533,0.3229166666666665,0.277777777777778,0.21818181818181825,0.1428571428571429,0.10344827586206895,0.1052631578947365,0.08333333333333204,0,0.0,0.0,0.0,0.0,0.0,0.758150436820797
storm_IBk_NoSelection_NoSampling_noCostSensitive_10.csv,IBk,NoSelection,NoSampling,noCostSensitive,3,0.14285714285714285,0.034482758620689655,0.05555555555555555,0.11515672139155951,0.6636146674398894,0.06664928745220716,0.053629715384252694,0.25862068965517243,0.3620689655172414,0.46551724137931033,0.4827586206896552,0.5689655172413793,0.6379310344827587,0.7068965517241379,0.7931034482758621,0.8620689655172413,0.9310344827586207,0.9482758620689655,0.9655172413793104,0.9655172413793104,0.9827586206896551,1.0,1.0,1.0,1.0,1.0,0.6288566243194191,0.25862068965517243,0.3620689655172414,0.46551724137931033,0.4827586206896552,0.5689655172413793,0.6379310344827587,0.7068965517241379,0.7931034482758621,0.8620689655172413,0.9310344827586207,0.9482758620689655,0.9655172413793104,0.9655172413793104,0.9827586206896551,1.0,1.0,1.0,1.0,1.0,0.7858439201451906,0.2586206896551724,0.3620689655172413,0.4655172413793103,0.48275862068965525,0.5689655172413793,0.6379310344827587,0.7068965517241379,0.7931034482758621,0.8620689655172413,0.9310344827586207,0.9482758620689655,0.9655172413793104,0.9655172413793104,0.9827586206896551,1.0,1.0,1.0,1.0,1,0.7858439201451906
storm_IBk_NoSelection_NoSampling_noCostSensitive_11.csv,IBk,NoSelection,NoSampling,noCostSensitive,0,0.44715447154471544,0.41044776119402987,0.4280155642023346,0.3717379500791777,0.7730342976557161,0.5741156500828767,0.37992684195647713,0.417910447761194,0.44029850746268656,0.47761194029850745,0.6791044776119403,0.7835820895522388,0.8731343283582089,0.8955223880597015,0.9104477611940298,0.9253731343283582,0.9402985074626866,0.9552238805970149,0.9701492537313433,0.9925373134328358,1.0,1.0,1.0,1.0,1.0,1.0,0.8136759809972693,0.417910447761194,0.44029850746268656,0.47761194029850745,0.6791044776119403,0.7835820895522388,0.8731343283582089,0.8955223880597015,0.9104477611940298,0.9253731343283582,0.9402985074626866,0.9552238805970149,0.9701492537313433,0.9925373134328358,1.0,1.0,1.0,1.0,1.0,1.0,0.8558523173605656,0.417910447761194,0.4402985074626866,0.4776119402985075,0.6791044776119403,0.7835820895522388,0.8731343283582089,0.8955223880597015,0.9104477611940298,0.9253731343283582,0.9402985074626866,0.9552238805970149,0.9701492537313433,0.9925373134328358,1.0,1.0,1.0,1.0,1.0,1,0.8558523173605656
storm_IBk_NoSelection_NoSampling_noCostSensitive_12.csv,IBk,NoSelection,NoSampling,noCostSensitive,0,0.7432432432432432,0.4296875,0.5445544554455446,0.5905730282302796,0.7629581701175154,0.599157704050353,0.5429948302185812,0.515625,0.5546875,0.6171875,0.65625,0.6796875,0.8203125,0.84375,0.875,0.8828125,0.8984375,0.9140625,0.9375,0.953125,0.96875,1.0,1.0,1.0,1.0,1.0,0.7747532894736843,0.515625,0.5546875,0.6171875,0.65625,0.6796875,0.8203125,0.84375,0.875,0.8828125,0.8984375,0.9140625,0.9375,0.953125,0.96875,1.0,1.0,1.0,1.0,1.0,0.8482730263157895,0.515625,0.5546875,0.6171875,0.65625,0.6796875,0.8203125,0.84375,0.875,0.8828125,0.8984375,0.9140625,0.9375,0.953125,0.96875,1.0,1.0,1.0,1.0,1,0.8482730263157895
storm_IBk_NoSelection_NoSampling_noCostSensitive_13.csv,IBk,NoSelection,NoSampling,noCostSensitive,10,0.32432432432432434,0.46153846153846156,0.38095238095238093,0.26328166498125377,0.743398273578734,0.6219635969957372,0.3513993499925289,0.44871794871794873,0.46153846153846156,0.48717948717948717,0.48717948717948717,0.7692307692307693,0.8461538461538461,0.9230769230769231,0.9615384615384616,0.9615384615384616,0.9743589743589743,0.9743589743589743,0.9871794871794872,1.0,1.0,1.0,1.0,1.0,1.0,1.0,0.8529014844804318,0.44871794871794873,0.46153846153846156,0.48717948717948717,0.48717948717948717,0.7692307692307693,0.8461538461538461,0.9230769230769231,0.9615384615384616,0.9615384615384616,0.9743589743589743,0.9743589743589743,0.9871794871794872,1.0,1.0,1.0,1.0,1.0,1.0,1.0,0.8569500674763834,0.4487179487179487,0.46153846153846156,0.4871794871794872,0.4871794871794872,0.7692307692307693,0.8461538461538461,0.9230769230769231,0.9615384615384616,0.9615384615384616,0.9743589743589743,0.9743589743589743,0.9871794871794872,1.0,1.0,1.0,1.0,1.0,1.0,1,0.8569500674763832
storm_IBk_NoSelection_NoSampling_noCostSensitive_14.csv,IBk,NoSelection,NoSampling,noCostSensitive,3,0.14893617021276595,0.13725490196078433,0.14285714285714285,0.11802572989860688,0.5991495633296487,0.24077673365310892,0.12169105133926637,0.1568627450980392,0.23529411764705882,0.27450980392156865,0.29411764705882354,0.39215686274509803,0.43137254901960786,0.6078431372549019,0.6274509803921569,0.7058823529411765,0.7843137254901961,0.7843137254901961,0.8235294117647058,0.8823529411764706,0.9411764705882353,0.9411764705882353,1.0,1.0,1.0,1.0,0.6383683667372766,0.1568627450980392,0.23529411764705882,0.27450980392156865,0.29411764705882354,0.39215686274509803,0.43137254901960786,0.6078431372549019,0.6274509803921569,0.7058823529411765,0.7843137254901961,0.7843137254901961,0.8235294117647058,0.8823529411764706,0.9411764705882353,0.9411764705882353,1.0,1.0,1.0,1.0,0.6780185758513932,0.1568627450980392,0.23529411764705888,0.27450980392156865,0.2941176470588236,0.392156862745098,0.43137254901960786,0.6078431372549019,0.6274509803921569,0.7058823529411765,0.7843137254901961,0.7843137254901961,0.8235294117647058,0.8823529411764706,0.9411764705882353,0.9411764705882353,1.0,1.0,1.0,1,0.6780185758513932
storm_IBk_NoSelection_NoSampling_noCostSensitive_15.csv,IBk,NoSelection,NoSampling,noCostSensitive,4,0.3698630136986301,0.4426229508196721,0.40298507462686567,0.28924154355130144,0.7468543644666379,0.6092269240115249,0.3847020043909469,0.4426229508196721,0.47540983606557374,0.47540983606557374,0.5081967213114754,0.5737704918032787,0.6885245901639344,0.819672131147541,0.8524590163934426,0.9016393442622951,0.9180327868852459,0.9672131147540983,0.9672131147540983,0.9672131147540983,1.0,1.0,1.0,1.0,1.0,1.0,0.807257214073435,0.4426229508196721,0.47540983606557374,0.47540983606557374,0.5081967213114754,0.5737704918032787,0.6885245901639344,0.819672131147541,0.8524590163934426,0.9016393442622951,0.9180327868852459,0.9672131147540983,0.9672131147540983,0.9672131147540983,1.0,1.0,1.0,1.0,1.0,1.0,0.818809318377912,0.4426229508196722,0.47540983606557374,0.47540983606557374,0.5081967213114754,0.5737704918032787,0.6885245901639344,0.819672131147541,0.8524590163934426,0.9016393442622951,0.9180327868852459,0.9672131147540983,0.9672131147540983,0.9672131147540983,1.0,1.0,1.0,1.0,1.0,1,0.818809318377912
storm_IBk_NoSelection_NoSampling_noCostSensitive_16.csv,IBk,NoSelection,NoSampling,noCostSensitive,16,0.25742574257425743,0.65,0.36879432624113473,0.197537831783246,0.8252517985611509,0.7764653443280588,0.39219839272014323,0.575,0.625,0.65,0.65,0.675,0.725,0.75,0.825,0.9,0.975,1.0,1.0,1.0,1.0,1.0,1.0,1.0,1.0,1.0,0.8592105263157894,0.575,0.625,0.65,0.65,0.675,0.725,0.75,0.825,0.9,0.975,1.0,1.0,1.0,1.0,1.0,1.0,1.0,1.0,1.0,0.8605263157894738,0.575,0.625,0.65,0.65,0.675,0.725,0.75,0.825,0.9,0.975,1.0,1.0,1.0,1.0,1.0,1.0,1.0,1.0,1,0.8605263157894738
storm_IBk_NoSelection_NoSampling_noCostSensitive_17.csv,IBk,NoSelection,NoSampling,noCostSensitive,4,0.375,0.2222222222222222,0.27906976744186046,0.2672806213394448,0.5976591462768773,0.3633199930398469,0.28174569868791444,0.2962962962962963,0.3333333333333333,0.37037037037037035,0.37037037037037035,0.37037037037037035,0.37037037037037035,0.4444444444444444,0.5925925925925926,0.6666666666666666,0.7407407407407407,0.7777777777777778,0.8148148148148148,0.8518518518518519,0.9259259259259259,0.9629629629629629,0.9629629629629629,1.0,1.0,1.0,0.6009990253411306,0.2962962962962963,0.3333333333333333,0.37037037037037035,0.37037037037037035,0.37037037037037035,0.37037037037037035,0.4444444444444444,0.5925925925925926,0.6666666666666666,0.7407407407407407,0.7777777777777778,0.8148148148148148,0.8518518518518519,0.9259259259259259,0.9629629629629629,0.9629629629629629,1.0,1.0,1.0,0.6764132553606238,0.2962962962962963,0.33333333333333326,0.37037037037037035,0.37037037037037035,0.37037037037037035,0.37037037037037035,0.4444444444444444,0.5925925925925926,0.6666666666666666,0.7407407407407407,0.7777777777777778,0.8148148148148148,0.8518518518518519,0.9259259259259259,0.9629629629629629,0.9629629629629629,1.0,1.0,1,0.6764132553606238
storm_IBk_NoSelection_NoSampling_noCostSensitive_2.csv,IBk,NoSelection,NoSampling,noCostSensitive,21,0.0,0,0.0,0.0,0.0,0.0,0,0,0,0,0,0,0,0,0,0,0,0,0,0,0,0,0,0,0,0,1.0,0,0,0,0,0,0,0,0,0,0,0,0,0,0,0,0,0,0,0,1.0,1,1,1,1,1,1,1,1,1,1,1,1,1,1,1,1,1,1,1,0.0
storm_IBk_NoSelection_NoSampling_noCostSensitive_3.csv,IBk,NoSelection,NoSampling,noCostSensitive,0,0.6231884057971014,0.22631578947368422,0.33204633204633205,0.5309347872170703,0.9556486758297017,0.36618004866180054,0.2809714367648835,0.19047619047619047,0.21693121693121692,0.38095238095238093,0.5185185185185185,0.6190476190476191,0.6931216931216931,0.7671957671957672,0.8201058201058201,0.873015873015873,0.9047619047619048,0.9259259259259259,0.9629629629629629,0.9788359788359788,0.9788359788359788,0.9947089947089947,1.0,1.0,1.0,1.0,0.349129284777684,0.19047619047619047,0.21693121693121692,0.38095238095238093,0.5185185185185185,0.6190476190476191,0.6931216931216931,0.7671957671957672,0.8201058201058201,0.873015873015873,0.9047619047619048,0.9259259259259259,0.9629629629629629,0.9788359788359788,0.9788359788359788,0.9947089947089947,1.0,1.0,1.0,1.0,0.47364673700922194,0.2517482517482518,0.2500000000000001,0.4067796610169492,0.5326086956521738,0.6223404255319149,0.6931216931216931,0.7671957671957672,0.8201058201058201,0.8684210526315789,0.8376068376068375,0.7540983606557375,0.7647058823529407,0.722222222222222,0.37500000000000033,0.3333333333333287,0.0,0.0,0.0,0.0,0.7802840434419382
storm_IBk_NoSelection_NoSampling_noCostSensitive_4.csv,IBk,NoSelection,NoSampling,noCostSensitive,2,0.5522388059701493,0.31805157593123207,0.4036363636363636,0.48613150463896737,0.8851579910856415,0.4619653179190751,0.1901688545781216,0.23563218390804597,0.2614942528735632,0.27586206896551724,0.28735632183908044,0.3017241379310345,0.3074712643678161,0.3160919540229885,0.5574712643678161,0.6666666666666666,0.7327586206896551,0.7902298850574713,0.8333333333333334,0.9137931034482759,0.9626436781609196,0.9971264367816092,1.0,1.0,1.0,1.0,0.22746263879033748,0.23563218390804597,0.2614942528735632,0.27586206896551724,0.28735632183908044,0.3017241379310345,0.3074712643678161,0.3160919540229885,0.5574712643678161,0.6666666666666666,0.7327586206896551,0.7902298850574713,0.8333333333333334,0.9137931034482759,0.9626436781609196,0.9971264367816092,1.0,1.0,1.0,1.0,0.19522521499211534,0.32799999999999996,0.30847457627118635,0.30094043887147337,0.29850746268656714,0.30612244897959184,0.30835734870317,0.3160919540229885,0.5574712643678161,0.45539906103286376,0.19658119658119666,0,0,0,0,0.3333333333333376,0.0,0.0,0.0,0.0,0.6547186932849365
storm_IBk_NoSelection_NoSampling_noCostSensitive_5.csv,IBk,NoSelection,NoSampling,noCostSensitive,3,0.9292929292929293,0.9275893675527039,0.9284403669724771,0.836623341923282,0.9731434743505336,0.7563610784432256,0.5639650674574843,0.46238532110091746,0.581651376146789,0.671559633027523,0.7385321100917431,0.7862385321100918,0.8192660550458716,0.844954128440367,0.8660550458715597,0.8853211009174312,0.9,0.9128440366972477,0.9211009174311927,0.926605504587156,0.9678899082568807,0.998165137614679,1.0,1.0,1.0,1.0,0.32464497297670347,0.46238532110091746,0.581651376146789,0.671559633027523,0.7385321100917431,0.7862385321100918,0.8192660550458716,0.844954128440367,0.8660550458715597,0.8853211009174312,0.9,0.9128440366972477,0.9211009174311927,0.926605504587156,0.9678899082568807,0.998165137614679,1.0,1.0,1.0,1.0,0.2755584584103527,0.8910614525139665,0.7901234567901233,0.6781609195402301,0.5390624999999998,0.32291666666666696,0.014285714285713902,0,0,0,0,0,0,0,0,0,1,1,0.0,0.0,0.8569773056494446
storm_IBk_NoSelection_NoSampling_noCostSensitive_6.csv,IBk,NoSelection,NoSampling,noCostSensitive,12,0.06598984771573604,0.3333333333333333,0.11016949152542373,0.04956470313881864,0.645799922579218,0.48164405426975254,0.0950155733279262,0.1794871794871795,0.23076923076923078,0.2564102564102564,0.2564102564102564,0.358974358974359,0.41025641025641024,0.41025641025641024,0.41025641025641024,0.4358974358974359,0.46153846153846156,0.46153846153846156,0.46153846153846156,0.46153846153846156,0.7692307692307693,0.8461538461538461,0.8974358974358975,0.9230769230769231,0.9743589743589743,1.0,0.4831309041835357,0.1794871794871795,0.23076923076923078,0.2564102564102564,0.2564102564102564,0.358974358974359,0.41025641025641024,0.41025641025641024,0.41025641025641024,0.4358974358974359,0.46153846153846156,0.46153846153846156,0.46153846153846156,0.46153846153846156,0.7692307692307693,0.8461538461538461,0.8974358974358975,0.9230769230769231,0.9743589743589743,1.0,0.5371120107962214,0.17948717948717952,0.23076923076923084,0.2564102564102564,0.2564102564102564,0.35897435897435903,0.41025641025641024,0.41025641025641024,0.41025641025641024,0.4358974358974359,0.46153846153846156,0.46153846153846156,0.46153846153846156,0.46153846153846156,0.7692307692307693,0.8461538461538461,0.8974358974358975,0.9230769230769231,0.9743589743589743,1,0.5371120107962213
storm_IBk_NoSelection_NoSampling_noCostSensitive_7.csv,IBk,NoSelection,NoSampling,noCostSensitive,1,0.21428571428571427,0.058823529411764705,0.09230769230769231,0.24419871623148764,0.6529127593066213,0.11106153409321382,0.09578293136713562,0.19607843137254902,0.29411764705882354,0.37254901960784315,0.47058823529411764,0.5098039215686274,0.5882352941176471,0.6666666666666666,0.7058823529411765,0.7450980392156863,0.7647058823529411,0.7647058823529411,0.8627450980392157,0.9215686274509803,0.9803921568627451,1.0,1.0,1.0,1.0,1.0,0.5746529511634875,0.19607843137254902,0.29411764705882354,0.37254901960784315,0.47058823529411764,0.5098039215686274,0.5882352941176471,0.6666666666666666,0.7058823529411765,0.7450980392156863,0.7647058823529411,0.7647058823529411,0.8627450980392157,0.9215686274509803,0.9803921568627451,1.0,1.0,1.0,1.0,1.0,0.7285861713106295,0.196078431372549,0.2941176470588236,0.37254901960784315,0.47058823529411764,0.5098039215686274,0.5882352941176471,0.6666666666666666,0.7058823529411765,0.7450980392156863,0.7647058823529411,0.7647058823529411,0.8627450980392157,0.9215686274509803,0.9803921568627451,1.0,1.0,1.0,1.0,1,0.7285861713106295
storm_IBk_NoSelection_NoSampling_noCostSensitive_8.csv,IBk,NoSelection,NoSampling,noCostSensitive,0,0.582089552238806,0.6290322580645161,0.6046511627906976,0.44654755721772116,0.8472747497219132,0.7657935403516595,0.5855889347507771,0.6290322580645161,0.6451612903225806,0.6612903225806451,0.7580645161290323,0.8548387096774194,0.8548387096774194,0.8870967741935484,0.9032258064516129,0.9193548387096774,0.9354838709677419,0.9354838709677419,0.9516129032258065,0.967741935483871,1.0,1.0,1.0,1.0,1.0,1.0,0.8425168493080206,0.6290322580645161,0.6451612903225806,0.6612903225806451,0.7580645161290323,0.8548387096774194,0.8548387096774194,0.8870967741935484,0.9032258064516129,0.9193548387096774,0.9354838709677419,0.9354838709677419,0.9516129032258065,0.967741935483871,1.0,1.0,1.0,1.0,1.0,1.0,0.8896434634974533,0.6290322580645161,0.6451612903225806,0.6612903225806451,0.7580645161290323,0.8548387096774194,0.8548387096774194,0.8870967741935484,0.9032258064516129,0.9193548387096774,0.9354838709677419,0.9354838709677419,0.9516129032258065,0.967741935483871,1.0,1.0,1.0,1.0,1.0,1,0.8896434634974533
storm_IBk_NoSelection_NoSampling_noCostSensitive_9.csv,IBk,NoSelection,NoSampling,noCostSensitive,10,0.23214285714285715,0.3170731707317073,0.26804123711340205,0.17923176061505527,0.7470323040996367,0.47809396750280037,0.24808146977877155,0.36585365853658536,0.4634146341463415,0.4878048780487805,0.5853658536585366,0.7560975609756098,0.8048780487804879,0.8292682926829268,0.8780487804878049,0.8780487804878049,0.9024390243902439,0.9512195121951219,0.9512195121951219,0.9512195121951219,0.9512195121951219,1.0,1.0,1.0,1.0,1.0,0.7471116816431322,0.36585365853658536,0.4634146341463415,0.4878048780487805,0.5853658536585366,0.7560975609756098,0.8048780487804879,0.8292682926829268,0.8780487804878049,0.8780487804878049,0.9024390243902439,0.9512195121951219,0.9512195121951219,0.9512195121951219,0.9512195121951219,1.0,1.0,1.0,1.0,1.0,0.8292682926829268,0.36585365853658536,0.46341463414634143,0.4878048780487805,0.5853658536585366,0.7560975609756098,0.8048780487804879,0.8292682926829268,0.8780487804878049,0.8780487804878049,0.9024390243902439,0.9512195121951219,0.9512195121951219,0.9512195121951219,0.9512195121951219,1.0,1.0,1.0,1.0,1,0.8292682926829268
storm_IBk_NoSelection_NoSampling_yesCostSensitive_1.csv,IBk,NoSelection,NoSampling,yesCostSensitive,0,0,0.0,0.0,0.03385203385203385,1.0,0.0,0,0.1902834008097166,0.2834008097165992,0.39271255060728744,0.4574898785425101,0.5587044534412956,0.631578947368421,0.6923076923076923,0.7692307692307693,0.8218623481781376,0.854251012145749,0.8947368421052632,0.9311740890688259,0.9595141700404858,0.9757085020242915,0.9919028340080972,1.0,1.0,1.0,1.0,0.1603896575824494,0.1902834008097166,0.2834008097165992,0.39271255060728744,0.4574898785425101,0.5587044534412956,0.631578947368421,0.6923076923076923,0.7692307692307693,0.8218623481781376,0.854251012145749,0.8947368421052632,0.9311740890688259,0.9595141700404858,0.9757085020242915,0.9919028340080972,1.0,1.0,1.0,1.0,0.21813365594694514,0.33333333333333337,0.4093567251461988,0.5078534031413613,0.5485436893203883,0.6330275229357798,0.4586466165413533,0.3229166666666665,0.277777777777778,0.21818181818181825,0.1428571428571429,0.10344827586206895,0.1052631578947365,0.08333333333333204,0,0.0,0.0,0.0,0.0,0.0,0.758150436820797
storm_IBk_NoSelection_NoSampling_yesCostSensitive_10.csv,IBk,NoSelection,NoSampling,yesCostSensitive,3,0.08108108108108109,0.15517241379310345,0.10650887573964497,0.07242034915794288,0.6418566266672612,0.2661315094300985,0.06561018539834006,0.25862068965517243,0.3793103448275862,0.4482758620689655,0.4827586206896552,0.5689655172413793,0.6379310344827587,0.7068965517241379,0.7931034482758621,0.8620689655172413,0.9310344827586207,0.9482758620689655,0.9655172413793104,0.9655172413793104,0.9827586206896551,1.0,1.0,1.0,1.0,1.0,0.6288566243194191,0.25862068965517243,0.3793103448275862,0.4482758620689655,0.4827586206896552,0.5689655172413793,0.6379310344827587,0.7068965517241379,0.7931034482758621,0.8620689655172413,0.9310344827586207,0.9482758620689655,0.9655172413793104,0.9655172413793104,0.9827586206896551,1.0,1.0,1.0,1.0,1.0,0.7858439201451906,0.2586206896551724,0.3793103448275862,0.4482758620689655,0.48275862068965525,0.5689655172413793,0.6379310344827587,0.7068965517241379,0.7931034482758621,0.8620689655172413,0.9310344827586207,0.9482758620689655,0.9655172413793104,0.9655172413793104,0.9827586206896551,1.0,1.0,1.0,1.0,1,0.7858439201451906
storm_IBk_NoSelection_NoSampling_yesCostSensitive_11.csv,IBk,NoSelection,NoSampling,yesCostSensitive,0,0.35443037974683544,0.417910447761194,0.3835616438356164,0.26016011681293383,0.7588319187077218,0.5771247918668534,0.3251312181206518,0.30597014925373134,0.41044776119402987,0.47761194029850745,0.6791044776119403,0.7835820895522388,0.8731343283582089,0.8955223880597015,0.9104477611940298,0.9253731343283582,0.9402985074626866,0.9552238805970149,0.9701492537313433,0.9925373134328358,1.0,1.0,1.0,1.0,1.0,1.0,0.8136759809972693,0.30597014925373134,0.41044776119402987,0.47761194029850745,0.6791044776119403,0.7835820895522388,0.8731343283582089,0.8955223880597015,0.9104477611940298,0.9253731343283582,0.9402985074626866,0.9552238805970149,0.9701492537313433,0.9925373134328358,1.0,1.0,1.0,1.0,1.0,1.0,0.8483896307934016,0.30597014925373134,0.4104477611940298,0.4776119402985075,0.6791044776119403,0.7835820895522388,0.8731343283582089,0.8955223880597015,0.9104477611940298,0.9253731343283582,0.9402985074626866,0.9552238805970149,0.9701492537313433,0.9925373134328358,1.0,1.0,1.0,1.0,1.0,1,0.8483896307934014
storm_IBk_NoSelection_NoSampling_yesCostSensitive_12.csv,IBk,NoSelection,NoSampling,yesCostSensitive,0,0.4027777777777778,0.453125,0.4264705882352941,0.3201791048535524,0.7428607652490208,0.6139762395215543,0.38355829780478434,0.484375,0.578125,0.6328125,0.65625,0.671875,0.8203125,0.84375,0.875,0.8828125,0.8984375,0.9140625,0.9375,0.953125,0.96875,1.0,1.0,1.0,1.0,1.0,0.7747532894736843,0.484375,0.578125,0.6328125,0.65625,0.671875,0.8203125,0.84375,0.875,0.8828125,0.8984375,0.9140625,0.9375,0.953125,0.96875,1.0,1.0,1.0,1.0,1.0,0.8482730263157895,0.484375,0.578125,0.6328125,0.65625,0.671875,0.8203125,0.84375,0.875,0.8828125,0.8984375,0.9140625,0.9375,0.953125,0.96875,1.0,1.0,1.0,1.0,1,0.8482730263157895
storm_IBk_NoSelection_NoSampling_yesCostSensitive_13.csv,IBk,NoSelection,NoSampling,yesCostSensitive,10,0.24489795918367346,0.46153846153846156,0.32,0.17410490947032475,0.7152920715459604,0.6171192849776556,0.29222681316730903,0.32051282051282054,0.41025641025641024,0.4358974358974359,0.47435897435897434,0.7692307692307693,0.8461538461538461,0.9230769230769231,0.9615384615384616,0.9615384615384616,0.9743589743589743,0.9743589743589743,0.9871794871794872,1.0,1.0,1.0,1.0,1.0,1.0,1.0,0.8529014844804318,0.32051282051282054,0.41025641025641024,0.4358974358974359,0.47435897435897434,0.7692307692307693,0.8461538461538461,0.9230769230769231,0.9615384615384616,0.9615384615384616,0.9743589743589743,0.9743589743589743,0.9871794871794872,1.0,1.0,1.0,1.0,1.0,1.0,1.0,0.8441295546558706,0.3205128205128205,0.41025641025641024,0.4358974358974359,0.47435897435897434,0.7692307692307693,0.8461538461538461,0.9230769230769231,0.9615384615384616,0.9615384615384616,0.9743589743589743,0.9743589743589743,0.9871794871794872,1.0,1.0,1.0,1.0,1.0,1.0,1,0.8441295546558706
storm_IBk_NoSelection_NoSampling_yesCostSensitive_14.csv,IBk,NoSelection,NoSampling,yesCostSensitive,3,0.08633093525179857,0.23529411764705882,0.12631578947368421,0.06717737852395864,0.5449964648124357,0.37601428935953046,0.10584728015946897,0.17647058823529413,0.19607843137254902,0.29411764705882354,0.3333333333333333,0.39215686274509803,0.43137254901960786,0.6078431372549019,0.6274509803921569,0.7058823529411765,0.7843137254901961,0.7843137254901961,0.8235294117647058,0.8823529411764706,0.9411764705882353,0.9411764705882353,1.0,1.0,1.0,1.0,0.6383683667372766,0.17647058823529413,0.19607843137254902,0.29411764705882354,0.3333333333333333,0.39215686274509803,0.43137254901960786,0.6078431372549019,0.6274509803921569,0.7058823529411765,0.7843137254901961,0.7843137254901961,0.8235294117647058,0.8823529411764706,0.9411764705882353,0.9411764705882353,1.0,1.0,1.0,1.0,0.6800825593395253,0.17647058823529416,0.196078431372549,0.2941176470588236,0.33333333333333326,0.392156862745098,0.43137254901960786,0.6078431372549019,0.6274509803921569,0.7058823529411765,0.7843137254901961,0.7843137254901961,0.8235294117647058,0.8823529411764706,0.9411764705882353,0.9411764705882353,1.0,1.0,1.0,1,0.6800825593395253
storm_IBk_NoSelection_NoSampling_yesCostSensitive_15.csv,IBk,NoSelection,NoSampling,yesCostSensitive,4,0.21374045801526717,0.45901639344262296,0.2916666666666667,0.15810461635033823,0.6983721541443539,0.6186238408972871,0.2830195778023836,0.22950819672131148,0.2786885245901639,0.3770491803278688,0.47540983606557374,0.5737704918032787,0.6885245901639344,0.819672131147541,0.8524590163934426,0.9016393442622951,0.9180327868852459,0.9672131147540983,0.9672131147540983,0.9672131147540983,1.0,1.0,1.0,1.0,1.0,1.0,0.807257214073435,0.22950819672131148,0.2786885245901639,0.3770491803278688,0.47540983606557374,0.5737704918032787,0.6885245901639344,0.819672131147541,0.8524590163934426,0.9016393442622951,0.9180327868852459,0.9672131147540983,0.9672131147540983,0.9672131147540983,1.0,1.0,1.0,1.0,1.0,1.0,0.7903364969801553,0.2295081967213115,0.2786885245901639,0.3770491803278688,0.47540983606557374,0.5737704918032787,0.6885245901639344,0.819672131147541,0.8524590163934426,0.9016393442622951,0.9180327868852459,0.9672131147540983,0.9672131147540983,0.9672131147540983,1.0,1.0,1.0,1.0,1.0,1,0.7903364969801553
storm_IBk_NoSelection_NoSampling_yesCostSensitive_16.csv,IBk,NoSelection,NoSampling,yesCostSensitive,16,0.17419354838709677,0.675,0.27692307692307694,0.11883626428055433,0.7951798561151074,0.7852721530744938,0.3206829454073177,0.175,0.3,0.4,0.5,0.625,0.725,0.75,0.825,0.9,0.975,1.0,1.0,1.0,1.0,1.0,1.0,1.0,1.0,1.0,0.8592105263157894,0.175,0.3,0.4,0.5,0.625,0.725,0.75,0.825,0.9,0.975,1.0,1.0,1.0,1.0,1.0,1.0,1.0,1.0,1.0,0.7986842105263158,0.17500000000000004,0.30000000000000004,0.4,0.5,0.625,0.725,0.75,0.825,0.9,0.975,1.0,1.0,1.0,1.0,1.0,1.0,1.0,1.0,1,0.7986842105263158
storm_IBk_NoSelection_NoSampling_yesCostSensitive_17.csv,IBk,NoSelection,NoSampling,yesCostSensitive,4,0.0945945945945946,0.25925925925925924,0.13861386138613863,0.11022442140800605,0.5259682943191046,0.40898695395768303,0.1388773374494554,0.1111111111111111,0.2222222222222222,0.3333333333333333,0.3333333333333333,0.3333333333333333,0.37037037037037035,0.4444444444444444,0.5925925925925926,0.6666666666666666,0.7407407407407407,0.7777777777777778,0.8148148148148148,0.8518518518518519,0.9259259259259259,0.9629629629629629,0.9629629629629629,1.0,1.0,1.0,0.6009990253411306,0.1111111111111111,0.2222222222222222,0.3333333333333333,0.3333333333333333,0.3333333333333333,0.37037037037037035,0.4444444444444444,0.5925925925925926,0.6666666666666666,0.7407407407407407,0.7777777777777778,0.8148148148148148,0.8518518518518519,0.9259259259259259,0.9629629629629629,0.9629629629629629,1.0,1.0,1.0,0.6549707602339181,0.11111111111111116,0.2222222222222222,0.33333333333333326,0.33333333333333326,0.33333333333333326,0.37037037037037035,0.4444444444444444,0.5925925925925926,0.6666666666666666,0.7407407407407407,0.7777777777777778,0.8148148148148148,0.8518518518518519,0.9259259259259259,0.9629629629629629,0.9629629629629629,1.0,1.0,1,0.6549707602339181
storm_IBk_NoSelection_NoSampling_yesCostSensitive_2.csv,IBk,NoSelection,NoSampling,yesCostSensitive,21,0.0,0,0.0,0.0,0.0,0.0,0,0,0,0,0,0,0,0,0,0,0,0,0,0,0,0,0,0,0,0,1.0,0,0,0,0,0,0,0,0,0,0,0,0,0,0,0,0,0,0,0,1.0,1,1,1,1,1,1,1,1,1,1,1,1,1,1,1,1,1,1,1,0.0
storm_IBk_NoSelection_NoSampling_yesCostSensitive_3.csv,IBk,NoSelection,NoSampling,yesCostSensitive,0,0.5443037974683544,0.22631578947368422,0.31970260223048325,0.49035296729276223,0.9556486758297017,0.36500243755556194,0.24159297488199227,0.19047619047619047,0.21693121693121692,0.38095238095238093,0.5185185185185185,0.6190476190476191,0.6931216931216931,0.7671957671957672,0.8201058201058201,0.873015873015873,0.9047619047619048,0.9259259259259259,0.9629629629629629,0.9788359788359788,0.9788359788359788,0.9947089947089947,1.0,1.0,1.0,1.0,0.349129284777684,0.19047619047619047,0.21693121693121692,0.38095238095238093,0.5185185185185185,0.6190476190476191,0.6931216931216931,0.7671957671957672,0.8201058201058201,0.873015873015873,0.9047619047619048,0.9259259259259259,0.9629629629629629,0.9788359788359788,0.9788359788359788,0.9947089947089947,1.0,1.0,1.0,1.0,0.47364673700922194,0.2517482517482518,0.2500000000000001,0.4067796610169492,0.5326086956521738,0.6223404255319149,0.6931216931216931,0.7671957671957672,0.8201058201058201,0.8684210526315789,0.8376068376068375,0.7540983606557375,0.7647058823529407,0.722222222222222,0.37500000000000033,0.3333333333333287,0.0,0.0,0.0,0.0,0.7802840434419382
storm_IBk_NoSelection_NoSampling_yesCostSensitive_4.csv,IBk,NoSelection,NoSampling,yesCostSensitive,2,0.5522388059701493,0.31805157593123207,0.4036363636363636,0.48106287923452107,0.8851579910856415,0.4619653179190751,0.1901688545781216,0.23275862068965517,0.25862068965517243,0.27298850574712646,0.28735632183908044,0.3017241379310345,0.3074712643678161,0.3160919540229885,0.5574712643678161,0.6666666666666666,0.7327586206896551,0.7902298850574713,0.8333333333333334,0.9137931034482759,0.9626436781609196,0.9971264367816092,1.0,1.0,1.0,1.0,0.22746263879033748,0.23275862068965517,0.25862068965517243,0.27298850574712646,0.28735632183908044,0.3017241379310345,0.3074712643678161,0.3160919540229885,0.5574712643678161,0.6666666666666666,0.7327586206896551,0.7902298850574713,0.8333333333333334,0.9137931034482759,0.9626436781609196,0.9971264367816092,1.0,1.0,1.0,1.0,0.19467128726860383,0.32399999999999995,0.30508474576271194,0.29780564263322895,0.29850746268656714,0.30612244897959184,0.30835734870317,0.3160919540229885,0.5574712643678161,0.45539906103286376,0.19658119658119666,0,0,0,0,0.3333333333333376,0.0,0.0,0.0,0.0,0.6542649727767695
storm_IBk_NoSelection_NoSampling_yesCostSensitive_5.csv,IBk,NoSelection,NoSampling,yesCostSensitive,3,0.9275893675527039,0.9275893675527039,0.9275893675527039,0.8356159087866388,0.9731434743505336,0.7497332411886662,0.5566973487733612,0.46238532110091746,0.581651376146789,0.671559633027523,0.7376146788990826,0.7853211009174312,0.8192660550458716,0.844954128440367,0.8660550458715597,0.8853211009174312,0.9,0.9128440366972477,0.9211009174311927,0.926605504587156,0.9678899082568807,0.998165137614679,1.0,1.0,1.0,1.0,0.32464497297670347,0.46238532110091746,0.581651376146789,0.671559633027523,0.7376146788990826,0.7853211009174312,0.8192660550458716,0.844954128440367,0.8660550458715597,0.8853211009174312,0.9,0.9128440366972477,0.9211009174311927,0.926605504587156,0.9678899082568807,0.998165137614679,1.0,1.0,1.0,1.0,0.2745990285857913,0.8910614525139665,0.7901234567901233,0.6781609195402301,0.53125,0.31250000000000067,0.014285714285713902,0,0,0,0,0,0,0,0,0,1,1,0.0,0.0,0.8568807339449541
storm_IBk_NoSelection_NoSampling_yesCostSensitive_6.csv,IBk,NoSelection,NoSampling,yesCostSensitive,12,0.025974025974025976,0.46153846153846156,0.04918032786885246,0.029189403951684477,0.6464635292816456,0.486688569162796,-0.007731830365770675,0.1282051282051282,0.15384615384615385,0.23076923076923078,0.28205128205128205,0.3076923076923077,0.358974358974359,0.4358974358974359,0.4358974358974359,0.4358974358974359,0.46153846153846156,0.46153846153846156,0.46153846153846156,0.46153846153846156,0.7692307692307693,0.8461538461538461,0.8974358974358975,0.9230769230769231,0.9743589743589743,1.0,0.4831309041835357,0.1282051282051282,0.15384615384615385,0.23076923076923078,0.28205128205128205,0.3076923076923077,0.358974358974359,0.4358974358974359,0.4358974358974359,0.4358974358974359,0.46153846153846156,0.46153846153846156,0.46153846153846156,0.46153846153846156,0.7692307692307693,0.8461538461538461,0.8974358974358975,0.9230769230769231,0.9743589743589743,1.0,0.5276653171390013,0.1282051282051282,0.15384615384615385,0.23076923076923084,0.28205128205128205,0.3076923076923077,0.35897435897435903,0.4358974358974359,0.4358974358974359,0.4358974358974359,0.46153846153846156,0.46153846153846156,0.46153846153846156,0.46153846153846156,0.7692307692307693,0.8461538461538461,0.8974358974358975,0.9230769230769231,0.9743589743589743,1,0.5276653171390013
storm_IBk_NoSelection_NoSampling_yesCostSensitive_7.csv,IBk,NoSelection,NoSampling,yesCostSensitive,1,0.047337278106508875,0.3137254901960784,0.08226221079691516,0.0751091490297804,0.6502557544757032,0.4452510586811857,0.03508891026121342,0.13725490196078433,0.23529411764705882,0.37254901960784315,0.47058823529411764,0.5098039215686274,0.5882352941176471,0.6666666666666666,0.7058823529411765,0.7450980392156863,0.7647058823529411,0.7647058823529411,0.8627450980392157,0.9215686274509803,0.9803921568627451,1.0,1.0,1.0,1.0,1.0,0.5746529511634875,0.13725490196078433,0.23529411764705882,0.37254901960784315,0.47058823529411764,0.5098039215686274,0.5882352941176471,0.6666666666666666,0.7058823529411765,0.7450980392156863,0.7647058823529411,0.7647058823529411,0.8627450980392157,0.9215686274509803,0.9803921568627451,1.0,1.0,1.0,1.0,1.0,0.7223942208462332,0.13725490196078427,0.23529411764705888,0.37254901960784315,0.47058823529411764,0.5098039215686274,0.5882352941176471,0.6666666666666666,0.7058823529411765,0.7450980392156863,0.7647058823529411,0.7647058823529411,0.8627450980392157,0.9215686274509803,0.9803921568627451,1.0,1.0,1.0,1.0,1,0.7223942208462332
storm_IBk_NoSelection_NoSampling_yesCostSensitive_8.csv,IBk,NoSelection,NoSampling,yesCostSensitive,0,0.2198952879581152,0.6774193548387096,0.33201581027667987,0.23970184547789974,0.8472747497219133,0.7677297955440299,0.33804665555602503,0.3225806451612903,0.45161290322580644,0.6290322580645161,0.7580645161290323,0.8548387096774194,0.8548387096774194,0.8870967741935484,0.9032258064516129,0.9193548387096774,0.9354838709677419,0.9354838709677419,0.9516129032258065,0.967741935483871,1.0,1.0,1.0,1.0,1.0,1.0,0.8425168493080206,0.3225806451612903,0.45161290322580644,0.6290322580645161,0.7580645161290323,0.8548387096774194,0.8548387096774194,0.8870967741935484,0.9032258064516129,0.9193548387096774,0.9354838709677419,0.9354838709677419,0.9516129032258065,0.967741935483871,1.0,1.0,1.0,1.0,1.0,1.0,0.8616298811544991,0.32258064516129026,0.4516129032258065,0.6290322580645161,0.7580645161290323,0.8548387096774194,0.8548387096774194,0.8870967741935484,0.9032258064516129,0.9193548387096774,0.9354838709677419,0.9354838709677419,0.9516129032258065,0.967741935483871,1.0,1.0,1.0,1.0,1.0,1,0.8616298811544991
storm_IBk_NoSelection_NoSampling_yesCostSensitive_9.csv,IBk,NoSelection,NoSampling,yesCostSensitive,10,0.1,0.43902439024390244,0.16289592760180996,0.10111579799992282,0.7361183186299947,0.5884961142105392,0.16597777634130254,0.24390243902439024,0.34146341463414637,0.5121951219512195,0.5609756097560976,0.7560975609756098,0.8048780487804879,0.8292682926829268,0.8780487804878049,0.8780487804878049,0.9024390243902439,0.9512195121951219,0.9512195121951219,0.9512195121951219,0.9512195121951219,1.0,1.0,1.0,1.0,1.0,0.7471116816431322,0.24390243902439024,0.34146341463414637,0.5121951219512195,0.5609756097560976,0.7560975609756098,0.8048780487804879,0.8292682926829268,0.8780487804878049,0.8780487804878049,0.9024390243902439,0.9512195121951219,0.9512195121951219,0.9512195121951219,0.9512195121951219,1.0,1.0,1.0,1.0,1.0,0.8164313222079589,0.24390243902439024,0.3414634146341464,0.5121951219512195,0.5609756097560976,0.7560975609756098,0.8048780487804879,0.8292682926829268,0.8780487804878049,0.8780487804878049,0.9024390243902439,0.9512195121951219,0.9512195121951219,0.9512195121951219,0.9512195121951219,1.0,1.0,1.0,1.0,1,0.8164313222079589
storm_IBk_NoSelection_SMOTE_noCostSensitive_1.csv,IBk,NoSelection,SMOTE,noCostSensitive,0,0,0.0,0.0,0.03385203385203385,1.0,0.0,0,0.1902834008097166,0.2834008097165992,0.39271255060728744,0.4574898785425101,0.5587044534412956,0.631578947368421,0.6923076923076923,0.7692307692307693,0.8218623481781376,0.854251012145749,0.8947368421052632,0.9311740890688259,0.9595141700404858,0.9757085020242915,0.9919028340080972,1.0,1.0,1.0,1.0,0.1603896575824494,0.1902834008097166,0.2834008097165992,0.39271255060728744,0.4574898785425101,0.5587044534412956,0.631578947368421,0.6923076923076923,0.7692307692307693,0.8218623481781376,0.854251012145749,0.8947368421052632,0.9311740890688259,0.9595141700404858,0.9757085020242915,0.9919028340080972,1.0,1.0,1.0,1.0,0.21813365594694514,0.33333333333333337,0.4093567251461988,0.5078534031413613,0.5485436893203883,0.6330275229357798,0.4586466165413533,0.3229166666666665,0.277777777777778,0.21818181818181825,0.1428571428571429,0.10344827586206895,0.1052631578947365,0.08333333333333204,0,0.0,0.0,0.0,0.0,0.0,0.758150436820797
storm_IBk_NoSelection_SMOTE_noCostSensitive_10.csv,IBk,NoSelection,SMOTE,noCostSensitive,6,0.17857142857142858,0.08620689655172414,0.11627906976744186,0.11199295616600166,0.6639269304545655,0.15854013990672886,0.10167931019620853,0.25862068965517243,0.3620689655172414,0.43103448275862066,0.5,0.5862068965517241,0.6379310344827587,0.7068965517241379,0.8103448275862069,0.8793103448275862,0.9310344827586207,0.9482758620689655,0.9655172413793104,0.9655172413793104,0.9827586206896551,1.0,1.0,1.0,1.0,1.0,0.6442831215970962,0.25862068965517243,0.3620689655172414,0.43103448275862066,0.5,0.5862068965517241,0.6379310344827587,0.7068965517241379,0.8103448275862069,0.8793103448275862,0.9310344827586207,0.9482758620689655,0.9655172413793104,0.9655172413793104,0.9827586206896551,1.0,1.0,1.0,1.0,1.0,0.7876588021778584,0.2586206896551724,0.3620689655172413,0.43103448275862066,0.5,0.5862068965517241,0.6379310344827587,0.7068965517241379,0.8103448275862069,0.8793103448275862,0.9310344827586207,0.9482758620689655,0.9655172413793104,0.9655172413793104,0.9827586206896551,1.0,1.0,1.0,1.0,1,0.7876588021778584
storm_IBk_NoSelection_SMOTE_noCostSensitive_11.csv,IBk,NoSelection,SMOTE,noCostSensitive,4,0.37579617834394907,0.44029850746268656,0.4054982817869416,0.2923795771800391,0.7677950658122787,0.5986698785463004,0.3493691311871584,0.39552238805970147,0.4552238805970149,0.5,0.6194029850746269,0.7835820895522388,0.8805970149253731,0.8955223880597015,0.9104477611940298,0.9253731343283582,0.9402985074626866,0.9552238805970149,0.9701492537313433,0.9925373134328358,1.0,1.0,1.0,1.0,1.0,1.0,0.812890435042831,0.39552238805970147,0.4552238805970149,0.5,0.6194029850746269,0.7835820895522388,0.8805970149253731,0.8955223880597015,0.9104477611940298,0.9253731343283582,0.9402985074626866,0.9552238805970149,0.9701492537313433,0.9925373134328358,1.0,1.0,1.0,1.0,1.0,1.0,0.8538884524744698,0.3955223880597014,0.4552238805970149,0.5,0.6194029850746269,0.7835820895522388,0.8805970149253731,0.8955223880597015,0.9104477611940298,0.9253731343283582,0.9402985074626866,0.9552238805970149,0.9701492537313433,0.9925373134328358,1.0,1.0,1.0,1.0,1.0,1,0.8538884524744698
storm_IBk_NoSelection_SMOTE_noCostSensitive_12.csv,IBk,NoSelection,SMOTE,noCostSensitive,0,0.58,0.453125,0.5087719298245614,0.4024716832440189,0.7649910814213763,0.619010048745283,0.4822979103822092,0.515625,0.5625,0.609375,0.65625,0.6796875,0.796875,0.859375,0.875,0.890625,0.90625,0.9296875,0.9453125,0.9609375,0.96875,1.0,1.0,1.0,1.0,1.0,0.7862664473684211,0.515625,0.5625,0.609375,0.65625,0.6796875,0.796875,0.859375,0.875,0.890625,0.90625,0.9296875,0.9453125,0.9609375,0.96875,1.0,1.0,1.0,1.0,1.0,0.850328947368421,0.515625,0.5625,0.609375,0.65625,0.6796875,0.796875,0.859375,0.875,0.890625,0.90625,0.9296875,0.9453125,0.9609375,0.96875,1.0,1.0,1.0,1.0,1,0.850328947368421
storm_IBk_NoSelection_SMOTE_noCostSensitive_13.csv,IBk,NoSelection,SMOTE,noCostSensitive,10,0.29770992366412213,0.5,0.37320574162679426,0.21383770505121935,0.7549742313276849,0.6534397239594566,0.3474186371608452,0.41025641025641024,0.46153846153846156,0.5,0.5256410256410257,0.7692307692307693,0.8846153846153846,0.9358974358974359,0.9615384615384616,0.9743589743589743,0.9743589743589743,0.9743589743589743,0.9871794871794872,1.0,1.0,1.0,1.0,1.0,1.0,1.0,0.8630229419703104,0.41025641025641024,0.46153846153846156,0.5,0.5256410256410257,0.7692307692307693,0.8846153846153846,0.9358974358974359,0.9615384615384616,0.9743589743589743,0.9743589743589743,0.9743589743589743,0.9871794871794872,1.0,1.0,1.0,1.0,1.0,1.0,1.0,0.8609986504723346,0.41025641025641024,0.46153846153846156,0.5,0.5256410256410257,0.7692307692307693,0.8846153846153846,0.9358974358974359,0.9615384615384616,0.9743589743589743,0.9743589743589743,0.9743589743589743,0.9871794871794872,1.0,1.0,1.0,1.0,1.0,1.0,1,0.8609986504723346
storm_IBk_NoSelection_SMOTE_noCostSensitive_14.csv,IBk,NoSelection,SMOTE,noCostSensitive,1,0.10989010989010989,0.19607843137254902,0.14084507042253522,0.08653711798080328,0.5858751829833002,0.3255789891186259,0.11718902060432107,0.21568627450980393,0.2549019607843137,0.29411764705882354,0.3137254901960784,0.4117647058823529,0.45098039215686275,0.5882352941176471,0.6470588235294118,0.7254901960784313,0.803921568627451,0.803921568627451,0.8235294117647058,0.8823529411764706,0.9411764705882353,0.9411764705882353,1.0,1.0,1.0,1.0,0.6414643419694748,0.21568627450980393,0.2549019607843137,0.29411764705882354,0.3137254901960784,0.4117647058823529,0.45098039215686275,0.5882352941176471,0.6470588235294118,0.7254901960784313,0.803921568627451,0.803921568627451,0.8235294117647058,0.8823529411764706,0.9411764705882353,0.9411764705882353,1.0,1.0,1.0,1.0,0.6893704850361196,0.21568627450980393,0.2549019607843137,0.2941176470588236,0.3137254901960784,0.4117647058823529,0.4509803921568627,0.5882352941176471,0.6470588235294118,0.7254901960784313,0.803921568627451,0.803921568627451,0.8235294117647058,0.8823529411764706,0.9411764705882353,0.9411764705882353,1.0,1.0,1.0,1,0.6893704850361196
storm_IBk_NoSelection_SMOTE_noCostSensitive_15.csv,IBk,NoSelection,SMOTE,noCostSensitive,4,0.31521739130434784,0.47540983606557374,0.3790849673202614,0.2324485609161785,0.7404398961858143,0.637746946762459,0.36425288466104466,0.36065573770491804,0.4426229508196721,0.47540983606557374,0.5409836065573771,0.5737704918032787,0.7049180327868853,0.8032786885245902,0.8524590163934426,0.9180327868852459,0.9180327868852459,0.9836065573770492,0.9836065573770492,0.9836065573770492,1.0,1.0,1.0,1.0,1.0,1.0,0.809845652382322,0.36065573770491804,0.4426229508196721,0.47540983606557374,0.5409836065573771,0.5737704918032787,0.7049180327868853,0.8032786885245902,0.8524590163934426,0.9180327868852459,0.9180327868852459,0.9836065573770492,0.9836065573770492,0.9836065573770492,1.0,1.0,1.0,1.0,1.0,1.0,0.817946505608283,0.360655737704918,0.4426229508196722,0.47540983606557374,0.5409836065573771,0.5737704918032787,0.7049180327868853,0.8032786885245902,0.8524590163934426,0.9180327868852459,0.9180327868852459,0.9836065573770492,0.9836065573770492,0.9836065573770492,1.0,1.0,1.0,1.0,1.0,1,0.817946505608283
storm_IBk_NoSelection_SMOTE_noCostSensitive_16.csv,IBk,NoSelection,SMOTE,noCostSensitive,17,0.19548872180451127,0.65,0.30057803468208094,0.14640971323919974,0.8176858513189449,0.7714392859821495,0.3358984913092023,0.35,0.5,0.575,0.65,0.675,0.7,0.75,0.825,0.9,0.95,1.0,1.0,1.0,1.0,1.0,1.0,1.0,1.0,1.0,0.8552631578947368,0.35,0.5,0.575,0.65,0.675,0.7,0.75,0.825,0.9,0.95,1.0,1.0,1.0,1.0,1.0,1.0,1.0,1.0,1.0,0.8355263157894737,0.35,0.5,0.575,0.65,0.675,0.7,0.75,0.825,0.9,0.95,1.0,1.0,1.0,1.0,1.0,1.0,1.0,1.0,1,0.8355263157894737
storm_IBk_NoSelection_SMOTE_noCostSensitive_17.csv,IBk,NoSelection,SMOTE,noCostSensitive,10,0.12280701754385964,0.25925925925925924,0.16666666666666666,0.09167264703651751,0.5851251632948491,0.4097053528050069,0.1632030488771926,0.18518518518518517,0.25925925925925924,0.37037037037037035,0.37037037037037035,0.4074074074074074,0.4074074074074074,0.4444444444444444,0.5925925925925926,0.6296296296296297,0.7777777777777778,0.8148148148148148,0.8148148148148148,0.8518518518518519,0.9259259259259259,0.9629629629629629,0.9629629629629629,1.0,1.0,1.0,0.6146442495126706,0.18518518518518517,0.25925925925925924,0.37037037037037035,0.37037037037037035,0.4074074074074074,0.4074074074074074,0.4444444444444444,0.5925925925925926,0.6296296296296297,0.7777777777777778,0.8148148148148148,0.8148148148148148,0.8518518518518519,0.9259259259259259,0.9629629629629629,0.9629629629629629,1.0,1.0,1.0,0.6725146198830408,0.18518518518518512,0.2592592592592593,0.37037037037037035,0.37037037037037035,0.40740740740740744,0.40740740740740744,0.4444444444444444,0.5925925925925926,0.6296296296296297,0.7777777777777778,0.8148148148148148,0.8148148148148148,0.8518518518518519,0.9259259259259259,0.9629629629629629,0.9629629629629629,1.0,1.0,1,0.6725146198830408
storm_IBk_NoSelection_SMOTE_noCostSensitive_2.csv,IBk,NoSelection,SMOTE,noCostSensitive,21,0.0,0,0.0,0.0,0.0,0.0,0,0,0,0,0,0,0,0,0,0,0,0,0,0,0,0,0,0,0,0,1.0,0,0,0,0,0,0,0,0,0,0,0,0,0,0,0,0,0,0,0,1.0,1,1,1,1,1,1,1,1,1,1,1,1,1,1,1,1,1,1,1,0.0
storm_IBk_NoSelection_SMOTE_noCostSensitive_3.csv,IBk,NoSelection,SMOTE,noCostSensitive,0,0.5909090909090909,0.2736842105263158,0.37410071942446044,0.5017149520059359,0.9467985249748576,0.42420901774887004,0.29486930347147694,0.20634920634920634,0.25396825396825395,0.2698412698412698,0.49206349206349204,0.5925925925925926,0.6878306878306878,0.7566137566137566,0.8148148148148148,0.873015873015873,0.9153439153439153,0.9365079365079365,0.9682539682539683,0.9841269841269841,0.9841269841269841,0.9947089947089947,1.0,1.0,1.0,1.0,0.3480906965788818,0.20634920634920634,0.25396825396825395,0.2698412698412698,0.49206349206349204,0.5925925925925926,0.6878306878306878,0.7566137566137566,0.8148148148148148,0.873015873015873,0.9153439153439153,0.9365079365079365,0.9682539682539683,0.9841269841269841,0.9841269841269841,0.9947089947089947,1.0,1.0,1.0,1.0,0.48048528562631043,0.2727272727272728,0.29268292682926833,0.2881355932203389,0.5054347826086957,0.5957446808510638,0.6878306878306878,0.7566137566137566,0.8148148148148148,0.8684210526315789,0.8547008547008547,0.7868852459016392,0.7941176470588234,0.7777777777777769,0.49999999999999867,0.3333333333333287,0.0,0.0,0.0,0.0,0.7752715121136173
storm_IBk_NoSelection_SMOTE_noCostSensitive_4.csv,IBk,NoSelection,SMOTE,noCostSensitive,7,0.5485232067510548,0.37249283667621774,0.44368600682593856,0.4830914689142537,0.8758058739255015,0.5111480921022297,0.20733241819032416,0.27011494252873564,0.2959770114942529,0.3218390804597701,0.3333333333333333,0.3505747126436782,0.3563218390804598,0.3620689655172414,0.3735632183908046,0.603448275862069,0.6982758620689655,0.7586206896551724,0.8017241379310345,0.8850574712643678,0.9425287356321839,0.9971264367816092,1.0,1.0,1.0,1.0,0.2260802796497241,0.27011494252873564,0.2959770114942529,0.3218390804597701,0.3333333333333333,0.3505747126436782,0.3563218390804598,0.3620689655172414,0.3735632183908046,0.603448275862069,0.6982758620689655,0.7586206896551724,0.8017241379310345,0.8850574712643678,0.9425287356321839,0.9971264367816092,1.0,1.0,1.0,1.0,0.19213934207646655,0.376,0.3491525423728814,0.3510971786833855,0.3462686567164178,0.3556851311953354,0.35734870317002887,0.3620689655172413,0.37356321839080464,0.3521126760563379,0.09401709401709413,0,0,0,0,0.3333333333333376,0.0,0.0,0.0,0.0,0.6500302480338778
storm_IBk_NoSelection_SMOTE_noCostSensitive_5.csv,IBk,NoSelection,SMOTE,noCostSensitive,1,0.9215509467989179,0.9367552703941339,0.9290909090909091,0.8302075367302691,0.9735737984275957,0.7251655629139073,0.5476504673172917,0.4596330275229358,0.5779816513761468,0.6688073394495413,0.736697247706422,0.7871559633027523,0.8220183486238533,0.8486238532110092,0.8706422018348624,0.8908256880733945,0.9064220183486239,0.9192660550458716,0.9284403669724771,0.9348623853211009,0.9669724770642202,0.9990825688073395,1.0,1.0,1.0,1.0,0.32474329281484726,0.4596330275229358,0.5779816513761468,0.6688073394495413,0.736697247706422,0.7871559633027523,0.8220183486238533,0.8486238532110092,0.8706422018348624,0.8908256880733945,0.9064220183486239,0.9192660550458716,0.9284403669724771,0.9348623853211009,0.9669724770642202,0.9990825688073395,1.0,1.0,1.0,1.0,0.2753251234943271,0.88268156424581,0.773662551440329,0.6609195402298851,0.5234374999999993,0.33333333333333337,0.05714285714285716,0,0,0,0,0,0,0,0,0.0,1,1,0.0,0.0,0.8588121680347658
storm_IBk_NoSelection_SMOTE_noCostSensitive_6.csv,IBk,NoSelection,SMOTE,noCostSensitive,11,0.06048387096774194,0.38461538461538464,0.10452961672473868,0.04577035261744513,0.6438459695109587,0.5261483938388841,0.09339875836357826,0.1794871794871795,0.23076923076923078,0.2564102564102564,0.2564102564102564,0.358974358974359,0.41025641025641024,0.41025641025641024,0.41025641025641024,0.4358974358974359,0.46153846153846156,0.46153846153846156,0.46153846153846156,0.46153846153846156,0.7692307692307693,0.8461538461538461,0.8974358974358975,0.9230769230769231,0.9743589743589743,1.0,0.48043184885290147,0.1794871794871795,0.23076923076923078,0.2564102564102564,0.2564102564102564,0.358974358974359,0.41025641025641024,0.41025641025641024,0.41025641025641024,0.4358974358974359,0.46153846153846156,0.46153846153846156,0.46153846153846156,0.46153846153846156,0.7692307692307693,0.8461538461538461,0.8974358974358975,0.9230769230769231,0.9743589743589743,1.0,0.5371120107962214,0.17948717948717952,0.23076923076923084,0.2564102564102564,0.2564102564102564,0.35897435897435903,0.41025641025641024,0.41025641025641024,0.41025641025641024,0.4358974358974359,0.46153846153846156,0.46153846153846156,0.46153846153846156,0.46153846153846156,0.7692307692307693,0.8461538461538461,0.8974358974358975,0.9230769230769231,0.9743589743589743,1,0.5371120107962213
storm_IBk_NoSelection_SMOTE_noCostSensitive_7.csv,IBk,NoSelection,SMOTE,noCostSensitive,2,0.23529411764705882,0.0784313725490196,0.11764705882352941,0.19765616767004113,0.6489627735152033,0.14535401464704864,0.1180848838640042,0.17647058823529413,0.3137254901960784,0.39215686274509803,0.47058823529411764,0.5098039215686274,0.5882352941176471,0.6666666666666666,0.7058823529411765,0.7450980392156863,0.7647058823529411,0.7647058823529411,0.8627450980392157,0.9215686274509803,0.9803921568627451,1.0,1.0,1.0,1.0,1.0,0.5767169346516196,0.17647058823529413,0.3137254901960784,0.39215686274509803,0.47058823529411764,0.5098039215686274,0.5882352941176471,0.6666666666666666,0.7058823529411765,0.7450980392156863,0.7647058823529411,0.7647058823529411,0.8627450980392157,0.9215686274509803,0.9803921568627451,1.0,1.0,1.0,1.0,1.0,0.7296181630546956,0.17647058823529416,0.3137254901960784,0.392156862745098,0.47058823529411764,0.5098039215686274,0.5882352941176471,0.6666666666666666,0.7058823529411765,0.7450980392156863,0.7647058823529411,0.7647058823529411,0.8627450980392157,0.9215686274509803,0.9803921568627451,1.0,1.0,1.0,1.0,1,0.7296181630546956
storm_IBk_NoSelection_SMOTE_noCostSensitive_8.csv,IBk,NoSelection,SMOTE,noCostSensitive,0,0.5342465753424658,0.6290322580645161,0.5777777777777777,0.3742287604000655,0.8447781485601288,0.7643815971071035,0.5580517117007021,0.5483870967741935,0.6290322580645161,0.6612903225806451,0.7096774193548387,0.8548387096774194,0.8548387096774194,0.8870967741935484,0.9032258064516129,0.9193548387096774,0.9354838709677419,0.9354838709677419,0.9516129032258065,0.967741935483871,1.0,1.0,1.0,1.0,1.0,1.0,0.838272367134846,0.5483870967741935,0.6290322580645161,0.6612903225806451,0.7096774193548387,0.8548387096774194,0.8548387096774194,0.8870967741935484,0.9032258064516129,0.9193548387096774,0.9354838709677419,0.9354838709677419,0.9516129032258065,0.967741935483871,1.0,1.0,1.0,1.0,1.0,1.0,0.8820033955857385,0.5483870967741935,0.6290322580645161,0.6612903225806451,0.7096774193548387,0.8548387096774194,0.8548387096774194,0.8870967741935484,0.9032258064516129,0.9193548387096774,0.9354838709677419,0.9354838709677419,0.9516129032258065,0.967741935483871,1.0,1.0,1.0,1.0,1.0,1,0.8820033955857385
storm_IBk_NoSelection_SMOTE_noCostSensitive_9.csv,IBk,NoSelection,SMOTE,noCostSensitive,10,0.203125,0.3170731707317073,0.24761904761904763,0.14845328819719683,0.7279125583809031,0.4774470774091627,0.22839455690495108,0.34146341463414637,0.4146341463414634,0.4878048780487805,0.5853658536585366,0.7317073170731707,0.8048780487804879,0.8292682926829268,0.8536585365853658,0.8780487804878049,0.9024390243902439,0.9512195121951219,0.9512195121951219,0.9512195121951219,0.9512195121951219,1.0,1.0,1.0,1.0,1.0,0.7394094993581515,0.34146341463414637,0.4146341463414634,0.4878048780487805,0.5853658536585366,0.7317073170731707,0.8048780487804879,0.8292682926829268,0.8536585365853658,0.8780487804878049,0.9024390243902439,0.9512195121951219,0.9512195121951219,0.9512195121951219,0.9512195121951219,1.0,1.0,1.0,1.0,1.0,0.8228498074454429,0.3414634146341464,0.41463414634146334,0.4878048780487805,0.5853658536585366,0.7317073170731707,0.8048780487804879,0.8292682926829268,0.8536585365853658,0.8780487804878049,0.9024390243902439,0.9512195121951219,0.9512195121951219,0.9512195121951219,0.9512195121951219,1.0,1.0,1.0,1.0,1,0.8228498074454429
storm_IBk_NoSelection_SMOTE_yesCostSensitive_1.csv,IBk,NoSelection,SMOTE,yesCostSensitive,0,0,0.0,0.0,0.03385203385203385,1.0,0.0,0,0.1902834008097166,0.2834008097165992,0.39271255060728744,0.4574898785425101,0.5587044534412956,0.631578947368421,0.6923076923076923,0.7692307692307693,0.8218623481781376,0.854251012145749,0.8947368421052632,0.9311740890688259,0.9595141700404858,0.9757085020242915,0.9919028340080972,1.0,1.0,1.0,1.0,0.1603896575824494,0.1902834008097166,0.2834008097165992,0.39271255060728744,0.4574898785425101,0.5587044534412956,0.631578947368421,0.6923076923076923,0.7692307692307693,0.8218623481781376,0.854251012145749,0.8947368421052632,0.9311740890688259,0.9595141700404858,0.9757085020242915,0.9919028340080972,1.0,1.0,1.0,1.0,0.21813365594694514,0.33333333333333337,0.4093567251461988,0.5078534031413613,0.5485436893203883,0.6330275229357798,0.4586466165413533,0.3229166666666665,0.277777777777778,0.21818181818181825,0.1428571428571429,0.10344827586206895,0.1052631578947365,0.08333333333333204,0,0.0,0.0,0.0,0.0,0.0,0.758150436820797
storm_IBk_NoSelection_SMOTE_yesCostSensitive_10.csv,IBk,NoSelection,SMOTE,yesCostSensitive,0,0.03969754253308128,0.3620689655172414,0.07155025553662692,0.04172958800628132,0.6247267698621582,0.47044350922628686,0.013294128679885536,0.20689655172413793,0.3275862068965517,0.3793103448275862,0.5,0.5172413793103449,0.5172413793103449,0.5172413793103449,0.5344827586206896,0.6206896551724138,0.7068965517241379,0.7586206896551724,0.8620689655172413,0.9310344827586207,0.9310344827586207,0.9310344827586207,0.9827586206896551,1.0,1.0,1.0,0.5381125226860254,0.20689655172413793,0.3275862068965517,0.3793103448275862,0.5,0.5172413793103449,0.5172413793103449,0.5172413793103449,0.5344827586206896,0.6206896551724138,0.7068965517241379,0.7586206896551724,0.8620689655172413,0.9310344827586207,0.9310344827586207,0.9310344827586207,0.9827586206896551,1.0,1.0,1.0,0.6960072595281307,0.2068965517241379,0.3275862068965517,0.3793103448275862,0.5,0.5172413793103449,0.5172413793103449,0.5172413793103449,0.5344827586206896,0.6206896551724138,0.7068965517241379,0.7586206896551724,0.8620689655172413,0.9310344827586207,0.9310344827586207,0.9310344827586207,0.9827586206896551,1.0,1.0,1,0.6960072595281307
storm_IBk_NoSelection_SMOTE_yesCostSensitive_11.csv,IBk,NoSelection,SMOTE,yesCostSensitive,1,0.12459016393442623,0.5671641791044776,0.20430107526881722,0.1449898322819554,0.7768077330665847,0.6038691132397495,0.12059317111356484,0.27611940298507465,0.3880597014925373,0.5074626865671642,0.5671641791044776,0.5970149253731343,0.5970149253731343,0.5970149253731343,0.5970149253731343,0.8059701492537313,0.8955223880597015,0.9104477611940298,0.917910447761194,0.9477611940298507,0.9552238805970149,0.9626865671641791,0.9850746268656716,1.0,1.0,1.0,0.6667227770919837,0.27611940298507465,0.3880597014925373,0.5074626865671642,0.5671641791044776,0.5970149253731343,0.5970149253731343,0.5970149253731343,0.5970149253731343,0.8059701492537313,0.8955223880597015,0.9104477611940298,0.917910447761194,0.9477611940298507,0.9552238805970149,0.9626865671641791,0.9850746268656716,1.0,1.0,1.0,0.7635506677140613,0.27611940298507465,0.3880597014925373,0.5074626865671642,0.5671641791044776,0.5970149253731343,0.5970149253731343,0.5970149253731343,0.5970149253731343,0.8059701492537313,0.8955223880597015,0.9104477611940298,0.917910447761194,0.9477611940298507,0.9552238805970149,0.9626865671641791,0.9850746268656716,1.0,1.0,1,0.7635506677140613
storm_IBk_NoSelection_SMOTE_yesCostSensitive_12.csv,IBk,NoSelection,SMOTE,yesCostSensitive,1,0.09988109393579073,0.65625,0.17337461300309598,0.13469343303554612,0.7376232862339114,0.613730191382808,0.11706907389028173,0.3984375,0.4921875,0.59375,0.65625,0.6796875,0.75,0.8203125,0.875,0.8984375,0.9140625,0.9296875,0.9375,0.953125,0.984375,1.0,1.0,1.0,1.0,1.0,0.7689967105263158,0.3984375,0.4921875,0.59375,0.65625,0.6796875,0.75,0.8203125,0.875,0.8984375,0.9140625,0.9296875,0.9375,0.953125,0.984375,1.0,1.0,1.0,1.0,1.0,0.8359375,0.3984375,0.4921875,0.59375,0.65625,0.6796875,0.75,0.8203125,0.875,0.8984375,0.9140625,0.9296875,0.9375,0.953125,0.984375,1.0,1.0,1.0,1.0,1,0.8359375
storm_IBk_NoSelection_SMOTE_yesCostSensitive_13.csv,IBk,NoSelection,SMOTE,yesCostSensitive,0,0.06080206985769728,0.6025641025641025,0.11045828437132785,0.07766040821782584,0.757606943979066,0.5741124598778483,0.06358319927705837,0.2564102564102564,0.2948717948717949,0.38461538461538464,0.5,0.5769230769230769,0.7692307692307693,0.8846153846153846,0.9358974358974359,0.9615384615384616,0.9615384615384616,0.9743589743589743,0.9743589743589743,0.9743589743589743,1.0,1.0,1.0,1.0,1.0,1.0,0.8387314439946019,0.2564102564102564,0.2948717948717949,0.38461538461538464,0.5,0.5769230769230769,0.7692307692307693,0.8846153846153846,0.9358974358974359,0.9615384615384616,0.9615384615384616,0.9743589743589743,0.9743589743589743,0.9743589743589743,1.0,1.0,1.0,1.0,1.0,1.0,0.8130904183535762,0.2564102564102564,0.29487179487179493,0.3846153846153846,0.5,0.5769230769230769,0.7692307692307693,0.8846153846153846,0.9358974358974359,0.9615384615384616,0.9615384615384616,0.9743589743589743,0.9743589743589743,0.9743589743589743,1.0,1.0,1.0,1.0,1.0,1,0.8130904183535762
storm_IBk_NoSelection_SMOTE_yesCostSensitive_14.csv,IBk,NoSelection,SMOTE,yesCostSensitive,1,0.022540983606557378,0.43137254901960786,0.042843232716650435,0.03424334888274827,0.5878170465748512,0.4696948981416237,-0.01668140846090631,0.1568627450980392,0.17647058823529413,0.23529411764705882,0.2549019607843137,0.4117647058823529,0.49019607843137253,0.5098039215686274,0.5882352941176471,0.6470588235294118,0.6862745098039216,0.7647058823529411,0.8235294117647058,0.8431372549019608,0.9411764705882353,1.0,1.0,1.0,1.0,1.0,0.6225625984465808,0.1568627450980392,0.17647058823529413,0.23529411764705882,0.2549019607843137,0.4117647058823529,0.49019607843137253,0.5098039215686274,0.5882352941176471,0.6470588235294118,0.6862745098039216,0.7647058823529411,0.8235294117647058,0.8431372549019608,0.9411764705882353,1.0,1.0,1.0,1.0,1.0,0.6594427244582043,0.1568627450980392,0.17647058823529416,0.23529411764705888,0.2549019607843137,0.4117647058823529,0.4901960784313726,0.5098039215686274,0.5882352941176471,0.6470588235294118,0.6862745098039216,0.7647058823529411,0.8235294117647058,0.8431372549019608,0.9411764705882353,1.0,1.0,1.0,1.0,1,0.6594427244582043
storm_IBk_NoSelection_SMOTE_yesCostSensitive_15.csv,IBk,NoSelection,SMOTE,yesCostSensitive,4,0.042598509052183174,0.6557377049180327,0.08,0.05975046346074482,0.7673297414501135,0.5979953256062743,0.06992918974905024,0.09836065573770492,0.18032786885245902,0.22950819672131148,0.3770491803278688,0.5245901639344263,0.6885245901639344,0.7540983606557377,0.8524590163934426,0.8852459016393442,0.9180327868852459,0.9344262295081968,0.9672131147540983,0.9836065573770492,1.0,1.0,1.0,1.0,1.0,1.0,0.8115712779215799,0.09836065573770492,0.18032786885245902,0.22950819672131148,0.3770491803278688,0.5245901639344263,0.6885245901639344,0.7540983606557377,0.8524590163934426,0.8852459016393442,0.9180327868852459,0.9344262295081968,0.9672131147540983,0.9836065573770492,1.0,1.0,1.0,1.0,1.0,1.0,0.7575496117342537,0.09836065573770492,0.180327868852459,0.2295081967213115,0.3770491803278688,0.5245901639344263,0.6885245901639344,0.7540983606557377,0.8524590163934426,0.8852459016393442,0.9180327868852459,0.9344262295081968,0.9672131147540983,0.9836065573770492,1.0,1.0,1.0,1.0,1.0,1,0.7575496117342537
storm_IBk_NoSelection_SMOTE_yesCostSensitive_16.csv,IBk,NoSelection,SMOTE,yesCostSensitive,2,0.030364372469635626,0.75,0.058365758754863814,0.04320675335975137,0.8342206235011991,0.6282634953079996,0.07916107516916532,0.025,0.05,0.125,0.3,0.575,0.675,0.8,0.85,0.9,0.95,0.975,1.0,1.0,1.0,1.0,1.0,1.0,1.0,1.0,0.8763157894736842,0.025,0.05,0.125,0.3,0.575,0.675,0.8,0.85,0.9,0.95,0.975,1.0,1.0,1.0,1.0,1.0,1.0,1.0,1.0,0.7486842105263157,0.025000000000000022,0.050000000000000044,0.125,0.30000000000000004,0.575,0.675,0.8,0.85,0.9,0.95,0.975,1.0,1.0,1.0,1.0,1.0,1.0,1.0,1,0.7486842105263157
storm_IBk_NoSelection_SMOTE_yesCostSensitive_17.csv,IBk,NoSelection,SMOTE,yesCostSensitive,1,0.009115770282588878,0.37037037037037035,0.017793594306049824,0.016884812041288808,0.5089503230589978,0.4188329846510761,-0.033112279001004136,0.07407407407407407,0.1111111111111111,0.14814814814814814,0.14814814814814814,0.3333333333333333,0.3333333333333333,0.48148148148148145,0.5555555555555556,0.6666666666666666,0.7407407407407407,0.8148148148148148,0.8148148148148148,0.8518518518518519,0.8888888888888888,0.8888888888888888,0.9629629629629629,1.0,1.0,1.0,0.602948343079922,0.07407407407407407,0.1111111111111111,0.14814814814814814,0.14814814814814814,0.3333333333333333,0.3333333333333333,0.48148148148148145,0.5555555555555556,0.6666666666666666,0.7407407407407407,0.8148148148148148,0.8148148148148148,0.8518518518518519,0.8888888888888888,0.8888888888888888,0.9629629629629629,1.0,1.0,1.0,0.621832358674464,0.07407407407407407,0.11111111111111116,0.14814814814814814,0.14814814814814814,0.33333333333333326,0.33333333333333326,0.4814814814814814,0.5555555555555556,0.6666666666666666,0.7407407407407407,0.8148148148148148,0.8148148148148148,0.8518518518518519,0.8888888888888888,0.8888888888888888,0.9629629629629629,1.0,1.0,1,0.621832358674464
storm_IBk_NoSelection_SMOTE_yesCostSensitive_2.csv,IBk,NoSelection,SMOTE,yesCostSensitive,21,0.0,0,0.0,0.0,0.0,0.0,0,0,0,0,0,0,0,0,0,0,0,0,0,0,0,0,0,0,0,0,1.0,0,0,0,0,0,0,0,0,0,0,0,0,0,0,0,0,0,0,0,1.0,1,1,1,1,1,1,1,1,1,1,1,1,1,1,1,1,1,1,1,0.0
storm_IBk_NoSelection_SMOTE_yesCostSensitive_3.csv,IBk,NoSelection,SMOTE,yesCostSensitive,0,0.5169491525423728,0.32105263157894737,0.3961038961038961,0.457790593149033,0.9383757961783439,0.4745432499080368,0.27678240151959194,0.2275132275132275,0.291005291005291,0.31216931216931215,0.3915343915343915,0.5767195767195767,0.6349206349206349,0.7037037037037037,0.7936507936507936,0.8677248677248677,0.8994708994708994,0.9470899470899471,0.9629629629629629,0.9682539682539683,0.9735449735449735,0.9947089947089947,1.0,1.0,1.0,1.0,0.36643719054116014,0.2275132275132275,0.291005291005291,0.31216931216931215,0.3915343915343915,0.5767195767195767,0.6349206349206349,0.7037037037037037,0.7936507936507936,0.8677248677248677,0.8994708994708994,0.9470899470899471,0.9629629629629629,0.9682539682539683,0.9735449735449735,0.9947089947089947,1.0,1.0,1.0,1.0,0.4502460499365224,0.30069930069930073,0.33536585365853655,0.33333333333333326,0.40217391304347827,0.5797872340425532,0.6349206349206349,0.7037037037037037,0.7936507936507936,0.863157894736842,0.8290598290598289,0.8196721311475408,0.7647058823529407,0.6111111111111109,0.24999999999999933,0.3333333333333287,0.0,0.0,0.0,0.0,0.7655249234196603
storm_IBk_NoSelection_SMOTE_yesCostSensitive_4.csv,IBk,NoSelection,SMOTE,yesCostSensitive,0,0.5524193548387096,0.39255014326647564,0.45896147403685095,0.48286311959386957,0.8750049745304043,0.5282404010000125,0.21867046819391847,0.27298850574712646,0.3074712643678161,0.33620689655172414,0.34770114942528735,0.3620689655172414,0.3735632183908046,0.3793103448275862,0.39080459770114945,0.39080459770114945,0.39080459770114945,0.39080459770114945,0.39080459770114945,0.6149425287356322,0.7270114942528736,0.7902298850574713,0.8591954022988506,0.9339080459770115,1.0,1.0,0.13396650904419966,0.27298850574712646,0.3074712643678161,0.33620689655172414,0.34770114942528735,0.3620689655172414,0.3735632183908046,0.3793103448275862,0.39080459770114945,0.39080459770114945,0.39080459770114945,0.39080459770114945,0.39080459770114945,0.6149425287356322,0.7270114942528736,0.7902298850574713,0.8591954022988506,0.9339080459770115,1.0,1.0,0.1572354495036621,0.3800000000000001,0.3627118644067796,0.36677115987460807,0.3611940298507462,0.36734693877551017,0.3746397694524495,0.3793103448275862,0.3908045977011494,0.004694835680751019,0,0,0,0,0,0,0,0,0.0,0.0,0.5399274047186933
storm_IBk_NoSelection_SMOTE_yesCostSensitive_5.csv,IBk,NoSelection,SMOTE,yesCostSensitive,4,0.9029535864978903,0.9807516040329972,0.9402460456942003,0.8157431694739077,0.9896076735389421,0.6263514401424015,0.5659211616055495,0.4614678899082569,0.5853211009174312,0.6770642201834862,0.7522935779816514,0.8073394495412844,0.8477064220183487,0.8770642201834863,0.9018348623853211,0.9229357798165138,0.9412844036697248,0.955045871559633,0.9669724770642202,0.9752293577981651,0.9798165137614679,0.9807339449541285,0.9807339449541285,0.9807339449541285,0.9807339449541285,1.0,0.15789473684210525,0.4614678899082569,0.5853211009174312,0.6770642201834862,0.7522935779816514,0.8073394495412844,0.8477064220183487,0.8770642201834863,0.9018348623853211,0.9229357798165138,0.9412844036697248,0.955045871559633,0.9669724770642202,0.9752293577981651,0.9798165137614679,0.9807339449541285,0.9807339449541285,0.9807339449541285,0.9807339449541285,1.0,0.34893776975246565,0.888268156424581,0.8065843621399176,0.7126436781609193,0.65625,0.5625000000000007,0.4571428571428575,0.28571428571428714,0.1749999999999977,0.08571428571428652,0.0,0,0,0,0,0,1,1,0,0.0,0.8723322066634476
storm_IBk_NoSelection_SMOTE_yesCostSensitive_6.csv,IBk,NoSelection,SMOTE,yesCostSensitive,19,0.035024154589371984,0.7435897435897436,0.06689734717416378,0.03661937854541779,0.8065217792033033,0.5413467450770176,0.05581343745843329,0.1794871794871795,0.2564102564102564,0.41025641025641024,0.46153846153846156,0.5641025641025641,0.5897435897435898,0.5897435897435898,0.6666666666666666,0.717948717948718,0.717948717948718,0.7435897435897436,0.7435897435897436,0.7435897435897436,0.7435897435897436,0.7435897435897436,0.8461538461538461,0.9487179487179487,1.0,1.0,0.5020242914979757,0.1794871794871795,0.2564102564102564,0.41025641025641024,0.46153846153846156,0.5641025641025641,0.5897435897435898,0.5897435897435898,0.6666666666666666,0.717948717948718,0.717948717948718,0.7435897435897436,0.7435897435897436,0.7435897435897436,0.7435897435897436,0.7435897435897436,0.8461538461538461,0.9487179487179487,1.0,1.0,0.6666666666666666,0.17948717948717952,0.2564102564102564,0.41025641025641024,0.46153846153846156,0.5641025641025641,0.5897435897435898,0.5897435897435898,0.6666666666666666,0.717948717948718,0.717948717948718,0.7435897435897436,0.7435897435897436,0.7435897435897436,0.7435897435897436,0.7435897435897436,0.8461538461538461,0.9487179487179487,1.0,1,0.6666666666666666
storm_IBk_NoSelection_SMOTE_yesCostSensitive_7.csv,IBk,NoSelection,SMOTE,yesCostSensitive,6,0.033783783783783786,0.39215686274509803,0.06220839813374806,0.04023115253409075,0.6416737709576582,0.4697128240902221,-0.008407871714096201,0.13725490196078433,0.23529411764705882,0.3137254901960784,0.35294117647058826,0.4117647058823529,0.4117647058823529,0.4117647058823529,0.4117647058823529,0.4117647058823529,0.49019607843137253,0.5686274509803921,0.7450980392156863,0.8431372549019608,0.8627450980392157,0.9019607843137255,0.9215686274509803,0.9803921568627451,0.9803921568627451,1.0,0.47514897300176434,0.13725490196078433,0.23529411764705882,0.3137254901960784,0.35294117647058826,0.4117647058823529,0.4117647058823529,0.4117647058823529,0.4117647058823529,0.4117647058823529,0.49019607843137253,0.5686274509803921,0.7450980392156863,0.8431372549019608,0.8627450980392157,0.9019607843137255,0.9215686274509803,0.9803921568627451,0.9803921568627451,1.0,0.5989214021771696,0.13725490196078427,0.23529411764705888,0.3137254901960784,0.3529411764705883,0.4117647058823529,0.4117647058823529,0.4117647058823529,0.4117647058823529,0.4117647058823529,0.4901960784313726,0.5686274509803921,0.7450980392156863,0.8431372549019608,0.8627450980392157,0.9019607843137255,0.9215686274509803,0.9803921568627451,0.9677419354838709,1,0.5995872033023736
storm_IBk_NoSelection_SMOTE_yesCostSensitive_8.csv,IBk,NoSelection,SMOTE,yesCostSensitive,2,0.09683794466403162,0.7903225806451613,0.17253521126760563,0.12281511597214946,0.8926955876900255,0.7132104942456724,0.1896733150061833,0.3709677419354839,0.46774193548387094,0.6612903225806451,0.7580645161290323,0.7903225806451613,0.8225806451612904,0.8870967741935484,0.9032258064516129,0.9193548387096774,0.9354838709677419,0.9516129032258065,0.9838709677419355,1.0,1.0,1.0,1.0,1.0,1.0,1.0,0.849410917322632,0.3709677419354839,0.46774193548387094,0.6612903225806451,0.7580645161290323,0.7903225806451613,0.8225806451612904,0.8870967741935484,0.9032258064516129,0.9193548387096774,0.9354838709677419,0.9516129032258065,0.9838709677419355,1.0,1.0,1.0,1.0,1.0,1.0,1.0,0.8658743633276741,0.3709677419354839,0.467741935483871,0.6612903225806451,0.7580645161290323,0.7903225806451613,0.8225806451612904,0.8870967741935484,0.9032258064516129,0.9193548387096774,0.9354838709677419,0.9516129032258065,0.9838709677419355,1.0,1.0,1.0,1.0,1.0,1.0,1,0.8658743633276741
storm_IBk_NoSelection_SMOTE_yesCostSensitive_9.csv,IBk,NoSelection,SMOTE,yesCostSensitive,2,0.04173913043478261,0.5853658536585366,0.07792207792207792,0.04707803665187982,0.7436916190970422,0.6085487368463063,0.0728213880139214,0.17073170731707318,0.3170731707317073,0.5121951219512195,0.5853658536585366,0.6341463414634146,0.6341463414634146,0.7317073170731707,0.8048780487804879,0.8536585365853658,0.8536585365853658,0.8536585365853658,0.8780487804878049,0.9024390243902439,1.0,1.0,1.0,1.0,1.0,1.0,0.7060333761232349,0.17073170731707318,0.3170731707317073,0.5121951219512195,0.5853658536585366,0.6341463414634146,0.6341463414634146,0.7317073170731707,0.8048780487804879,0.8536585365853658,0.8536585365853658,0.8536585365853658,0.8780487804878049,0.9024390243902439,1.0,1.0,1.0,1.0,1.0,1.0,0.7753530166880617,0.1707317073170732,0.3170731707317074,0.5121951219512195,0.5853658536585366,0.6341463414634146,0.6341463414634146,0.7317073170731707,0.8048780487804879,0.8536585365853658,0.8536585365853658,0.8536585365853658,0.8780487804878049,0.9024390243902439,1.0,1.0,1.0,1.0,1.0,1,0.7753530166880617
storm_NaiveBayes_BestFirst_NoSampling_noCostSensitive_1.csv,NaiveBayes,BestFirst,NoSampling,noCostSensitive,0,0,0.0,0.0,0.03385203385203385,0.8968590831918506,0.0,0,0.21862348178137653,0.3076923076923077,0.3603238866396761,0.3603238866396761,0.3603238866396761,0.3603238866396761,0.4089068825910931,0.4817813765182186,0.5870445344129555,0.6558704453441295,0.7125506072874493,0.7651821862348178,0.8218623481781376,0.8623481781376519,0.8825910931174089,0.9190283400809717,0.9595141700404858,0.979757085020243,1.0,0.08471915198931838,0.21862348178137653,0.3076923076923077,0.3603238866396761,0.3603238866396761,0.3603238866396761,0.3603238866396761,0.4089068825910931,0.4817813765182186,0.5870445344129555,0.6558704453441295,0.7125506072874493,0.7651821862348178,0.8218623481781376,0.8623481781376519,0.8825910931174089,0.9190283400809717,0.9595141700404858,0.979757085020243,1.0,0.11229934052218608,0.3829787234042553,0.44444444444444453,0.46596858638743455,0.43203883495145634,0.40825688073394506,0,0,0,0,0,0,0,0,0,0,0,0,0,0.0,0.6317920306839975
storm_NaiveBayes_BestFirst_NoSampling_noCostSensitive_10.csv,NaiveBayes,BestFirst,NoSampling,noCostSensitive,0,1.0,0.017241379310344827,0.03389830508474576,0.8214690546361371,0.9968216086006155,0.03389830508474576,0.12895078397331264,0.25862068965517243,0.3793103448275862,0.41379310344827586,0.5172413793103449,0.6206896551724138,0.7068965517241379,0.7586206896551724,0.8448275862068966,0.896551724137931,0.9137931034482759,0.9310344827586207,0.9655172413793104,0.9827586206896551,0.9827586206896551,1.0,1.0,1.0,1.0,1.0,0.79491833030853,0.25862068965517243,0.3793103448275862,0.41379310344827586,0.5172413793103449,0.6206896551724138,0.7068965517241379,0.7586206896551724,0.8448275862068966,0.896551724137931,0.9137931034482759,0.9310344827586207,0.9655172413793104,0.9827586206896551,0.9827586206896551,1.0,1.0,1.0,1.0,1.0,0.7985480943738658,0.2586206896551724,0.3793103448275862,0.4137931034482758,0.5172413793103449,0.6206896551724138,0.7068965517241379,0.7586206896551724,0.8448275862068966,0.896551724137931,0.9137931034482759,0.9310344827586207,0.9655172413793104,0.9827586206896551,0.9827586206896551,1.0,1.0,1.0,1.0,1,0.7985480943738658
storm_NaiveBayes_BestFirst_NoSampling_noCostSensitive_11.csv,NaiveBayes,BestFirst,NoSampling,noCostSensitive,0,0.775,0.4626865671641791,0.5794392523364486,0.7055346500040648,0.9762748962552864,0.6302430365920263,0.573179835560835,0.5074626865671642,0.5895522388059702,0.6492537313432836,0.7014925373134329,0.7910447761194029,0.835820895522388,0.8731343283582089,0.9104477611940298,0.9402985074626866,0.9776119402985075,0.9850746268656716,0.9850746268656716,0.9850746268656716,0.9925373134328358,1.0,1.0,1.0,1.0,1.0,0.739591516103692,0.5074626865671642,0.5895522388059702,0.6492537313432836,0.7014925373134329,0.7910447761194029,0.835820895522388,0.8731343283582089,0.9104477611940298,0.9402985074626866,0.9776119402985075,0.9850746268656716,0.9850746268656716,0.9850746268656716,0.9925373134328358,1.0,1.0,1.0,1.0,1.0,0.8802042419481539,0.5074626865671642,0.5895522388059702,0.6492537313432836,0.7014925373134329,0.7910447761194029,0.835820895522388,0.8731343283582089,0.9104477611940298,0.9402985074626866,0.9776119402985075,0.9850746268656716,0.9850746268656716,0.9850746268656716,0.9925373134328358,1.0,1.0,1.0,1.0,1,0.8802042419481539
storm_NaiveBayes_BestFirst_NoSampling_noCostSensitive_12.csv,NaiveBayes,BestFirst,NoSampling,noCostSensitive,0,1.0,0.4375,0.6086956521739131,0.824258248279136,0.9984611080022385,0.6086956521739131,0.6485024334050946,0.578125,0.65625,0.71875,0.7578125,0.78125,0.84375,0.859375,0.890625,0.9375,0.9453125,0.9609375,0.9765625,0.984375,0.9921875,0.9921875,1.0,1.0,1.0,1.0,0.8914473684210527,0.578125,0.65625,0.71875,0.7578125,0.78125,0.84375,0.859375,0.890625,0.9375,0.9453125,0.9609375,0.9765625,0.984375,0.9921875,0.9921875,1.0,1.0,1.0,1.0,0.8881578947368421,0.578125,0.65625,0.71875,0.7578125,0.78125,0.84375,0.859375,0.890625,0.9375,0.9453125,0.9609375,0.9765625,0.984375,0.9921875,0.9921875,1.0,1.0,1.0,1,0.8881578947368421
storm_NaiveBayes_BestFirst_NoSampling_noCostSensitive_13.csv,NaiveBayes,BestFirst,NoSampling,noCostSensitive,0,0.7111111111111111,0.41025641025641024,0.5203252032520326,0.6558661547356371,0.9860306671134298,0.5804410660233505,0.5241230707309009,0.5256410256410257,0.6794871794871795,0.7435897435897436,0.8076923076923077,0.8589743589743589,0.8846153846153846,0.8974358974358975,0.9102564102564102,0.9487179487179487,0.9615384615384616,0.9615384615384616,0.9615384615384616,0.9871794871794872,0.9871794871794872,0.9871794871794872,1.0,1.0,1.0,1.0,0.9089068825910932,0.5256410256410257,0.6794871794871795,0.7435897435897436,0.8076923076923077,0.8589743589743589,0.8846153846153846,0.8974358974358975,0.9102564102564102,0.9487179487179487,0.9615384615384616,0.9615384615384616,0.9615384615384616,0.9871794871794872,0.9871794871794872,0.9871794871794872,1.0,1.0,1.0,1.0,0.9001349527665317,0.5256410256410257,0.6794871794871795,0.7435897435897436,0.8076923076923077,0.8589743589743589,0.8846153846153846,0.8974358974358975,0.9102564102564102,0.9487179487179487,0.9615384615384616,0.9615384615384616,0.9615384615384616,0.9871794871794872,0.9871794871794872,0.9871794871794872,1.0,1.0,1.0,1,0.9001349527665317
storm_NaiveBayes_BestFirst_NoSampling_noCostSensitive_14.csv,NaiveBayes,BestFirst,NoSampling,noCostSensitive,8,0.3157894736842105,0.11764705882352941,0.17142857142857143,0.2574378524135898,0.9832999731126579,0.21037913417585374,0.1804702105034853,0.13725490196078433,0.1568627450980392,0.21568627450980393,0.2549019607843137,0.29411764705882354,0.35294117647058826,0.47058823529411764,0.47058823529411764,0.5098039215686274,0.6470588235294118,0.7058823529411765,0.7647058823529411,0.7843137254901961,0.8823529411764706,0.9411764705882353,1.0,1.0,1.0,1.0,0.4640160773450655,0.13725490196078433,0.1568627450980392,0.21568627450980393,0.2549019607843137,0.29411764705882354,0.35294117647058826,0.47058823529411764,0.47058823529411764,0.5098039215686274,0.6470588235294118,0.7058823529411765,0.7647058823529411,0.7843137254901961,0.8823529411764706,0.9411764705882353,1.0,1.0,1.0,1.0,0.609907120743034,0.13725490196078427,0.1568627450980392,0.21568627450980393,0.2549019607843137,0.2941176470588236,0.3529411764705883,0.47058823529411764,0.47058823529411764,0.5098039215686274,0.6470588235294118,0.7058823529411765,0.7647058823529411,0.7843137254901961,0.8823529411764706,0.9411764705882353,1.0,1.0,1.0,1,0.609907120743034
storm_NaiveBayes_BestFirst_NoSampling_noCostSensitive_15.csv,NaiveBayes,BestFirst,NoSampling,noCostSensitive,2,0.5483870967741935,0.5573770491803278,0.5528455284552846,0.47509177156142574,0.9723052662702454,0.712163140193282,0.5390843917689437,0.5573770491803278,0.5737704918032787,0.5737704918032787,0.5737704918032787,0.5737704918032787,0.6065573770491803,0.6557377049180327,0.6885245901639344,0.7213114754098361,0.7704918032786885,0.819672131147541,0.8688524590163934,0.9016393442622951,0.9180327868852459,0.9508196721311475,1.0,1.0,1.0,1.0,0.7385677308024159,0.5573770491803278,0.5737704918032787,0.5737704918032787,0.5737704918032787,0.5737704918032787,0.6065573770491803,0.6557377049180327,0.6885245901639344,0.7213114754098361,0.7704918032786885,0.819672131147541,0.8688524590163934,0.9016393442622951,0.9180327868852459,0.9508196721311475,1.0,1.0,1.0,1.0,0.7765314926660914,0.5573770491803278,0.5737704918032787,0.5737704918032787,0.5737704918032787,0.5737704918032787,0.6065573770491803,0.6557377049180327,0.6885245901639344,0.7213114754098361,0.7704918032786885,0.819672131147541,0.8688524590163934,0.9016393442622951,0.9180327868852459,0.9508196721311475,1.0,1.0,1.0,1,0.7765314926660914
storm_NaiveBayes_BestFirst_NoSampling_noCostSensitive_16.csv,NaiveBayes,BestFirst,NoSampling,noCostSensitive,1,0.6666666666666666,0.7,0.6829268292682927,0.5874796976790482,0.9861990407673861,0.8212434499362695,0.6769019759364773,0.7,0.7,0.725,0.775,0.775,0.775,0.825,0.85,0.85,0.9,0.95,0.975,0.975,0.975,1.0,1.0,1.0,1.0,1.0,0.8592105263157894,0.7,0.7,0.725,0.775,0.775,0.775,0.825,0.85,0.85,0.9,0.95,0.975,0.975,0.975,1.0,1.0,1.0,1.0,1.0,0.881578947368421,0.7,0.7,0.725,0.775,0.775,0.775,0.825,0.85,0.85,0.9,0.95,0.975,0.975,0.975,1.0,1.0,1.0,1.0,1,0.881578947368421
storm_NaiveBayes_BestFirst_NoSampling_noCostSensitive_17.csv,NaiveBayes,BestFirst,NoSampling,noCostSensitive,0,0,0.0,0.0,0.0011550802139037432,1.0,0.0,0,0.037037037037037035,0.1111111111111111,0.1111111111111111,0.1111111111111111,0.2222222222222222,0.25925925925925924,0.2962962962962963,0.4444444444444444,0.5185185185185185,0.6296296296296297,0.6666666666666666,0.6666666666666666,0.7407407407407407,0.8148148148148148,0.9259259259259259,0.9629629629629629,1.0,1.0,1.0,0.5555555555555556,0.037037037037037035,0.1111111111111111,0.1111111111111111,0.1111111111111111,0.2222222222222222,0.25925925925925924,0.2962962962962963,0.4444444444444444,0.5185185185185185,0.6296296296296297,0.6666666666666666,0.6666666666666666,0.7407407407407407,0.8148148148148148,0.9259259259259259,0.9629629629629629,1.0,1.0,1.0,0.5536062378167642,0.03703703703703698,0.11111111111111116,0.11111111111111116,0.11111111111111116,0.2222222222222222,0.2592592592592593,0.2962962962962963,0.4444444444444444,0.5185185185185185,0.6296296296296297,0.6666666666666666,0.6666666666666666,0.7407407407407407,0.8148148148148148,0.9259259259259259,0.9629629629629629,1.0,1.0,1,0.5536062378167642
storm_NaiveBayes_BestFirst_NoSampling_noCostSensitive_2.csv,NaiveBayes,BestFirst,NoSampling,noCostSensitive,21,0.0,0,0.0,0.0,0.0,0.0,0,0,0,0,0,0,0,0,0,0,0,0,0,0,0,0,0,0,0,0,1.0,0,0,0,0,0,0,0,0,0,0,0,0,0,0,0,0,0,0,0,1.0,1,1,1,1,1,1,1,1,1,1,1,1,1,1,1,1,1,1,1,0.0
storm_NaiveBayes_BestFirst_NoSampling_noCostSensitive_3.csv,NaiveBayes,BestFirst,NoSampling,noCostSensitive,0,0.9318181818181818,0.43157894736842106,0.5899280575539568,0.8670407114923353,0.8278327187395241,0.6011928616893373,0.5751641867682713,0.4,0.4421052631578947,0.47368421052631576,0.5210526315789473,0.6210526315789474,0.6684210526315789,0.7263157894736842,0.7736842105263158,0.8,0.8157894736842105,0.8263157894736842,0.8631578947368421,0.9052631578947369,0.9052631578947369,0.9052631578947369,0.9052631578947369,0.9526315789473684,0.9894736842105263,1.0,0.19432128808502086,0.4,0.4421052631578947,0.47368421052631576,0.5210526315789473,0.6210526315789474,0.6684210526315789,0.7263157894736842,0.7736842105263158,0.8,0.8157894736842105,0.8263157894736842,0.8631578947368421,0.9052631578947369,0.9052631578947369,0.9052631578947369,0.9052631578947369,0.9526315789473684,0.9894736842105263,1.0,0.425942140750445,0.5314685314685315,0.5121951219512195,0.5084745762711864,0.5380434782608695,0.6276595744680852,0.6719576719576719,0.7301587301587302,0.7777777777777778,0.8,0.7008547008547008,0.459016393442623,0.235294117647059,0.0,0,0,0,0,0,1,0.7628808864265928
storm_NaiveBayes_BestFirst_NoSampling_noCostSensitive_4.csv,NaiveBayes,BestFirst,NoSampling,noCostSensitive,0,0.6747967479674797,0.23782234957020057,0.3516949152542373,0.6557864033017888,0.7035677332059854,0.37882761674443954,0.24036394165934957,0.2607449856733524,0.2922636103151863,0.332378223495702,0.3524355300859599,0.3638968481375358,0.38968481375358166,0.4297994269340974,0.5501432664756447,0.66189111747851,0.7077363896848138,0.7994269340974212,0.8710601719197708,0.9197707736389685,0.9713467048710601,0.9856733524355301,0.9856733524355301,0.9856733524355301,0.9856733524355301,1.0,0.0877715112898506,0.2607449856733524,0.2922636103151863,0.332378223495702,0.3524355300859599,0.3638968481375358,0.38968481375358166,0.4297994269340974,0.5501432664756447,0.66189111747851,0.7077363896848138,0.7994269340974212,0.8710601719197708,0.9197707736389685,0.9713467048710601,0.9856733524355301,0.9856733524355301,0.9856733524355301,0.9856733524355301,1.0,0.2507591818556615,0.364,0.34576271186440677,0.36363636363636365,0.36716417910447774,0.3702623906705539,0.3919308357348703,0.43103448275862066,0.5517241379310345,0.45070422535211263,0.1282051282051283,0,0,0,0,0,0,0,0,1,0.6760669582265119
storm_NaiveBayes_BestFirst_NoSampling_noCostSensitive_5.csv,NaiveBayes,BestFirst,NoSampling,noCostSensitive,0,0.9643175735950045,0.9908340971585701,0.9773960216998192,0.9472093525583655,0.9170808535908394,0.8926720064153357,0.8546953998368948,0.48440366972477067,0.6137614678899083,0.7036697247706422,0.773394495412844,0.8275229357798165,0.865137614678899,0.8926605504587156,0.9174311926605505,0.936697247706422,0.9541284403669725,0.9678899082568807,0.9798165137614679,0.9889908256880734,0.9954128440366973,1.0,1.0,1.0,1.0,1.0,0.2434982917652186,0.48440366972477067,0.6137614678899083,0.7036697247706422,0.773394495412844,0.8275229357798165,0.865137614678899,0.8926605504587156,0.9174311926605505,0.936697247706422,0.9541284403669725,0.9678899082568807,0.9798165137614679,0.9889908256880734,0.9954128440366973,1.0,1.0,1.0,1.0,1.0,0.5964093106317255,0.958100558659218,0.934156378600823,0.8793103448275857,0.8359374999999993,0.7916666666666666,0.728571428571428,0.6326530612244908,0.6,0.5142857142857156,0.4666666666666678,0.3478260869565213,0.29411764705882726,0.18181818181817777,0.1666666666666633,1.0,1,1,0.0,0.0,0.8895219700627716
storm_NaiveBayes_BestFirst_NoSampling_noCostSensitive_6.csv,NaiveBayes,BestFirst,NoSampling,noCostSensitive,4,0.23333333333333334,0.1794871794871795,0.2028985507246377,0.20566420236338664,0.9055282125016132,0.3035711455245764,0.18519606356813678,0.2564102564102564,0.28205128205128205,0.3333333333333333,0.38461538461538464,0.38461538461538464,0.46153846153846156,0.5384615384615384,0.5897435897435898,0.6410256410256411,0.7435897435897436,0.8205128205128205,0.8205128205128205,0.8717948717948718,0.9487179487179487,1.0,1.0,1.0,1.0,1.0,0.4426450742240216,0.2564102564102564,0.28205128205128205,0.3333333333333333,0.38461538461538464,0.38461538461538464,0.46153846153846156,0.5384615384615384,0.5897435897435898,0.6410256410256411,0.7435897435897436,0.8205128205128205,0.8205128205128205,0.8717948717948718,0.9487179487179487,1.0,1.0,1.0,1.0,1.0,0.6882591093117408,0.2564102564102564,0.28205128205128205,0.33333333333333326,0.3846153846153846,0.3846153846153846,0.46153846153846156,0.5384615384615384,0.5897435897435898,0.6410256410256411,0.7435897435897436,0.8205128205128205,0.8205128205128205,0.8717948717948718,0.9487179487179487,1.0,1.0,1.0,1.0,1,0.6882591093117408
storm_NaiveBayes_BestFirst_NoSampling_noCostSensitive_7.csv,NaiveBayes,BestFirst,NoSampling,noCostSensitive,268,0,0.0,0.0,0.003239946636173051,1.0,0.0,0,0.09803921568627451,0.29411764705882354,0.35294117647058826,0.43137254901960786,0.5294117647058824,0.5882352941176471,0.6470588235294118,0.7843137254901961,0.8235294117647058,0.8627450980392157,0.9215686274509803,0.9803921568627451,0.9803921568627451,0.9803921568627451,1.0,1.0,1.0,1.0,1.0,0.7512899896800826,0.09803921568627451,0.29411764705882354,0.35294117647058826,0.43137254901960786,0.5294117647058824,0.5882352941176471,0.6470588235294118,0.7843137254901961,0.8235294117647058,0.8627450980392157,0.9215686274509803,0.9803921568627451,0.9803921568627451,0.9803921568627451,1.0,1.0,1.0,1.0,1.0,0.7512899896800826,0.0980392156862745,0.2941176470588236,0.3529411764705883,0.43137254901960786,0.5294117647058824,0.5882352941176471,0.6470588235294118,0.7843137254901961,0.8235294117647058,0.8627450980392157,0.9215686274509803,0.9803921568627451,0.9803921568627451,0.9803921568627451,1.0,1.0,1.0,1.0,1,0.7512899896800826
storm_NaiveBayes_BestFirst_NoSampling_noCostSensitive_8.csv,NaiveBayes,BestFirst,NoSampling,noCostSensitive,0,0.8409090909090909,0.5967741935483871,0.6981132075471698,0.7414685460396924,0.985341737733284,0.7459712179930259,0.6972421883066782,0.6129032258064516,0.6612903225806451,0.7580645161290323,0.7741935483870968,0.8548387096774194,0.8709677419354839,0.9193548387096774,0.9516129032258065,0.967741935483871,0.9838709677419355,0.9838709677419355,0.9838709677419355,1.0,1.0,1.0,1.0,1.0,1.0,1.0,0.8607809847198642,0.6129032258064516,0.6612903225806451,0.7580645161290323,0.7741935483870968,0.8548387096774194,0.8709677419354839,0.9193548387096774,0.9516129032258065,0.967741935483871,0.9838709677419355,0.9838709677419355,0.9838709677419355,1.0,1.0,1.0,1.0,1.0,1.0,1.0,0.9117147707979627,0.6129032258064516,0.6612903225806451,0.7580645161290323,0.7741935483870968,0.8548387096774194,0.8709677419354839,0.9193548387096774,0.9516129032258065,0.967741935483871,0.9838709677419355,0.9838709677419355,0.9838709677419355,1.0,1.0,1.0,1.0,1.0,1.0,1,0.9117147707979627
storm_NaiveBayes_BestFirst_NoSampling_noCostSensitive_9.csv,NaiveBayes,BestFirst,NoSampling,noCostSensitive,14,0.23255813953488372,0.24390243902439024,0.23809523809523808,0.1988372806662859,0.9739718474312401,0.3904394102268052,0.21688185875352492,0.2682926829268293,0.2926829268292683,0.3902439024390244,0.4634146341463415,0.5121951219512195,0.5853658536585366,0.6585365853658537,0.7317073170731707,0.7804878048780488,0.8536585365853658,0.975609756097561,0.975609756097561,0.975609756097561,1.0,1.0,1.0,1.0,1.0,1.0,0.6097560975609756,0.2682926829268293,0.2926829268292683,0.3902439024390244,0.4634146341463415,0.5121951219512195,0.5853658536585366,0.6585365853658537,0.7317073170731707,0.7804878048780488,0.8536585365853658,0.975609756097561,0.975609756097561,0.975609756097561,1.0,1.0,1.0,1.0,1.0,1.0,0.7612323491655969,0.2682926829268293,0.29268292682926833,0.3902439024390244,0.46341463414634143,0.5121951219512195,0.5853658536585366,0.6585365853658537,0.7317073170731707,0.7804878048780488,0.8536585365853658,0.975609756097561,0.975609756097561,0.975609756097561,1.0,1.0,1.0,1.0,1.0,1,0.7612323491655969
storm_NaiveBayes_BestFirst_NoSampling_yesCostSensitive_1.csv,NaiveBayes,BestFirst,NoSampling,yesCostSensitive,0,0,0.0,0.0,0.03385203385203385,0.8968590831918506,0.0,0,0.21862348178137653,0.3076923076923077,0.3603238866396761,0.3603238866396761,0.3603238866396761,0.3603238866396761,0.4089068825910931,0.4817813765182186,0.5870445344129555,0.6558704453441295,0.7125506072874493,0.7651821862348178,0.8218623481781376,0.8623481781376519,0.8825910931174089,0.9190283400809717,0.9595141700404858,0.979757085020243,1.0,0.08471915198931838,0.21862348178137653,0.3076923076923077,0.3603238866396761,0.3603238866396761,0.3603238866396761,0.3603238866396761,0.4089068825910931,0.4817813765182186,0.5870445344129555,0.6558704453441295,0.7125506072874493,0.7651821862348178,0.8218623481781376,0.8623481781376519,0.8825910931174089,0.9190283400809717,0.9595141700404858,0.979757085020243,1.0,0.11229934052218608,0.3829787234042553,0.44444444444444453,0.46596858638743455,0.43203883495145634,0.40825688073394506,0,0,0,0,0,0,0,0,0,0,0,0,0,0.0,0.6317920306839975
storm_NaiveBayes_BestFirst_NoSampling_yesCostSensitive_10.csv,NaiveBayes,BestFirst,NoSampling,yesCostSensitive,0,1.0,0.017241379310344827,0.03389830508474576,0.5553162548175017,0.9968216086006156,0.03389830508474576,0.12895078397331264,0.25862068965517243,0.3793103448275862,0.41379310344827586,0.5172413793103449,0.6206896551724138,0.7068965517241379,0.7586206896551724,0.8448275862068966,0.896551724137931,0.9137931034482759,0.9310344827586207,0.9655172413793104,0.9827586206896551,0.9827586206896551,1.0,1.0,1.0,1.0,1.0,0.79491833030853,0.25862068965517243,0.3793103448275862,0.41379310344827586,0.5172413793103449,0.6206896551724138,0.7068965517241379,0.7586206896551724,0.8448275862068966,0.896551724137931,0.9137931034482759,0.9310344827586207,0.9655172413793104,0.9827586206896551,0.9827586206896551,1.0,1.0,1.0,1.0,1.0,0.7985480943738658,0.2586206896551724,0.3793103448275862,0.4137931034482758,0.5172413793103449,0.6206896551724138,0.7068965517241379,0.7586206896551724,0.8448275862068966,0.896551724137931,0.9137931034482759,0.9310344827586207,0.9655172413793104,0.9827586206896551,0.9827586206896551,1.0,1.0,1.0,1.0,1,0.7985480943738658
storm_NaiveBayes_BestFirst_NoSampling_yesCostSensitive_11.csv,NaiveBayes,BestFirst,NoSampling,yesCostSensitive,0,0.6464646464646465,0.47761194029850745,0.5493562231759657,0.5551251809750953,0.9293595063831475,0.6415341032904772,0.5226068879416995,0.48507462686567165,0.582089552238806,0.7014925373134329,0.746268656716418,0.8283582089552238,0.8805970149253731,0.9029850746268657,0.9328358208955224,0.9552238805970149,0.9776119402985075,0.9776119402985075,0.9850746268656716,0.9850746268656716,0.9925373134328358,1.0,1.0,1.0,1.0,1.0,0.739591516103692,0.48507462686567165,0.582089552238806,0.7014925373134329,0.746268656716418,0.8283582089552238,0.8805970149253731,0.9029850746268657,0.9328358208955224,0.9552238805970149,0.9776119402985075,0.9776119402985075,0.9850746268656716,0.9850746268656716,0.9925373134328358,1.0,1.0,1.0,1.0,1.0,0.8912018853102905,0.4850746268656716,0.582089552238806,0.7014925373134329,0.746268656716418,0.8283582089552238,0.8805970149253731,0.9029850746268657,0.9328358208955224,0.9552238805970149,0.9776119402985075,0.9776119402985075,0.9850746268656716,0.9850746268656716,0.9925373134328358,1.0,1.0,1.0,1.0,1,0.8912018853102907
storm_NaiveBayes_BestFirst_NoSampling_yesCostSensitive_12.csv,NaiveBayes,BestFirst,NoSampling,yesCostSensitive,0,1.0,0.4375,0.6086956521739131,0.6530255285364676,0.9955232232792389,0.6086956521739131,0.6485024334050946,0.5625,0.6484375,0.7109375,0.7421875,0.78125,0.8359375,0.84375,0.90625,0.9296875,0.9296875,0.953125,0.96875,0.984375,0.9921875,0.9921875,1.0,1.0,1.0,1.0,0.8914473684210527,0.5625,0.6484375,0.7109375,0.7421875,0.78125,0.8359375,0.84375,0.90625,0.9296875,0.9296875,0.953125,0.96875,0.984375,0.9921875,0.9921875,1.0,1.0,1.0,1.0,0.8832236842105263,0.5625,0.6484375,0.7109375,0.7421875,0.78125,0.8359375,0.84375,0.90625,0.9296875,0.9296875,0.953125,0.96875,0.984375,0.9921875,0.9921875,1.0,1.0,1.0,1,0.8832236842105263
storm_NaiveBayes_BestFirst_NoSampling_yesCostSensitive_13.csv,NaiveBayes,BestFirst,NoSampling,yesCostSensitive,0,0.64,0.41025641025641024,0.5,0.527186980626919,0.9543982257112311,0.5799071655851191,0.4941338059806929,0.5128205128205128,0.6410256410256411,0.717948717948718,0.7692307692307693,0.8333333333333334,0.8717948717948718,0.8974358974358975,0.9102564102564102,0.9358974358974359,0.9487179487179487,0.9615384615384616,0.9615384615384616,0.9871794871794872,0.9871794871794872,0.9871794871794872,1.0,1.0,1.0,1.0,0.9089068825910932,0.5128205128205128,0.6410256410256411,0.717948717948718,0.7692307692307693,0.8333333333333334,0.8717948717948718,0.8974358974358975,0.9102564102564102,0.9358974358974359,0.9487179487179487,0.9615384615384616,0.9615384615384616,0.9871794871794872,0.9871794871794872,0.9871794871794872,1.0,1.0,1.0,1.0,0.8906882591093119,0.5128205128205128,0.6410256410256411,0.717948717948718,0.7692307692307693,0.8333333333333334,0.8717948717948718,0.8974358974358975,0.9102564102564102,0.9358974358974359,0.9487179487179487,0.9615384615384616,0.9615384615384616,0.9871794871794872,0.9871794871794872,0.9871794871794872,1.0,1.0,1.0,1,0.8906882591093117
storm_NaiveBayes_BestFirst_NoSampling_yesCostSensitive_14.csv,NaiveBayes,BestFirst,NoSampling,yesCostSensitive,8,0.2608695652173913,0.11764705882352941,0.16216216216216217,0.1828424130415657,0.9747557733098318,0.2103334949625559,0.16118856224378073,0.1568627450980392,0.19607843137254902,0.27450980392156865,0.29411764705882354,0.43137254901960786,0.45098039215686275,0.45098039215686275,0.49019607843137253,0.5882352941176471,0.6666666666666666,0.7058823529411765,0.7647058823529411,0.803921568627451,0.8823529411764706,0.9411764705882353,1.0,1.0,1.0,1.0,0.4640160773450655,0.1568627450980392,0.19607843137254902,0.27450980392156865,0.29411764705882354,0.43137254901960786,0.45098039215686275,0.45098039215686275,0.49019607843137253,0.5882352941176471,0.6666666666666666,0.7058823529411765,0.7647058823529411,0.803921568627451,0.8823529411764706,0.9411764705882353,1.0,1.0,1.0,1.0,0.6367389060887513,0.1568627450980392,0.196078431372549,0.27450980392156865,0.2941176470588236,0.43137254901960786,0.4509803921568627,0.4509803921568627,0.4901960784313726,0.5882352941176471,0.6666666666666666,0.7058823529411765,0.7647058823529411,0.803921568627451,0.8823529411764706,0.9411764705882353,1.0,1.0,1.0,1,0.6367389060887513
storm_NaiveBayes_BestFirst_NoSampling_yesCostSensitive_15.csv,NaiveBayes,BestFirst,NoSampling,yesCostSensitive,2,0.3695652173913043,0.5573770491803278,0.4444444444444444,0.3035788935497379,0.9628026544893062,0.7082039101041475,0.4335769334154875,0.3442622950819672,0.4098360655737705,0.4098360655737705,0.45901639344262296,0.5409836065573771,0.639344262295082,0.6885245901639344,0.7213114754098361,0.7704918032786885,0.819672131147541,0.8688524590163934,0.8852459016393442,0.9180327868852459,0.9344262295081968,0.9508196721311475,1.0,1.0,1.0,1.0,0.7385677308024159,0.3442622950819672,0.4098360655737705,0.4098360655737705,0.45901639344262296,0.5409836065573771,0.639344262295082,0.6885245901639344,0.7213114754098361,0.7704918032786885,0.819672131147541,0.8688524590163934,0.8852459016393442,0.9180327868852459,0.9344262295081968,0.9508196721311475,1.0,1.0,1.0,1.0,0.7558239861949957,0.34426229508196715,0.4098360655737705,0.4098360655737705,0.459016393442623,0.5409836065573771,0.639344262295082,0.6885245901639344,0.7213114754098361,0.7704918032786885,0.819672131147541,0.8688524590163934,0.8852459016393442,0.9180327868852459,0.9344262295081968,0.9508196721311475,1.0,1.0,1.0,1,0.7558239861949957
storm_NaiveBayes_BestFirst_NoSampling_yesCostSensitive_16.csv,NaiveBayes,BestFirst,NoSampling,yesCostSensitive,1,0.5272727272727272,0.725,0.6105263157894737,0.4338702064407365,0.9821942446043165,0.8361421319796956,0.609845252947248,0.325,0.425,0.55,0.55,0.65,0.7,0.75,0.775,0.825,0.9,0.925,0.95,0.95,0.975,1.0,1.0,1.0,1.0,1.0,0.8592105263157894,0.325,0.425,0.55,0.55,0.65,0.7,0.75,0.775,0.825,0.9,0.925,0.95,0.95,0.975,1.0,1.0,1.0,1.0,1.0,0.8026315789473685,0.32499999999999996,0.42500000000000004,0.55,0.55,0.65,0.7,0.75,0.775,0.825,0.9,0.925,0.95,0.95,0.975,1.0,1.0,1.0,1.0,1,0.8026315789473685
storm_NaiveBayes_BestFirst_NoSampling_yesCostSensitive_17.csv,NaiveBayes,BestFirst,NoSampling,yesCostSensitive,0,0,0.0,0.0,0.0023101604278074864,1.0,0.0,0,0.037037037037037035,0.1111111111111111,0.1111111111111111,0.1111111111111111,0.2222222222222222,0.25925925925925924,0.2962962962962963,0.4444444444444444,0.5185185185185185,0.6296296296296297,0.6666666666666666,0.6666666666666666,0.7407407407407407,0.8148148148148148,0.9259259259259259,0.9629629629629629,1.0,1.0,1.0,0.5555555555555556,0.037037037037037035,0.1111111111111111,0.1111111111111111,0.1111111111111111,0.2222222222222222,0.25925925925925924,0.2962962962962963,0.4444444444444444,0.5185185185185185,0.6296296296296297,0.6666666666666666,0.6666666666666666,0.7407407407407407,0.8148148148148148,0.9259259259259259,0.9629629629629629,1.0,1.0,1.0,0.5536062378167642,0.03703703703703698,0.11111111111111116,0.11111111111111116,0.11111111111111116,0.2222222222222222,0.2592592592592593,0.2962962962962963,0.4444444444444444,0.5185185185185185,0.6296296296296297,0.6666666666666666,0.6666666666666666,0.7407407407407407,0.8148148148148148,0.9259259259259259,0.9629629629629629,1.0,1.0,1,0.5536062378167642
storm_NaiveBayes_BestFirst_NoSampling_yesCostSensitive_2.csv,NaiveBayes,BestFirst,NoSampling,yesCostSensitive,21,0.0,0,0.0,0.0,0.0,0.0,0,0,0,0,0,0,0,0,0,0,0,0,0,0,0,0,0,0,0,0,1.0,0,0,0,0,0,0,0,0,0,0,0,0,0,0,0,0,0,0,0,1.0,1,1,1,1,1,1,1,1,1,1,1,1,1,1,1,1,1,1,1,0.0
storm_NaiveBayes_BestFirst_NoSampling_yesCostSensitive_3.csv,NaiveBayes,BestFirst,NoSampling,yesCostSensitive,0,0.8969072164948454,0.45789473684210524,0.6062717770034843,0.7513105611925287,0.7695859872611466,0.6249825638164319,0.577294026693881,0.38095238095238093,0.455026455026455,0.5555555555555556,0.6137566137566137,0.6772486772486772,0.7513227513227513,0.783068783068783,0.8201058201058201,0.8571428571428571,0.8677248677248677,0.8835978835978836,0.8994708994708994,0.9365079365079365,0.9523809523809523,1.0,1.0,1.0,1.0,1.0,0.19432128808502086,0.38095238095238093,0.455026455026455,0.5555555555555556,0.6137566137566137,0.6772486772486772,0.7513227513227513,0.783068783068783,0.8201058201058201,0.8571428571428571,0.8677248677248677,0.8835978835978836,0.8994708994708994,0.9365079365079365,0.9523809523809523,1.0,1.0,1.0,1.0,1.0,0.46823471652852117,0.5034965034965034,0.524390243902439,0.5932203389830508,0.6304347826086957,0.6808510638297872,0.7513227513227513,0.783068783068783,0.8201058201058201,0.8526315789473683,0.7777777777777777,0.6229508196721311,0.4117647058823527,0.277777777777778,0,0.6666666666666643,0.0,0.0,0.0,0.0,0.8123085491506544
storm_NaiveBayes_BestFirst_NoSampling_yesCostSensitive_4.csv,NaiveBayes,BestFirst,NoSampling,yesCostSensitive,0,0.549407114624506,0.3982808022922636,0.46179401993355484,0.6009729567902489,0.8234240687679084,0.5322624760673347,0.21787080861210698,0.29310344827586204,0.42528735632183906,0.5201149425287356,0.6120689655172413,0.6781609195402298,0.7327586206896551,0.7614942528735632,0.8218390804597702,0.8448275862068966,0.8764367816091954,0.9051724137931034,0.9396551724137931,0.9568965517241379,0.9741379310344828,0.9971264367816092,1.0,1.0,1.0,1.0,0.0877715112898506,0.29310344827586204,0.42528735632183906,0.5201149425287356,0.6120689655172413,0.6781609195402298,0.7327586206896551,0.7614942528735632,0.8218390804597702,0.8448275862068966,0.8764367816091954,0.9051724137931034,0.9396551724137931,0.9568965517241379,0.9741379310344828,0.9971264367816092,1.0,1.0,1.0,1.0,0.41008726620893765,0.40800000000000003,0.5016949152542373,0.567398119122257,0.6358208955223881,0.6880466472303206,0.7348703170028819,0.7614942528735632,0.8218390804597702,0.7464788732394366,0.6239316239316239,0.46875,0.3888888888888894,0.11111111111111016,0,0.3333333333333376,0.0,0.0,0.0,0.0,0.8073200241984271
storm_NaiveBayes_BestFirst_NoSampling_yesCostSensitive_5.csv,NaiveBayes,BestFirst,NoSampling,yesCostSensitive,0,0.9322469982847341,0.9963336388634281,0.9632255206025698,0.908298016241642,0.9969619120159392,0.7712383347673573,0.7516231305079673,0.4743119266055046,0.6,0.6880733944954128,0.7541284403669725,0.8091743119266055,0.8504587155963302,0.8807339449541285,0.9045871559633027,0.9275229357798165,0.9458715596330275,0.963302752293578,0.9761467889908257,0.9871559633027523,0.9944954128440368,0.9990825688073395,1.0,1.0,1.0,1.0,0.2434982917652186,0.4743119266055046,0.6,0.6880733944954128,0.7541284403669725,0.8091743119266055,0.8504587155963302,0.8807339449541285,0.9045871559633027,0.9275229357798165,0.9458715596330275,0.963302752293578,0.9761467889908257,0.9871559633027523,0.9944954128440368,0.9990825688073395,1.0,1.0,1.0,1.0,0.396761218946567,0.9273743016759777,0.8724279835390945,0.7816091954022986,0.6718749999999996,0.5833333333333333,0.4999999999999991,0.3673469387755116,0.24999999999999845,0.22857142857142843,0.1666666666666653,0.1304347826086968,0.058823529411769715,0.0,0.0,0.0,1,1,0.0,0.0,0.8818445195557703
storm_NaiveBayes_BestFirst_NoSampling_yesCostSensitive_6.csv,NaiveBayes,BestFirst,NoSampling,yesCostSensitive,4,0.12222222222222222,0.28205128205128205,0.17054263565891473,0.10155261814424069,0.7694704049844238,0.4342475439678647,0.151078158829371,0.23076923076923078,0.3333333333333333,0.38461538461538464,0.48717948717948717,0.5641025641025641,0.6923076923076923,0.7435897435897436,0.8461538461538461,0.8974358974358975,0.9230769230769231,0.9487179487179487,0.9743589743589743,0.9743589743589743,0.9743589743589743,1.0,1.0,1.0,1.0,1.0,0.4426450742240216,0.23076923076923078,0.3333333333333333,0.38461538461538464,0.48717948717948717,0.5641025641025641,0.6923076923076923,0.7435897435897436,0.8461538461538461,0.8974358974358975,0.9230769230769231,0.9487179487179487,0.9743589743589743,0.9743589743589743,0.9743589743589743,1.0,1.0,1.0,1.0,1.0,0.7881241565452092,0.23076923076923084,0.33333333333333326,0.3846153846153846,0.4871794871794872,0.5641025641025641,0.6923076923076923,0.7435897435897436,0.8461538461538461,0.8974358974358975,0.9230769230769231,0.9487179487179487,0.9743589743589743,0.9743589743589743,0.9743589743589743,1.0,1.0,1.0,1.0,1,0.7881241565452092
storm_NaiveBayes_BestFirst_NoSampling_yesCostSensitive_7.csv,NaiveBayes,BestFirst,NoSampling,yesCostSensitive,268,0,0.0,0.0,0.012959786544692204,1.0,0.0,0,0.09803921568627451,0.29411764705882354,0.35294117647058826,0.43137254901960786,0.5294117647058824,0.5882352941176471,0.6470588235294118,0.7843137254901961,0.8235294117647058,0.8627450980392157,0.9215686274509803,0.9803921568627451,0.9803921568627451,0.9803921568627451,1.0,1.0,1.0,1.0,1.0,0.7512899896800826,0.09803921568627451,0.29411764705882354,0.35294117647058826,0.43137254901960786,0.5294117647058824,0.5882352941176471,0.6470588235294118,0.7843137254901961,0.8235294117647058,0.8627450980392157,0.9215686274509803,0.9803921568627451,0.9803921568627451,0.9803921568627451,1.0,1.0,1.0,1.0,1.0,0.7512899896800826,0.0980392156862745,0.2941176470588236,0.3529411764705883,0.43137254901960786,0.5294117647058824,0.5882352941176471,0.6470588235294118,0.7843137254901961,0.8235294117647058,0.8627450980392157,0.9215686274509803,0.9803921568627451,0.9803921568627451,0.9803921568627451,1.0,1.0,1.0,1.0,1,0.7512899896800826
storm_NaiveBayes_BestFirst_NoSampling_yesCostSensitive_8.csv,NaiveBayes,BestFirst,NoSampling,yesCostSensitive,0,0.7307692307692307,0.6129032258064516,0.6666666666666666,0.5580057000392452,0.9901124706463975,0.7568810170328313,0.6550273872973794,0.3709677419354839,0.5,0.5967741935483871,0.6935483870967742,0.7903225806451613,0.8870967741935484,0.9032258064516129,0.9516129032258065,0.967741935483871,0.9838709677419355,0.9838709677419355,1.0,1.0,1.0,1.0,1.0,1.0,1.0,1.0,0.8607809847198642,0.3709677419354839,0.5,0.5967741935483871,0.6935483870967742,0.7903225806451613,0.8870967741935484,0.9032258064516129,0.9516129032258065,0.967741935483871,0.9838709677419355,0.9838709677419355,1.0,1.0,1.0,1.0,1.0,1.0,1.0,1.0,0.8752122241086587,0.3709677419354839,0.5,0.5967741935483871,0.6935483870967742,0.7903225806451613,0.8870967741935484,0.9032258064516129,0.9516129032258065,0.967741935483871,0.9838709677419355,0.9838709677419355,1.0,1.0,1.0,1.0,1.0,1.0,1.0,1,0.8752122241086587
storm_NaiveBayes_BestFirst_NoSampling_yesCostSensitive_9.csv,NaiveBayes,BestFirst,NoSampling,yesCostSensitive,14,0.20408163265306123,0.24390243902439024,0.2222222222222222,0.13876559005913214,0.9721717695900363,0.3901204979695093,0.1999179997298425,0.21951219512195122,0.3902439024390244,0.4146341463414634,0.5365853658536586,0.6341463414634146,0.7073170731707317,0.7317073170731707,0.7560975609756098,0.8292682926829268,0.926829268292683,0.9512195121951219,0.9512195121951219,0.975609756097561,1.0,1.0,1.0,1.0,1.0,1.0,0.6097560975609756,0.21951219512195122,0.3902439024390244,0.4146341463414634,0.5365853658536586,0.6341463414634146,0.7073170731707317,0.7317073170731707,0.7560975609756098,0.8292682926829268,0.926829268292683,0.9512195121951219,0.9512195121951219,0.975609756097561,1.0,1.0,1.0,1.0,1.0,1.0,0.7907573812580231,0.2195121951219512,0.3902439024390244,0.41463414634146334,0.5365853658536586,0.6341463414634146,0.7073170731707317,0.7317073170731707,0.7560975609756098,0.8292682926829268,0.926829268292683,0.9512195121951219,0.9512195121951219,0.975609756097561,1.0,1.0,1.0,1.0,1.0,1,0.7907573812580231
storm_NaiveBayes_BestFirst_SMOTE_noCostSensitive_1.csv,NaiveBayes,BestFirst,SMOTE,noCostSensitive,0,0,0.0,0.0,0.03385203385203385,0.8968590831918506,0.0,0,0.21862348178137653,0.3076923076923077,0.3603238866396761,0.3603238866396761,0.3603238866396761,0.3603238866396761,0.4089068825910931,0.4817813765182186,0.5870445344129555,0.6558704453441295,0.7125506072874493,0.7651821862348178,0.8218623481781376,0.8623481781376519,0.8825910931174089,0.9190283400809717,0.9595141700404858,0.979757085020243,1.0,0.08471915198931838,0.21862348178137653,0.3076923076923077,0.3603238866396761,0.3603238866396761,0.3603238866396761,0.3603238866396761,0.4089068825910931,0.4817813765182186,0.5870445344129555,0.6558704453441295,0.7125506072874493,0.7651821862348178,0.8218623481781376,0.8623481781376519,0.8825910931174089,0.9190283400809717,0.9595141700404858,0.979757085020243,1.0,0.11229934052218608,0.3829787234042553,0.44444444444444453,0.46596858638743455,0.43203883495145634,0.40825688073394506,0,0,0,0,0,0,0,0,0,0,0,0,0,0.0,0.6317920306839975
storm_NaiveBayes_BestFirst_SMOTE_noCostSensitive_10.csv,NaiveBayes,BestFirst,SMOTE,noCostSensitive,0,1.0,0.017241379310344827,0.03389830508474576,0.9123781455452279,0.9968216086006155,0.03389830508474576,0.12895078397331264,0.25862068965517243,0.3620689655172414,0.41379310344827586,0.5172413793103449,0.603448275862069,0.7068965517241379,0.7586206896551724,0.8448275862068966,0.896551724137931,0.9137931034482759,0.9310344827586207,0.9655172413793104,0.9827586206896551,0.9827586206896551,1.0,1.0,1.0,1.0,1.0,0.7885662431941923,0.25862068965517243,0.3620689655172414,0.41379310344827586,0.5172413793103449,0.603448275862069,0.7068965517241379,0.7586206896551724,0.8448275862068966,0.896551724137931,0.9137931034482759,0.9310344827586207,0.9655172413793104,0.9827586206896551,0.9827586206896551,1.0,1.0,1.0,1.0,1.0,0.7967332123411978,0.2586206896551724,0.3620689655172413,0.4137931034482758,0.5172413793103449,0.603448275862069,0.7068965517241379,0.7586206896551724,0.8448275862068966,0.896551724137931,0.9137931034482759,0.9310344827586207,0.9655172413793104,0.9827586206896551,0.9827586206896551,1.0,1.0,1.0,1.0,1,0.7967332123411978
storm_NaiveBayes_BestFirst_SMOTE_noCostSensitive_11.csv,NaiveBayes,BestFirst,SMOTE,noCostSensitive,0,0.8529411764705882,0.43283582089552236,0.5742574257425742,0.7989328376957051,0.984406104844061,0.6029499590283468,0.5856036516328103,0.48507462686567165,0.5522388059701493,0.6417910447761194,0.7313432835820896,0.7835820895522388,0.8283582089552238,0.8880597014925373,0.917910447761194,0.9552238805970149,0.9701492537313433,0.9701492537313433,0.9776119402985075,0.9776119402985075,0.9776119402985075,0.9776119402985075,0.9776119402985075,0.9925373134328358,0.9925373134328358,1.0,0.7107507574907418,0.48507462686567165,0.5522388059701493,0.6417910447761194,0.7313432835820896,0.7835820895522388,0.8283582089552238,0.8880597014925373,0.917910447761194,0.9552238805970149,0.9701492537313433,0.9701492537313433,0.9776119402985075,0.9776119402985075,0.9776119402985075,0.9776119402985075,0.9776119402985075,0.9925373134328358,0.9925373134328358,1.0,0.8714136086484868,0.4850746268656716,0.5522388059701493,0.6417910447761194,0.7313432835820896,0.7835820895522388,0.8283582089552238,0.8880597014925373,0.917910447761194,0.9552238805970149,0.9701492537313433,0.9701492537313433,0.9776119402985075,0.9776119402985075,0.9776119402985075,0.9776119402985075,0.9776119402985075,0.9925373134328358,0.9523809523809522,1,0.8735271013354281
storm_NaiveBayes_BestFirst_SMOTE_noCostSensitive_12.csv,NaiveBayes,BestFirst,SMOTE,noCostSensitive,0,1.0,0.4296875,0.6010928961748634,0.9151673391882269,1.0,0.6010928961748634,0.642513362272665,0.5703125,0.6484375,0.7109375,0.7265625,0.78125,0.828125,0.8515625,0.875,0.9296875,0.9375,0.9453125,0.9765625,0.984375,0.9921875,0.9921875,1.0,1.0,1.0,1.0,0.696546052631579,0.5703125,0.6484375,0.7109375,0.7265625,0.78125,0.828125,0.8515625,0.875,0.9296875,0.9375,0.9453125,0.9765625,0.984375,0.9921875,0.9921875,1.0,1.0,1.0,1.0,0.881578947368421,0.5703125,0.6484375,0.7109375,0.7265625,0.78125,0.828125,0.8515625,0.875,0.9296875,0.9375,0.9453125,0.9765625,0.984375,0.9921875,0.9921875,1.0,1.0,1.0,1,0.881578947368421
storm_NaiveBayes_BestFirst_SMOTE_noCostSensitive_13.csv,NaiveBayes,BestFirst,SMOTE,noCostSensitive,0,0.8888888888888888,0.41025641025641024,0.5614035087719298,0.8122890627341668,0.9975108898568762,0.5813961395912909,0.5925241517008987,0.5512820512820513,0.7051282051282052,0.7564102564102564,0.782051282051282,0.8333333333333334,0.8846153846153846,0.8974358974358975,0.9230769230769231,0.9487179487179487,0.9615384615384616,0.9615384615384616,0.9615384615384616,0.9871794871794872,0.9871794871794872,0.9871794871794872,1.0,1.0,1.0,1.0,0.6692847503373819,0.5512820512820513,0.7051282051282052,0.7564102564102564,0.782051282051282,0.8333333333333334,0.8846153846153846,0.8974358974358975,0.9230769230769231,0.9487179487179487,0.9615384615384616,0.9615384615384616,0.9615384615384616,0.9871794871794872,0.9871794871794872,0.9871794871794872,1.0,1.0,1.0,1.0,0.9014844804318488,0.5512820512820513,0.7051282051282052,0.7564102564102564,0.782051282051282,0.8333333333333334,0.8846153846153846,0.8974358974358975,0.9230769230769231,0.9487179487179487,0.9615384615384616,0.9615384615384616,0.9615384615384616,0.9871794871794872,0.9871794871794872,0.9871794871794872,1.0,1.0,1.0,1,0.9014844804318488
storm_NaiveBayes_BestFirst_SMOTE_noCostSensitive_14.csv,NaiveBayes,BestFirst,SMOTE,noCostSensitive,0,1.0,0.09803921568627451,0.17857142857142858,0.9113861386138615,0.9414553022834324,0.17857142857142855,0.30951752712272373,0.1568627450980392,0.19607843137254902,0.27450980392156865,0.3137254901960784,0.45098039215686275,0.45098039215686275,0.49019607843137253,0.6078431372549019,0.6862745098039216,0.7450980392156863,0.7843137254901961,0.8431372549019608,0.9215686274509803,0.9411764705882353,0.9803921568627451,0.9803921568627451,1.0,1.0,1.0,0.6494486991472489,0.1568627450980392,0.19607843137254902,0.27450980392156865,0.3137254901960784,0.45098039215686275,0.45098039215686275,0.49019607843137253,0.6078431372549019,0.6862745098039216,0.7450980392156863,0.7843137254901961,0.8431372549019608,0.9215686274509803,0.9411764705882353,0.9803921568627451,0.9803921568627451,1.0,1.0,1.0,0.6749226006191951,0.1568627450980392,0.196078431372549,0.27450980392156865,0.3137254901960784,0.4509803921568627,0.4509803921568627,0.4901960784313726,0.6078431372549019,0.6862745098039216,0.7450980392156863,0.7843137254901961,0.8431372549019608,0.9215686274509803,0.9411764705882353,0.9803921568627451,0.9803921568627451,1.0,1.0,1,0.6749226006191951
storm_NaiveBayes_BestFirst_SMOTE_noCostSensitive_15.csv,NaiveBayes,BestFirst,SMOTE,noCostSensitive,0,1.0,0.5081967213114754,0.6739130434782609,0.9117868033764971,0.9511646243306284,0.673913043478261,0.7075815126940983,0.5081967213114754,0.5245901639344263,0.5245901639344263,0.5409836065573771,0.5901639344262295,0.6229508196721312,0.6557377049180327,0.7049180327868853,0.8032786885245902,0.8360655737704918,0.8852459016393442,0.9016393442622951,0.9344262295081968,0.9508196721311475,0.9836065573770492,0.9836065573770492,1.0,1.0,1.0,0.80294315022529,0.5081967213114754,0.5245901639344263,0.5245901639344263,0.5409836065573771,0.5901639344262295,0.6229508196721312,0.6557377049180327,0.7049180327868853,0.8032786885245902,0.8360655737704918,0.8852459016393442,0.9016393442622951,0.9344262295081968,0.9508196721311475,0.9836065573770492,0.9836065573770492,1.0,1.0,1.0,0.7868852459016393,0.5081967213114754,0.5245901639344263,0.5245901639344263,0.5409836065573771,0.5901639344262295,0.6229508196721312,0.6557377049180327,0.7049180327868853,0.8032786885245902,0.8360655737704918,0.8852459016393442,0.9016393442622951,0.9344262295081968,0.9508196721311475,0.9836065573770492,0.9836065573770492,1.0,1.0,1,0.7868852459016393
storm_NaiveBayes_BestFirst_SMOTE_noCostSensitive_16.csv,NaiveBayes,BestFirst,SMOTE,noCostSensitive,0,0.8888888888888888,0.6,0.7164179104477612,0.8097920380273322,0.9985611510791367,0.7495949594959496,0.7262847534958411,0.5,0.55,0.6,0.625,0.625,0.675,0.675,0.725,0.8,0.85,0.925,0.925,0.95,0.975,1.0,1.0,1.0,1.0,1.0,0.886842105263158,0.5,0.55,0.6,0.625,0.625,0.675,0.675,0.725,0.8,0.85,0.925,0.925,0.95,0.975,1.0,1.0,1.0,1.0,1.0,0.8105263157894737,0.5,0.55,0.6,0.625,0.625,0.675,0.675,0.725,0.8,0.85,0.925,0.925,0.95,0.975,1.0,1.0,1.0,1.0,1,0.8105263157894737
storm_NaiveBayes_BestFirst_SMOTE_noCostSensitive_17.csv,NaiveBayes,BestFirst,SMOTE,noCostSensitive,5,0,0.0,0.0,0.0011550802139037432,0.8891360378490978,0.0,0,0.037037037037037035,0.1111111111111111,0.1111111111111111,0.1111111111111111,0.2222222222222222,0.25925925925925924,0.2962962962962963,0.4444444444444444,0.5185185185185185,0.6296296296296297,0.6666666666666666,0.6666666666666666,0.7407407407407407,0.8148148148148148,0.9259259259259259,0.9629629629629629,1.0,1.0,1.0,0.57041910331384,0.037037037037037035,0.1111111111111111,0.1111111111111111,0.1111111111111111,0.2222222222222222,0.25925925925925924,0.2962962962962963,0.4444444444444444,0.5185185185185185,0.6296296296296297,0.6666666666666666,0.6666666666666666,0.7407407407407407,0.8148148148148148,0.9259259259259259,0.9629629629629629,1.0,1.0,1.0,0.5536062378167642,0.03703703703703698,0.11111111111111116,0.11111111111111116,0.11111111111111116,0.2222222222222222,0.2592592592592593,0.2962962962962963,0.4444444444444444,0.5185185185185185,0.6296296296296297,0.6666666666666666,0.6666666666666666,0.7407407407407407,0.8148148148148148,0.9259259259259259,0.9629629629629629,1.0,1.0,1,0.5536062378167642
storm_NaiveBayes_BestFirst_SMOTE_noCostSensitive_2.csv,NaiveBayes,BestFirst,SMOTE,noCostSensitive,21,0.0,0,0.0,0.0,0.0,0.0,0,0,0,0,0,0,0,0,0,0,0,0,0,0,0,0,0,0,0,0,1.0,0,0,0,0,0,0,0,0,0,0,0,0,0,0,0,0,0,0,0,1.0,1,1,1,1,1,1,1,1,1,1,1,1,1,1,1,1,1,1,1,0.0
storm_NaiveBayes_BestFirst_SMOTE_noCostSensitive_3.csv,NaiveBayes,BestFirst,SMOTE,noCostSensitive,0,0.9139784946236559,0.4473684210526316,0.6007067137809188,0.8253236877341078,0.8500419041233658,0.6157261362308681,0.5781831255799847,0.4074074074074074,0.43915343915343913,0.5132275132275133,0.5873015873015873,0.6349206349206349,0.7195767195767195,0.7619047619047619,0.7883597883597884,0.798941798941799,0.8465608465608465,0.873015873015873,0.8835978835978836,0.91005291005291,0.9576719576719577,1.0,1.0,1.0,1.0,1.0,0.26102083457954417,0.4074074074074074,0.43915343915343913,0.5132275132275133,0.5873015873015873,0.6349206349206349,0.7195767195767195,0.7619047619047619,0.7883597883597884,0.798941798941799,0.8465608465608465,0.873015873015873,0.8835978835978836,0.91005291005291,0.9576719576719577,1.0,1.0,1.0,1.0,1.0,0.4327720162424591,0.5384615384615384,0.5060975609756098,0.5480225988700564,0.6032608695652175,0.6382978723404256,0.7195767195767195,0.7619047619047619,0.7883597883597884,0.7947368421052632,0.7435897435897434,0.5901639344262294,0.32352941176470595,0.0,0,0.6666666666666643,0.0,0.0,0.0,0.0,0.7958785853522695
storm_NaiveBayes_BestFirst_SMOTE_noCostSensitive_4.csv,NaiveBayes,BestFirst,SMOTE,noCostSensitive,0,0.5477178423236515,0.37822349570200575,0.44745762711864406,0.5984553297570888,0.8188126790830946,0.5158169989331214,0.20869891819486677,0.28160919540229884,0.3390804597701149,0.3879310344827586,0.43103448275862066,0.47126436781609193,0.5086206896551724,0.5574712643678161,0.6293103448275862,0.7097701149425287,0.7586206896551724,0.8160919540229885,0.8735632183908046,0.9339080459770115,0.9741379310344828,1.0,1.0,1.0,1.0,1.0,0.0883236701968021,0.28160919540229884,0.3390804597701149,0.3879310344827586,0.43103448275862066,0.47126436781609193,0.5086206896551724,0.5574712643678161,0.6293103448275862,0.7097701149425287,0.7586206896551724,0.8160919540229885,0.8735632183908046,0.9339080459770115,0.9741379310344828,1.0,1.0,1.0,1.0,1.0,0.2791554419958909,0.392,0.3999999999999999,0.4231974921630094,0.4477611940298507,0.47813411078717205,0.5100864553314121,0.5574712643678161,0.6293103448275862,0.5258215962441314,0.27350427350427353,0,0,0,0,0.6666666666666752,0.0,0.0,0.0,0.0,0.7196007259528131
storm_NaiveBayes_BestFirst_SMOTE_noCostSensitive_5.csv,NaiveBayes,BestFirst,SMOTE,noCostSensitive,0,0.9600355239786856,0.9908340971585701,0.975191700496166,0.9495997106272757,0.9961916319179974,0.8783071086059182,0.8394138757828735,0.48623853211009177,0.6146788990825688,0.7073394495412844,0.7770642201834862,0.8293577981651377,0.8660550458715597,0.8935779816513761,0.9174311926605505,0.936697247706422,0.955045871559633,0.9678899082568807,0.9798165137614679,0.9880733944954129,0.9944954128440368,1.0,1.0,1.0,1.0,1.0,0.15789473684210525,0.48623853211009177,0.6146788990825688,0.7073394495412844,0.7770642201834862,0.8293577981651377,0.8660550458715597,0.8935779816513761,0.9174311926605505,0.936697247706422,0.955045871559633,0.9678899082568807,0.9798165137614679,0.9880733944954129,0.9944954128440368,1.0,1.0,1.0,1.0,1.0,0.5908948427846351,0.963687150837989,0.9382716049382714,0.9022988505747122,0.8671874999999993,0.8125000000000007,0.7428571428571435,0.6530612244897963,0.6,0.5142857142857156,0.5,0.3478260869565213,0.29411764705882726,0.09090909090908894,0.0,1.0,1,1,0.0,0.0,0.8901979719942057
storm_NaiveBayes_BestFirst_SMOTE_noCostSensitive_6.csv,NaiveBayes,BestFirst,SMOTE,noCostSensitive,4,0.3181818181818182,0.1794871794871795,0.22950819672131148,0.2343815901966372,0.9223211487769362,0.3038437879528714,0.22325822887437904,0.1794871794871795,0.23076923076923078,0.3076923076923077,0.3333333333333333,0.358974358974359,0.41025641025641024,0.48717948717948717,0.5897435897435898,0.6153846153846154,0.7435897435897436,0.7948717948717948,0.8461538461538461,0.8717948717948718,0.9743589743589743,0.9743589743589743,1.0,1.0,1.0,1.0,0.45614035087719307,0.1794871794871795,0.23076923076923078,0.3076923076923077,0.3333333333333333,0.358974358974359,0.41025641025641024,0.48717948717948717,0.5897435897435898,0.6153846153846154,0.7435897435897436,0.7948717948717948,0.8461538461538461,0.8717948717948718,0.9743589743589743,0.9743589743589743,1.0,1.0,1.0,1.0,0.669365721997301,0.17948717948717952,0.23076923076923084,0.3076923076923077,0.33333333333333326,0.35897435897435903,0.41025641025641024,0.4871794871794872,0.5897435897435898,0.6153846153846154,0.7435897435897436,0.7948717948717948,0.8461538461538461,0.8717948717948718,0.9743589743589743,0.9743589743589743,1.0,1.0,1.0,1,0.6693657219973009
storm_NaiveBayes_BestFirst_SMOTE_noCostSensitive_7.csv,NaiveBayes,BestFirst,SMOTE,noCostSensitive,4,0.0,0.0,0.0,0.04987941827564469,0.9682438192668373,0.0,-0.008811342210628017,0.09803921568627451,0.29411764705882354,0.35294117647058826,0.43137254901960786,0.5294117647058824,0.5882352941176471,0.6078431372549019,0.6666666666666666,0.803921568627451,0.803921568627451,0.8431372549019608,0.8823529411764706,0.9607843137254902,1.0,1.0,1.0,1.0,1.0,1.0,0.32910549618828855,0.09803921568627451,0.29411764705882354,0.35294117647058826,0.43137254901960786,0.5294117647058824,0.5882352941176471,0.6078431372549019,0.6666666666666666,0.803921568627451,0.803921568627451,0.8431372549019608,0.8823529411764706,0.9607843137254902,1.0,1.0,1.0,1.0,1.0,1.0,0.7296181630546956,0.0980392156862745,0.2941176470588236,0.3529411764705883,0.43137254901960786,0.5294117647058824,0.5882352941176471,0.6078431372549019,0.6666666666666666,0.803921568627451,0.803921568627451,0.8431372549019608,0.8823529411764706,0.9607843137254902,1.0,1.0,1.0,1.0,1.0,1,0.7296181630546956
storm_NaiveBayes_BestFirst_SMOTE_noCostSensitive_8.csv,NaiveBayes,BestFirst,SMOTE,noCostSensitive,0,0.9444444444444444,0.5483870967741935,0.6938775510204082,0.8582006169423874,0.9881844024224449,0.7079484802965899,0.7106121623347428,0.5967741935483871,0.6451612903225806,0.7096774193548387,0.7419354838709677,0.8225806451612904,0.8548387096774194,0.8709677419354839,0.9516129032258065,0.967741935483871,0.9838709677419355,0.9838709677419355,1.0,1.0,1.0,1.0,1.0,1.0,1.0,1.0,0.7948757524309307,0.5967741935483871,0.6451612903225806,0.7096774193548387,0.7419354838709677,0.8225806451612904,0.8548387096774194,0.8709677419354839,0.9516129032258065,0.967741935483871,0.9838709677419355,0.9838709677419355,1.0,1.0,1.0,1.0,1.0,1.0,1.0,1.0,0.9015280135823429,0.5967741935483871,0.6451612903225806,0.7096774193548387,0.7419354838709677,0.8225806451612904,0.8548387096774194,0.8709677419354839,0.9516129032258065,0.967741935483871,0.9838709677419355,0.9838709677419355,1.0,1.0,1.0,1.0,1.0,1.0,1.0,1,0.9015280135823429
storm_NaiveBayes_BestFirst_SMOTE_noCostSensitive_9.csv,NaiveBayes,BestFirst,SMOTE,noCostSensitive,0,0.6666666666666666,0.24390243902439024,0.35714285714285715,0.6438004979980992,0.9871075505967823,0.39190054771957805,0.3943486507383842,0.3170731707317073,0.43902439024390244,0.5121951219512195,0.5609756097560976,0.6341463414634146,0.7317073170731707,0.7560975609756098,0.8292682926829268,0.9512195121951219,0.9512195121951219,0.9512195121951219,0.975609756097561,1.0,1.0,1.0,1.0,1.0,1.0,1.0,0.6110397946084724,0.3170731707317073,0.43902439024390244,0.5121951219512195,0.5609756097560976,0.6341463414634146,0.7317073170731707,0.7560975609756098,0.8292682926829268,0.9512195121951219,0.9512195121951219,0.9512195121951219,0.975609756097561,1.0,1.0,1.0,1.0,1.0,1.0,1.0,0.821566110397946,0.3170731707317074,0.4390243902439024,0.5121951219512195,0.5609756097560976,0.6341463414634146,0.7317073170731707,0.7560975609756098,0.8292682926829268,0.9512195121951219,0.9512195121951219,0.9512195121951219,0.975609756097561,1.0,1.0,1.0,1.0,1.0,1.0,1,0.821566110397946
storm_NaiveBayes_BestFirst_SMOTE_yesCostSensitive_1.csv,NaiveBayes,BestFirst,SMOTE,yesCostSensitive,0,0,0.0,0.0,0.03385203385203385,1.0,0.0,0,0.20242914979757085,0.2834008097165992,0.3441295546558704,0.41295546558704455,0.46963562753036436,0.5425101214574899,0.6032388663967612,0.6761133603238867,0.7368421052631579,0.8137651821862348,0.8704453441295547,0.902834008097166,0.9311740890688259,0.9635627530364372,0.9919028340080972,1.0,1.0,1.0,1.0,0.07419292612600979,0.20242914979757085,0.2834008097165992,0.3441295546558704,0.41295546558704455,0.46963562753036436,0.5425101214574899,0.6032388663967612,0.6761133603238867,0.7368421052631579,0.8137651821862348,0.8704453441295547,0.902834008097166,0.9311740890688259,0.9635627530364372,0.9919028340080972,1.0,1.0,1.0,1.0,0.1380648230396069,0.35460992907801425,0.4093567251461988,0.4450261780104712,0.49514563106796117,0.5321100917431192,0.29323308270676696,0.09375,0,0,0,0,0,0,0,0.0,0.0,0.0,0.0,0.0,0.7234178563818453
storm_NaiveBayes_BestFirst_SMOTE_yesCostSensitive_10.csv,NaiveBayes,BestFirst,SMOTE,yesCostSensitive,0,0.036455059710873663,1.0,0.0703456640388114,0.02651474159832896,0.9631306597671412,0.01667735728030789,0.017508374936344478,0.22413793103448276,0.3448275862068966,0.39655172413793105,0.5,0.6206896551724138,0.7068965517241379,0.7586206896551724,0.8448275862068966,0.896551724137931,0.9137931034482759,0.9310344827586207,0.9655172413793104,0.9827586206896551,0.9827586206896551,1.0,1.0,1.0,1.0,1.0,0.7849364791288567,0.22413793103448276,0.3448275862068966,0.39655172413793105,0.5,0.6206896551724138,0.7068965517241379,0.7586206896551724,0.8448275862068966,0.896551724137931,0.9137931034482759,0.9310344827586207,0.9655172413793104,0.9827586206896551,0.9827586206896551,1.0,1.0,1.0,1.0,1.0,0.7931034482758621,0.22413793103448276,0.3448275862068966,0.39655172413793105,0.5,0.6206896551724138,0.7068965517241379,0.7586206896551724,0.8448275862068966,0.896551724137931,0.9137931034482759,0.9310344827586207,0.9655172413793104,0.9827586206896551,0.9827586206896551,1.0,1.0,1.0,1.0,1,0.7931034482758621
storm_NaiveBayes_BestFirst_SMOTE_yesCostSensitive_11.csv,NaiveBayes,BestFirst,SMOTE,yesCostSensitive,0,0.07850707850707851,0.9104477611940298,0.14454976303317535,0.13098063564650264,0.8381334865156632,0.094376598729268,-0.048622542937889854,0.3582089552238806,0.5,0.6044776119402985,0.6492537313432836,0.7313432835820896,0.7910447761194029,0.8507462686567164,0.8955223880597015,0.917910447761194,0.917910447761194,0.9253731343283582,0.9253731343283582,0.9328358208955224,0.9477611940298507,0.9925373134328358,1.0,1.0,1.0,1.0,0.8166124265888602,0.3582089552238806,0.5,0.6044776119402985,0.6492537313432836,0.7313432835820896,0.7910447761194029,0.8507462686567164,0.8955223880597015,0.917910447761194,0.917910447761194,0.9253731343283582,0.9253731343283582,0.9328358208955224,0.9477611940298507,0.9925373134328358,1.0,1.0,1.0,1.0,0.8389630793401414,0.3582089552238805,0.5,0.6044776119402985,0.6492537313432836,0.7313432835820896,0.7910447761194029,0.8507462686567164,0.8955223880597015,0.917910447761194,0.917910447761194,0.9253731343283582,0.9253731343283582,0.9328358208955224,0.9477611940298507,0.9925373134328358,1.0,1.0,1.0,1,0.8389630793401415
storm_NaiveBayes_BestFirst_SMOTE_yesCostSensitive_12.csv,NaiveBayes,BestFirst,SMOTE,yesCostSensitive,0,0.10101010101010101,0.703125,0.17664376840039253,0.13179489614348236,0.7591153119753776,0.6183153450065844,0.1276225334780148,0.40625,0.484375,0.59375,0.6796875,0.71875,0.734375,0.828125,0.8671875,0.8828125,0.9140625,0.9296875,0.9375,0.96875,1.0,1.0,1.0,1.0,1.0,1.0,0.7759868421052631,0.40625,0.484375,0.59375,0.6796875,0.71875,0.734375,0.828125,0.8671875,0.8828125,0.9140625,0.9296875,0.9375,0.96875,1.0,1.0,1.0,1.0,1.0,1.0,0.8392269736842105,0.40625,0.484375,0.59375,0.6796875,0.71875,0.734375,0.828125,0.8671875,0.8828125,0.9140625,0.9296875,0.9375,0.96875,1.0,1.0,1.0,1.0,1.0,1,0.8392269736842105
storm_NaiveBayes_BestFirst_SMOTE_yesCostSensitive_13.csv,NaiveBayes,BestFirst,SMOTE,yesCostSensitive,0,0.04455445544554455,0.9230769230769231,0.08500590318772137,0.08196209483595007,0.8458187736345797,0.07521265482763757,-0.03999235736627345,0.33766233766233766,0.4155844155844156,0.5064935064935064,0.5584415584415584,0.6493506493506493,0.7532467532467533,0.8051948051948052,0.8311688311688312,0.8701298701298701,0.8831168831168831,0.8961038961038961,0.9090909090909091,0.922077922077922,0.935064935064935,0.935064935064935,0.935064935064935,0.935064935064935,0.935064935064935,1.0,0.840944669365722,0.33766233766233766,0.4155844155844156,0.5064935064935064,0.5584415584415584,0.6493506493506493,0.7532467532467533,0.8051948051948052,0.8311688311688312,0.8701298701298701,0.8831168831168831,0.8961038961038961,0.9090909090909091,0.922077922077922,0.935064935064935,0.935064935064935,0.935064935064935,0.935064935064935,0.935064935064935,1.0,0.7194871794871796,0.33333333333333337,0.41025641025641035,0.5,0.5512820512820513,0.6410256410256411,0.7435897435897437,0.7948717948717949,0.8205128205128207,0.858974358974359,0.8717948717948718,0.8846153846153847,0.8974358974358975,0.9102564102564104,0.9230769230769231,0.9230769230769231,0.9230769230769231,0.9230769230769231,0.7600000000000002,0.0,0.7901572112098428
storm_NaiveBayes_BestFirst_SMOTE_yesCostSensitive_14.csv,NaiveBayes,BestFirst,SMOTE,yesCostSensitive,0,0.02524752475247525,1.0,0.04925156929019797,0.12320946380352321,0.9563827562513071,0.0,0,0.11764705882352941,0.17647058823529413,0.2549019607843137,0.3137254901960784,0.45098039215686275,0.45098039215686275,0.49019607843137253,0.6078431372549019,0.6666666666666666,0.7450980392156863,0.7647058823529411,0.8235294117647058,0.9019607843137255,0.9411764705882353,0.9803921568627451,1.0,1.0,1.0,1.0,0.46885014393569063,0.11764705882352941,0.17647058823529413,0.2549019607843137,0.3137254901960784,0.45098039215686275,0.45098039215686275,0.49019607843137253,0.6078431372549019,0.6666666666666666,0.7450980392156863,0.7647058823529411,0.8235294117647058,0.9019607843137255,0.9411764705882353,0.9803921568627451,1.0,1.0,1.0,1.0,0.6676986584107327,0.11764705882352944,0.17647058823529416,0.2549019607843137,0.3137254901960784,0.4509803921568627,0.4509803921568627,0.4901960784313726,0.6078431372549019,0.6666666666666666,0.7450980392156863,0.7647058823529411,0.8235294117647058,0.9019607843137255,0.9411764705882353,0.9803921568627451,1.0,1.0,1.0,1,0.6676986584107327
storm_NaiveBayes_BestFirst_SMOTE_yesCostSensitive_15.csv,NaiveBayes,BestFirst,SMOTE,yesCostSensitive,0,0.028762198253723677,0.9180327868852459,0.055776892430278883,0.06639862260145275,0.8773612799369233,0.09950838121186986,-0.022138670770356795,0.14754098360655737,0.18032786885245902,0.26229508196721313,0.32786885245901637,0.4098360655737705,0.47540983606557374,0.5573770491803278,0.6557377049180327,0.7540983606557377,0.8032786885245902,0.8524590163934426,0.8688524590163934,0.9016393442622951,0.9180327868852459,0.9836065573770492,1.0,1.0,1.0,1.0,0.8336688716326335,0.14754098360655737,0.18032786885245902,0.26229508196721313,0.32786885245901637,0.4098360655737705,0.47540983606557374,0.5573770491803278,0.6557377049180327,0.7540983606557377,0.8032786885245902,0.8524590163934426,0.8688524590163934,0.9016393442622951,0.9180327868852459,0.9836065573770492,1.0,1.0,1.0,1.0,0.6893874029335634,0.14754098360655732,0.180327868852459,0.2622950819672132,0.3278688524590163,0.4098360655737705,0.47540983606557374,0.5573770491803278,0.6557377049180327,0.7540983606557377,0.8032786885245902,0.8524590163934426,0.8688524590163934,0.9016393442622951,0.9180327868852459,0.9836065573770492,1.0,1.0,1.0,1,0.6893874029335635
storm_NaiveBayes_BestFirst_SMOTE_yesCostSensitive_16.csv,NaiveBayes,BestFirst,SMOTE,yesCostSensitive,2,0.018235584031542632,0.925,0.035766070565490575,0.045016463056353685,0.9109352517985612,0.08510480430346869,-0.01988924503609899,0.02564102564102564,0.05128205128205128,0.10256410256410256,0.1282051282051282,0.20512820512820512,0.3076923076923077,0.38461538461538464,0.5641025641025641,0.717948717948718,0.7692307692307693,0.8205128205128205,0.8717948717948718,0.8974358974358975,0.9230769230769231,0.9487179487179487,0.9487179487179487,0.9487179487179487,0.9743589743589743,1.0,0.805701754385965,0.02564102564102564,0.05128205128205128,0.10256410256410256,0.1282051282051282,0.20512820512820512,0.3076923076923077,0.38461538461538464,0.5641025641025641,0.717948717948718,0.7692307692307693,0.8205128205128205,0.8717948717948718,0.8974358974358975,0.9230769230769231,0.9487179487179487,0.9487179487179487,0.9487179487179487,0.9743589743589743,1.0,0.5402046783625731,0.025000000000000022,0.050000000000000044,0.09999999999999998,0.125,0.19999999999999996,0.30000000000000004,0.375,0.55,0.7000000000000001,0.7500000000000001,0.8,0.8500000000000001,0.8750000000000001,0.9000000000000001,0.925,0.925,0.925,0.8888888888888891,0.0,0.6099865047233468
storm_NaiveBayes_BestFirst_SMOTE_yesCostSensitive_17.csv,NaiveBayes,BestFirst,SMOTE,yesCostSensitive,473,0.012705882352941176,1.0,0.02509293680297398,0.008085561497326203,1.0,0.0,0,0.037037037037037035,0.1111111111111111,0.1111111111111111,0.1111111111111111,0.2222222222222222,0.25925925925925924,0.2962962962962963,0.4444444444444444,0.5185185185185185,0.6296296296296297,0.6666666666666666,0.6666666666666666,0.7407407407407407,0.8148148148148148,0.9259259259259259,0.9629629629629629,1.0,1.0,1.0,0.5536062378167642,0.037037037037037035,0.1111111111111111,0.1111111111111111,0.1111111111111111,0.2222222222222222,0.25925925925925924,0.2962962962962963,0.4444444444444444,0.5185185185185185,0.6296296296296297,0.6666666666666666,0.6666666666666666,0.7407407407407407,0.8148148148148148,0.9259259259259259,0.9629629629629629,1.0,1.0,1.0,0.5536062378167642,0.03703703703703698,0.11111111111111116,0.11111111111111116,0.11111111111111116,0.2222222222222222,0.2592592592592593,0.2962962962962963,0.4444444444444444,0.5185185185185185,0.6296296296296297,0.6666666666666666,0.6666666666666666,0.7407407407407407,0.8148148148148148,0.9259259259259259,0.9629629629629629,1.0,1.0,1,0.5536062378167642
storm_NaiveBayes_BestFirst_SMOTE_yesCostSensitive_2.csv,NaiveBayes,BestFirst,SMOTE,yesCostSensitive,21,0.0,0,0.0,0.0,0.0,0.0,0,0,0,0,0,0,0,0,0,0,0,0,0,0,0,0,0,0,0,0,1.0,0,0,0,0,0,0,0,0,0,0,0,0,0,0,0,0,0,0,0,1.0,1,1,1,1,1,1,1,1,1,1,1,1,1,1,1,1,1,1,1,0.0
storm_NaiveBayes_BestFirst_SMOTE_yesCostSensitive_3.csv,NaiveBayes,BestFirst,SMOTE,yesCostSensitive,0,0.5950920245398773,0.5105263157894737,0.5495750708215298,0.5190984881669377,0.9485584981562187,0.6501526571891996,0.428606626361673,0.37566137566137564,0.41798941798941797,0.455026455026455,0.47619047619047616,0.48677248677248675,0.5079365079365079,0.6031746031746031,0.6878306878306878,0.7301587301587301,0.8148148148148148,0.8783068783068783,0.9153439153439153,0.9576719576719577,0.9894179894179894,0.9894179894179894,1.0,1.0,1.0,1.0,0.3478058616958252,0.37566137566137564,0.41798941798941797,0.455026455026455,0.47619047619047616,0.48677248677248675,0.5079365079365079,0.6031746031746031,0.6878306878306878,0.7301587301587301,0.8148148148148148,0.8783068783068783,0.9153439153439153,0.9576719576719577,0.9894179894179894,0.9894179894179894,1.0,1.0,1.0,1.0,0.4153527007617884,0.49650349650349646,0.4817073170731707,0.48587570621468923,0.48913043478260865,0.4893617021276596,0.5079365079365079,0.6031746031746031,0.6878306878306878,0.7263157894736841,0.6923076923076922,0.6065573770491801,0.5,0.5,0.6249999999999997,0.0,0.0,0.0,0.0,0.0,0.7518796992481203
storm_NaiveBayes_BestFirst_SMOTE_yesCostSensitive_4.csv,NaiveBayes,BestFirst,SMOTE,yesCostSensitive,0,0.5296803652968036,0.332378223495702,0.4084507042253521,0.4639071644430315,0.8719904091053805,0.47321825152117575,0.17509518265340995,0.22988505747126436,0.25862068965517243,0.29310344827586204,0.3074712643678161,0.31896551724137934,0.32471264367816094,0.33045977011494254,0.33045977011494254,0.33045977011494254,0.33045977011494254,0.46264367816091956,0.646551724137931,0.7442528735632183,0.8017241379310345,0.8735632183908046,0.9597701149425287,0.9798850574712644,0.9913793103448276,1.0,0.13657475690851129,0.22988505747126436,0.25862068965517243,0.29310344827586204,0.3074712643678161,0.31896551724137934,0.32471264367816094,0.33045977011494254,0.33045977011494254,0.33045977011494254,0.33045977011494254,0.46264367816091956,0.646551724137931,0.7442528735632183,0.8017241379310345,0.8735632183908046,0.9597701149425287,0.9798850574712644,0.9913793103448276,1.0,0.13549579277387416,0.32000000000000006,0.30508474576271194,0.31974921630094033,0.31940298507462694,0.32361516034985427,0.32564841498559083,0.33045977011494254,0.33045977011494254,0,0,0,0,0,0,0,0,0,0,0.0,0.5533877797943134
storm_NaiveBayes_BestFirst_SMOTE_yesCostSensitive_5.csv,NaiveBayes,BestFirst,SMOTE,yesCostSensitive,0,0.8203125,0.48120989917506873,0.6065857885615251,0.7483973774817333,0.7194330049960624,0.470415053281705,-0.043404840697409665,0.21906507791017416,0.28139321723189736,0.32630614115490375,0.3593033913840513,0.38588450962419796,0.40971585701191565,0.4298808432630614,0.4463794683776352,0.459211732355637,0.4702108157653529,0.4766269477543538,0.48029330889092575,0.48029330889092575,0.48029330889092575,0.48029330889092575,0.5600366636113657,0.7965169569202566,0.9422548120989918,1.0,0.15789473684210525,0.21906507791017416,0.28139321723189736,0.32630614115490375,0.3593033913840513,0.38588450962419796,0.40971585701191565,0.4298808432630614,0.4463794683776352,0.459211732355637,0.4702108157653529,0.4766269477543538,0.48029330889092575,0.48029330889092575,0.48029330889092575,0.48029330889092575,0.5600366636113657,0.7965169569202566,0.9422548120989918,1.0,0.1658335783593061,0.15083798882681565,0,0,0,0,0,0,0,0,0,0,0,0,0,0,1,1,0,1,0.49915577210671036
storm_NaiveBayes_BestFirst_SMOTE_yesCostSensitive_6.csv,NaiveBayes,BestFirst,SMOTE,yesCostSensitive,0,0.03451676528599606,0.8974358974358975,0.06647673314339982,0.03878843382827448,0.7946690261571644,0.44538476981761466,0.06943736017608151,0.1794871794871795,0.3076923076923077,0.38461538461538464,0.48717948717948717,0.5641025641025641,0.6923076923076923,0.7948717948717948,0.8461538461538461,0.8974358974358975,0.8974358974358975,0.8974358974358975,0.9230769230769231,0.9230769230769231,0.9230769230769231,0.9230769230769231,0.9230769230769231,0.9743589743589743,0.9743589743589743,1.0,0.6450742240215925,0.1794871794871795,0.3076923076923077,0.38461538461538464,0.48717948717948717,0.5641025641025641,0.6923076923076923,0.7948717948717948,0.8461538461538461,0.8974358974358975,0.8974358974358975,0.8974358974358975,0.9230769230769231,0.9230769230769231,0.9230769230769231,0.9230769230769231,0.9230769230769231,0.9743589743589743,0.9743589743589743,1.0,0.7638326585695007,0.17948717948717952,0.3076923076923077,0.3846153846153846,0.4871794871794872,0.5641025641025641,0.6923076923076923,0.7948717948717948,0.8461538461538461,0.8974358974358975,0.8974358974358975,0.8974358974358975,0.9230769230769231,0.9230769230769231,0.9230769230769231,0.9230769230769231,0.9230769230769231,0.9743589743589743,0.9743589743589743,1,0.7638326585695007
storm_NaiveBayes_BestFirst_SMOTE_yesCostSensitive_7.csv,NaiveBayes,BestFirst,SMOTE,yesCostSensitive,6,0.033783783783783786,0.39215686274509803,0.06220839813374806,0.04023115253409075,0.6416737709576582,0.4697128240902221,-0.008407871714096201,0.13725490196078433,0.23529411764705882,0.3137254901960784,0.35294117647058826,0.4117647058823529,0.4117647058823529,0.4117647058823529,0.4117647058823529,0.4117647058823529,0.49019607843137253,0.5686274509803921,0.7450980392156863,0.8431372549019608,0.8627450980392157,0.9019607843137255,0.9215686274509803,0.9803921568627451,0.9803921568627451,1.0,0.4792769399780285,0.13725490196078433,0.23529411764705882,0.3137254901960784,0.35294117647058826,0.4117647058823529,0.4117647058823529,0.4117647058823529,0.4117647058823529,0.4117647058823529,0.49019607843137253,0.5686274509803921,0.7450980392156863,0.8431372549019608,0.8627450980392157,0.9019607843137255,0.9215686274509803,0.9803921568627451,0.9803921568627451,1.0,0.5989214021771696,0.13725490196078427,0.23529411764705888,0.3137254901960784,0.3529411764705883,0.4117647058823529,0.4117647058823529,0.4117647058823529,0.4117647058823529,0.4117647058823529,0.4901960784313726,0.5686274509803921,0.7450980392156863,0.8431372549019608,0.8627450980392157,0.9019607843137255,0.9215686274509803,0.9803921568627451,0.9677419354838709,1,0.5995872033023736
storm_NaiveBayes_BestFirst_SMOTE_yesCostSensitive_8.csv,NaiveBayes,BestFirst,SMOTE,yesCostSensitive,0,0.04642313546423135,0.9838709677419355,0.08866279069767442,0.18490405821075198,0.9408972932888398,0.07659153195136965,0.025564556138151655,0.3387096774193548,0.43548387096774194,0.5,0.5806451612903226,0.6612903225806451,0.7741935483870968,0.8225806451612904,0.9193548387096774,0.9516129032258065,0.9516129032258065,0.9516129032258065,0.9838709677419355,0.9838709677419355,0.9838709677419355,0.9838709677419355,0.9838709677419355,0.9838709677419355,0.9838709677419355,1.0,0.7753511344343262,0.3387096774193548,0.43548387096774194,0.5,0.5806451612903226,0.6612903225806451,0.7741935483870968,0.8225806451612904,0.9193548387096774,0.9516129032258065,0.9516129032258065,0.9516129032258065,0.9838709677419355,0.9838709677419355,0.9838709677419355,0.9838709677419355,0.9838709677419355,0.9838709677419355,0.9838709677419355,1.0,0.8294747131759016,0.33870967741935476,0.435483870967742,0.5,0.5806451612903226,0.6612903225806451,0.7741935483870968,0.8225806451612904,0.9193548387096774,0.9516129032258065,0.9516129032258065,0.9516129032258065,0.9838709677419355,0.9838709677419355,0.9838709677419355,0.9838709677419355,0.9838709677419355,0.9838709677419355,0.9696969696969697,1,0.830220713073005
storm_NaiveBayes_BestFirst_SMOTE_yesCostSensitive_9.csv,NaiveBayes,BestFirst,SMOTE,yesCostSensitive,0,0.026885245901639345,1.0,0.05236270753512133,0.07002473294139827,0.9451706019719772,0.026246719160105052,0.018908108520974506,0.1951219512195122,0.34146341463414637,0.4146341463414634,0.5121951219512195,0.5365853658536586,0.6585365853658537,0.7804878048780488,0.8780487804878049,0.926829268292683,0.926829268292683,0.926829268292683,0.9512195121951219,0.975609756097561,0.975609756097561,1.0,1.0,1.0,1.0,1.0,0.6546854942233633,0.1951219512195122,0.34146341463414637,0.4146341463414634,0.5121951219512195,0.5365853658536586,0.6585365853658537,0.7804878048780488,0.8780487804878049,0.926829268292683,0.926829268292683,0.926829268292683,0.9512195121951219,0.975609756097561,0.975609756097561,1.0,1.0,1.0,1.0,1.0,0.7894736842105263,0.19512195121951215,0.3414634146341464,0.41463414634146334,0.5121951219512195,0.5365853658536586,0.6585365853658537,0.7804878048780488,0.8780487804878049,0.926829268292683,0.926829268292683,0.926829268292683,0.9512195121951219,0.975609756097561,0.975609756097561,1.0,1.0,1.0,1.0,1,0.7894736842105263
storm_NaiveBayes_NoSelection_NoSampling_noCostSensitive_1.csv,NaiveBayes,NoSelection,NoSampling,noCostSensitive,241,0.007326007326007326,0.008064516129032258,0.007677543186180422,0.03984603984603982,0.35428885630498536,0.015767456827201546,-0.6293515766214766,0.008097165991902834,0.13360323886639677,0.13765182186234817,0.1659919028340081,0.1902834008097166,0.22672064777327935,0.24696356275303644,0.2834008097165992,0.4534412955465587,0.6437246963562753,0.7813765182186235,0.8785425101214575,0.9392712550607287,0.9757085020242915,0.9919028340080972,1.0,1.0,1.0,1.0,0.04503889649304304,0.008097165991902834,0.13360323886639677,0.13765182186234817,0.1659919028340081,0.1902834008097166,0.22672064777327935,0.24696356275303644,0.2834008097165992,0.4534412955465587,0.6437246963562753,0.7813765182186235,0.8785425101214575,0.9392712550607287,0.9757085020242915,0.9919028340080972,1.0,1.0,1.0,1.0,0.04209488321034113,0.014184397163120477,0.19298245614035092,0.17801047120418845,0.19902912621359226,0.2155963302752294,0,0,0,0,0,0,0,0,0,0.0,0.0,0.0,0.0,0.0,0.581930534839122
storm_NaiveBayes_NoSelection_NoSampling_noCostSensitive_10.csv,NaiveBayes,NoSelection,NoSampling,noCostSensitive,0,0,0.0,0.0,0.0032872364543187487,1.0,0.0,0,0.20689655172413793,0.3103448275862069,0.39655172413793105,0.5172413793103449,0.603448275862069,0.7068965517241379,0.7586206896551724,0.8448275862068966,0.896551724137931,0.9137931034482759,0.9310344827586207,0.9310344827586207,0.9655172413793104,1.0,1.0,1.0,1.0,1.0,1.0,0.31488203266787657,0.20689655172413793,0.3103448275862069,0.39655172413793105,0.5172413793103449,0.603448275862069,0.7068965517241379,0.7586206896551724,0.8448275862068966,0.896551724137931,0.9137931034482759,0.9310344827586207,0.9310344827586207,0.9655172413793104,1.0,1.0,1.0,1.0,1.0,1.0,0.7885662431941923,0.2068965517241379,0.31034482758620685,0.39655172413793105,0.5172413793103449,0.603448275862069,0.7068965517241379,0.7586206896551724,0.8448275862068966,0.896551724137931,0.9137931034482759,0.9310344827586207,0.9310344827586207,0.9655172413793104,1.0,1.0,1.0,1.0,1.0,1,0.7885662431941923
storm_NaiveBayes_NoSelection_NoSampling_noCostSensitive_11.csv,NaiveBayes,NoSelection,NoSampling,noCostSensitive,0,0.5125,0.30597014925373134,0.38317757009345793,0.4894140756902869,0.9762204240905623,0.4656729813268136,0.3561735039787786,0.3208955223880597,0.3582089552238806,0.3582089552238806,0.3582089552238806,0.3582089552238806,0.5373134328358209,0.5671641791044776,0.753731343283582,0.8059701492537313,0.8208955223880597,0.8283582089552238,0.8656716417910447,0.9253731343283582,0.9701492537313433,1.0,1.0,1.0,1.0,1.0,0.6567164179104478,0.3208955223880597,0.3582089552238806,0.3582089552238806,0.3582089552238806,0.3582089552238806,0.5373134328358209,0.5671641791044776,0.753731343283582,0.8059701492537313,0.8208955223880597,0.8283582089552238,0.8656716417910447,0.9253731343283582,0.9701492537313433,1.0,1.0,1.0,1.0,1.0,0.7278083267871169,0.32089552238805963,0.3582089552238805,0.3582089552238805,0.3582089552238805,0.3582089552238805,0.5373134328358209,0.5671641791044776,0.753731343283582,0.8059701492537313,0.8208955223880597,0.8283582089552238,0.8656716417910447,0.9253731343283582,0.9701492537313433,1.0,1.0,1.0,1.0,1,0.727808326787117
storm_NaiveBayes_NoSelection_NoSampling_noCostSensitive_12.csv,NaiveBayes,NoSelection,NoSampling,noCostSensitive,0,0.6666666666666666,0.015625,0.030534351145038167,0.6500158240367118,0.9994491466144376,0.03076896572516388,0.09513568306208618,0.5859375,0.6640625,0.765625,0.8203125,0.8359375,0.859375,0.8984375,0.90625,0.953125,0.96875,0.9765625,0.984375,1.0,1.0,1.0,1.0,1.0,1.0,1.0,0.6707236842105263,0.5859375,0.6640625,0.765625,0.8203125,0.8359375,0.859375,0.8984375,0.90625,0.953125,0.96875,0.9765625,0.984375,1.0,1.0,1.0,1.0,1.0,1.0,1.0,0.90625,0.5859375,0.6640625,0.765625,0.8203125,0.8359375,0.859375,0.8984375,0.90625,0.953125,0.96875,0.9765625,0.984375,1.0,1.0,1.0,1.0,1.0,1.0,1,0.90625
storm_NaiveBayes_NoSelection_NoSampling_noCostSensitive_13.csv,NaiveBayes,NoSelection,NoSampling,noCostSensitive,1,0.38461538461538464,0.1282051282051282,0.19230769230769232,0.36670020215280225,0.9891659885437112,0.22701329832772096,0.20157733638930753,0.48717948717948717,0.8205128205128205,0.9230769230769231,0.9230769230769231,0.9230769230769231,0.9358974358974359,0.9615384615384616,0.9615384615384616,0.9743589743589743,0.9743589743589743,0.9743589743589743,0.9743589743589743,0.9743589743589743,1.0,1.0,1.0,1.0,1.0,1.0,0.9007287449392712,0.48717948717948717,0.8205128205128205,0.9230769230769231,0.9230769230769231,0.9230769230769231,0.9358974358974359,0.9615384615384616,0.9615384615384616,0.9743589743589743,0.9743589743589743,0.9743589743589743,0.9743589743589743,0.9743589743589743,1.0,1.0,1.0,1.0,1.0,1.0,0.9372469635627529,0.4871794871794872,0.8205128205128205,0.9230769230769231,0.9230769230769231,0.9230769230769231,0.9358974358974359,0.9615384615384616,0.9615384615384616,0.9743589743589743,0.9743589743589743,0.9743589743589743,0.9743589743589743,0.9743589743589743,1.0,1.0,1.0,1.0,1.0,1,0.9372469635627529
storm_NaiveBayes_NoSelection_NoSampling_noCostSensitive_14.csv,NaiveBayes,NoSelection,NoSampling,noCostSensitive,16,0.058823529411764705,0.0196078431372549,0.029411764705882353,0.050423571768941605,0.9913761339985461,0.03845547985665341,0.019717707772642867,0.11764705882352941,0.1568627450980392,0.1568627450980392,0.17647058823529413,0.2549019607843137,0.3137254901960784,0.3333333333333333,0.49019607843137253,0.5098039215686274,0.5490196078431373,0.6666666666666666,0.7450980392156863,0.8431372549019608,0.8823529411764706,0.9607843137254902,0.9803921568627451,0.9803921568627451,0.9803921568627451,1.0,0.496333713540818,0.11764705882352941,0.1568627450980392,0.1568627450980392,0.17647058823529413,0.2549019607843137,0.3137254901960784,0.3333333333333333,0.49019607843137253,0.5098039215686274,0.5490196078431373,0.6666666666666666,0.7450980392156863,0.8431372549019608,0.8823529411764706,0.9607843137254902,0.9803921568627451,0.9803921568627451,0.9803921568627451,1.0,0.5823692357829559,0.11764705882352944,0.1568627450980392,0.1568627450980392,0.17647058823529416,0.2549019607843137,0.3137254901960784,0.33333333333333326,0.4901960784313726,0.5098039215686274,0.5490196078431373,0.6666666666666666,0.7450980392156863,0.8431372549019608,0.8823529411764706,0.9607843137254902,0.9803921568627451,0.9803921568627451,0.9473684210526314,1,0.5841073271413828
storm_NaiveBayes_NoSelection_NoSampling_noCostSensitive_15.csv,NaiveBayes,NoSelection,NoSampling,noCostSensitive,2,0.25,0.16393442622950818,0.19801980198019803,0.23321537480506851,0.984846742665659,0.2810860271935719,0.1829235719840932,0.14754098360655737,0.19672131147540983,0.19672131147540983,0.19672131147540983,0.639344262295082,0.7540983606557377,0.7540983606557377,0.7540983606557377,0.7540983606557377,0.7868852459016393,0.7868852459016393,0.8032786885245902,0.8524590163934426,0.8524590163934426,0.9180327868852459,0.9836065573770492,0.9836065573770492,0.9836065573770492,1.0,0.7037196817179561,0.14754098360655737,0.19672131147540983,0.19672131147540983,0.19672131147540983,0.639344262295082,0.7540983606557377,0.7540983606557377,0.7540983606557377,0.7540983606557377,0.7868852459016393,0.7868852459016393,0.8032786885245902,0.8524590163934426,0.8524590163934426,0.9180327868852459,0.9836065573770492,0.9836065573770492,0.9836065573770492,1.0,0.7002684306394401,0.14754098360655732,0.19672131147540983,0.19672131147540983,0.19672131147540983,0.639344262295082,0.7540983606557377,0.7540983606557377,0.7540983606557377,0.7540983606557377,0.7868852459016393,0.7868852459016393,0.8032786885245902,0.8524590163934426,0.8524590163934426,0.9180327868852459,0.9836065573770492,0.9836065573770492,0.9444444444444444,1,0.7023295944779983
storm_NaiveBayes_NoSelection_NoSampling_noCostSensitive_16.csv,NaiveBayes,NoSelection,NoSampling,noCostSensitive,3,0.35714285714285715,0.5,0.4166666666666667,0.3304393493490138,0.9838009592326143,0.6627850557981563,0.40955901175565856,0.475,0.55,0.55,0.55,0.725,0.8,0.85,0.9,0.9,0.925,0.925,0.925,0.95,0.95,1.0,1.0,1.0,1.0,1.0,0.7973684210526316,0.475,0.55,0.55,0.55,0.725,0.8,0.85,0.9,0.9,0.925,0.925,0.925,0.95,0.95,1.0,1.0,1.0,1.0,1.0,0.8407894736842105,0.475,0.55,0.55,0.55,0.725,0.8,0.85,0.9,0.9,0.925,0.925,0.925,0.95,0.95,1.0,1.0,1.0,1.0,1,0.8407894736842105
storm_NaiveBayes_NoSelection_NoSampling_noCostSensitive_17.csv,NaiveBayes,NoSelection,NoSampling,noCostSensitive,0,0,0.0,0.0,0.0011550802139037432,1.0,0.0,0,0.07407407407407407,0.1111111111111111,0.1111111111111111,0.1111111111111111,0.2222222222222222,0.25925925925925924,0.2962962962962963,0.4444444444444444,0.5185185185185185,0.6296296296296297,0.6666666666666666,0.6666666666666666,0.7407407407407407,0.7777777777777778,0.8888888888888888,0.9629629629629629,1.0,1.0,1.0,0.6120857699805068,0.07407407407407407,0.1111111111111111,0.1111111111111111,0.1111111111111111,0.2222222222222222,0.25925925925925924,0.2962962962962963,0.4444444444444444,0.5185185185185185,0.6296296296296297,0.6666666666666666,0.6666666666666666,0.7407407407407407,0.7777777777777778,0.8888888888888888,0.9629629629629629,1.0,1.0,1.0,0.5516569200779727,0.07407407407407407,0.11111111111111116,0.11111111111111116,0.11111111111111116,0.2222222222222222,0.2592592592592593,0.2962962962962963,0.4444444444444444,0.5185185185185185,0.6296296296296297,0.6666666666666666,0.6666666666666666,0.7407407407407407,0.7777777777777778,0.8888888888888888,0.9629629629629629,1.0,1.0,1,0.5516569200779727
storm_NaiveBayes_NoSelection_NoSampling_noCostSensitive_2.csv,NaiveBayes,NoSelection,NoSampling,noCostSensitive,21,0.0,0,0.0,0.0,0.0,0.0,0,0,0,0,0,0,0,0,0,0,0,0,0,0,0,0,0,0,0,0,1.0,0,0,0,0,0,0,0,0,0,0,0,0,0,0,0,0,0,0,0,1.0,1,1,1,1,1,1,1,1,1,1,1,1,1,1,1,1,1,1,1,0.0
storm_NaiveBayes_NoSelection_NoSampling_noCostSensitive_3.csv,NaiveBayes,NoSelection,NoSampling,noCostSensitive,0,0.7130434782608696,0.43157894736842106,0.5377049180327869,0.6664822511346697,0.7672142138786463,0.5930256584784802,0.46047385151167564,0.3736842105263158,0.4473684210526316,0.5473684210526316,0.6157894736842106,0.6526315789473685,0.7315789473684211,0.7578947368421053,0.7947368421052632,0.8368421052631579,0.8947368421052632,0.9263157894736842,0.9421052631578948,0.9578947368421052,0.9736842105263158,0.9789473684210527,0.9894736842105263,0.9894736842105263,0.9894736842105263,1.0,0.46499749801965345,0.3736842105263158,0.4473684210526316,0.5473684210526316,0.6157894736842106,0.6526315789473685,0.7315789473684211,0.7578947368421053,0.7947368421052632,0.8368421052631579,0.8947368421052632,0.9263157894736842,0.9421052631578948,0.9578947368421052,0.9736842105263158,0.9789473684210527,0.9894736842105263,0.9894736842105263,0.9894736842105263,1.0,0.5388172111521353,0.49650349650349646,0.5182926829268293,0.5875706214689266,0.6358695652173914,0.6595744680851064,0.7354497354497356,0.761904761904762,0.798941798941799,0.8368421052631579,0.8290598290598291,0.7704918032786885,0.6764705882352944,0.5555555555555551,0.375000000000001,0,0,0,0,1,0.8105263157894737
storm_NaiveBayes_NoSelection_NoSampling_noCostSensitive_4.csv,NaiveBayes,NoSelection,NoSampling,noCostSensitive,0,0.551948051948052,0.4871060171919771,0.517503805175038,0.5684543346549803,0.8019390719516079,0.5938225231475943,0.25457808794093073,0.34097421203438394,0.42406876790830944,0.4670487106017192,0.501432664756447,0.5415472779369628,0.5816618911174785,0.6332378223495702,0.7363896848137536,0.7936962750716332,0.839541547277937,0.9083094555873925,0.9541547277936963,0.9770773638968482,0.9914040114613181,0.9914040114613181,0.9914040114613181,0.9914040114613181,0.997134670487106,1.0,0.2524914216256896,0.34097421203438394,0.42406876790830944,0.4670487106017192,0.501432664756447,0.5415472779369628,0.5816618911174785,0.6332378223495702,0.7363896848137536,0.7936962750716332,0.839541547277937,0.9083094555873925,0.9541547277936963,0.9770773638968482,0.9914040114613181,0.9914040114613181,0.9914040114613181,0.9914040114613181,0.997134670487106,1.0,0.46795929832312777,0.476,0.5016949152542373,0.5109717868338559,0.5223880597014925,0.5510204081632653,0.585014409221902,0.6350574712643677,0.7385057471264367,0.6666666666666666,0.5213675213675213,0.49999999999999967,0.5555555555555554,0.5555555555555565,0.5714285714285714,0.0,0,0,0.0,1,0.77167847986729
storm_NaiveBayes_NoSelection_NoSampling_noCostSensitive_5.csv,NaiveBayes,NoSelection,NoSampling,noCostSensitive,0,0.9003831417624522,0.2153987167736022,0.34763313609467456,0.9097204141700423,0.8413395127870801,0.3459255644069398,0.0862332876372578,0.20458715596330276,0.2467889908256881,0.28073394495412846,0.4596330275229358,0.6045871559633027,0.6981651376146789,0.7844036697247706,0.8587155963302753,0.9045871559633027,0.9302752293577982,0.9513761467889909,0.9697247706422019,0.9779816513761468,0.9779816513761468,0.9779816513761468,0.9779816513761468,0.9853211009174312,0.9935779816513761,1.0,0.10526315789473684,0.20458715596330276,0.2467889908256881,0.28073394495412846,0.4596330275229358,0.6045871559633027,0.6981651376146789,0.7844036697247706,0.8587155963302753,0.9045871559633027,0.9302752293577982,0.9513761467889909,0.9697247706422019,0.9779816513761468,0.9779816513761468,0.9779816513761468,0.9779816513761468,0.9853211009174312,0.9935779816513761,1.0,0.1108497500735078,0.10614525139664788,0,0,0,0,0,0,0,0,0,0,0,0,0,0,1,1,0,0.0,0.7781265089328827
storm_NaiveBayes_NoSelection_NoSampling_noCostSensitive_6.csv,NaiveBayes,NoSelection,NoSampling,noCostSensitive,6,0.16666666666666666,0.05128205128205128,0.0784313725490196,0.13672388217842765,0.9923869564415934,0.09752652672092653,0.07872933232438241,0.20512820512820512,0.28205128205128205,0.38461538461538464,0.41025641025641024,0.48717948717948717,0.5897435897435898,0.6153846153846154,0.6923076923076923,0.7692307692307693,0.8205128205128205,0.9487179487179487,0.9743589743589743,0.9743589743589743,1.0,1.0,1.0,1.0,1.0,1.0,0.5600539811066126,0.20512820512820512,0.28205128205128205,0.38461538461538464,0.41025641025641024,0.48717948717948717,0.5897435897435898,0.6153846153846154,0.6923076923076923,0.7692307692307693,0.8205128205128205,0.9487179487179487,0.9743589743589743,0.9743589743589743,1.0,1.0,1.0,1.0,1.0,1.0,0.7449392712550607,0.20512820512820507,0.28205128205128205,0.3846153846153846,0.41025641025641024,0.4871794871794872,0.5897435897435898,0.6153846153846154,0.6923076923076923,0.7692307692307693,0.8205128205128205,0.9487179487179487,0.9743589743589743,0.9743589743589743,1.0,1.0,1.0,1.0,1.0,1,0.7449392712550607
storm_NaiveBayes_NoSelection_NoSampling_noCostSensitive_7.csv,NaiveBayes,NoSelection,NoSampling,noCostSensitive,4,0,0.0,0.0,0.003239946636173051,1.0,0.0,0,0.0392156862745098,0.09803921568627451,0.29411764705882354,0.35294117647058826,0.4117647058823529,0.47058823529411764,0.5686274509803921,0.6274509803921569,0.7254901960784313,0.803921568627451,0.8431372549019608,0.8823529411764706,0.9215686274509803,0.9803921568627451,1.0,1.0,1.0,1.0,1.0,0.33516428642764406,0.0392156862745098,0.09803921568627451,0.29411764705882354,0.35294117647058826,0.4117647058823529,0.47058823529411764,0.5686274509803921,0.6274509803921569,0.7254901960784313,0.803921568627451,0.8431372549019608,0.8823529411764706,0.9215686274509803,0.9803921568627451,1.0,1.0,1.0,1.0,1.0,0.6852425180598555,0.039215686274509776,0.0980392156862745,0.2941176470588236,0.3529411764705883,0.4117647058823529,0.47058823529411764,0.5686274509803921,0.6274509803921569,0.7254901960784313,0.803921568627451,0.8431372549019608,0.8823529411764706,0.9215686274509803,0.9803921568627451,1.0,1.0,1.0,1.0,1,0.6852425180598555
storm_NaiveBayes_NoSelection_NoSampling_noCostSensitive_8.csv,NaiveBayes,NoSelection,NoSampling,noCostSensitive,1,0.4642857142857143,0.20967741935483872,0.28888888888888886,0.430100411422827,0.9858731924360401,0.34596936407241224,0.29113777559372234,0.43548387096774194,0.43548387096774194,0.43548387096774194,0.43548387096774194,0.7258064516129032,0.7741935483870968,0.7903225806451613,0.8225806451612904,0.8548387096774194,0.8870967741935484,0.9193548387096774,0.9516129032258065,0.967741935483871,0.967741935483871,0.9838709677419355,0.9838709677419355,1.0,1.0,1.0,0.6921592838400988,0.43548387096774194,0.43548387096774194,0.43548387096774194,0.43548387096774194,0.7258064516129032,0.7741935483870968,0.7903225806451613,0.8225806451612904,0.8548387096774194,0.8870967741935484,0.9193548387096774,0.9516129032258065,0.967741935483871,0.967741935483871,0.9838709677419355,0.9838709677419355,1.0,1.0,1.0,0.8089983022071308,0.435483870967742,0.435483870967742,0.435483870967742,0.435483870967742,0.7258064516129032,0.7741935483870968,0.7903225806451613,0.8225806451612904,0.8548387096774194,0.8870967741935484,0.9193548387096774,0.9516129032258065,0.967741935483871,0.967741935483871,0.9838709677419355,0.9838709677419355,1.0,1.0,1,0.8089983022071308
storm_NaiveBayes_NoSelection_NoSampling_noCostSensitive_9.csv,NaiveBayes,NoSelection,NoSampling,noCostSensitive,19,0.11538461538461539,0.14634146341463414,0.12903225806451613,0.10617414628079364,0.968020238713025,0.25429493328682307,0.10316422535009695,0.14634146341463414,0.17073170731707318,0.1951219512195122,0.1951219512195122,0.1951219512195122,0.21951219512195122,0.3170731707317073,0.43902439024390244,0.5121951219512195,0.6097560975609756,0.6585365853658537,0.7073170731707317,0.8292682926829268,0.8780487804878049,0.926829268292683,0.975609756097561,0.975609756097561,0.975609756097561,1.0,0.46598202824133506,0.14634146341463414,0.17073170731707318,0.1951219512195122,0.1951219512195122,0.1951219512195122,0.21951219512195122,0.3170731707317073,0.43902439024390244,0.5121951219512195,0.6097560975609756,0.6585365853658537,0.7073170731707317,0.8292682926829268,0.8780487804878049,0.926829268292683,0.975609756097561,0.975609756097561,0.975609756097561,1.0,0.5750962772785622,0.14634146341463417,0.1707317073170732,0.19512195121951215,0.19512195121951215,0.19512195121951215,0.2195121951219512,0.3170731707317074,0.4390243902439024,0.5121951219512195,0.6097560975609756,0.6585365853658537,0.7073170731707317,0.8292682926829268,0.8780487804878049,0.926829268292683,0.975609756097561,0.975609756097561,0.975609756097561,1,0.5750962772785623
storm_NaiveBayes_NoSelection_NoSampling_yesCostSensitive_1.csv,NaiveBayes,NoSelection,NoSampling,yesCostSensitive,241,0.007326007326007326,0.008064516129032258,0.007677543186180422,0.03984603984603982,0.35428885630498536,0.015767456827201546,-0.6293515766214766,0.008097165991902834,0.13360323886639677,0.13765182186234817,0.1659919028340081,0.1902834008097166,0.22672064777327935,0.24696356275303644,0.2834008097165992,0.4534412955465587,0.6437246963562753,0.7813765182186235,0.8785425101214575,0.9392712550607287,0.9757085020242915,0.9919028340080972,1.0,1.0,1.0,1.0,0.04503889649304304,0.008097165991902834,0.13360323886639677,0.13765182186234817,0.1659919028340081,0.1902834008097166,0.22672064777327935,0.24696356275303644,0.2834008097165992,0.4534412955465587,0.6437246963562753,0.7813765182186235,0.8785425101214575,0.9392712550607287,0.9757085020242915,0.9919028340080972,1.0,1.0,1.0,1.0,0.04209488321034113,0.014184397163120477,0.19298245614035092,0.17801047120418845,0.19902912621359226,0.2155963302752294,0,0,0,0,0,0,0,0,0,0.0,0.0,0.0,0.0,0.0,0.581930534839122
storm_NaiveBayes_NoSelection_NoSampling_yesCostSensitive_10.csv,NaiveBayes,NoSelection,NoSampling,yesCostSensitive,0,0,0.0,0.0,0.0032872364543187487,1.0,0.0,0,0.20689655172413793,0.3103448275862069,0.39655172413793105,0.5172413793103449,0.603448275862069,0.7068965517241379,0.7586206896551724,0.8448275862068966,0.896551724137931,0.9137931034482759,0.9310344827586207,0.9310344827586207,0.9655172413793104,1.0,1.0,1.0,1.0,1.0,1.0,0.31488203266787657,0.20689655172413793,0.3103448275862069,0.39655172413793105,0.5172413793103449,0.603448275862069,0.7068965517241379,0.7586206896551724,0.8448275862068966,0.896551724137931,0.9137931034482759,0.9310344827586207,0.9310344827586207,0.9655172413793104,1.0,1.0,1.0,1.0,1.0,1.0,0.7885662431941923,0.2068965517241379,0.31034482758620685,0.39655172413793105,0.5172413793103449,0.603448275862069,0.7068965517241379,0.7586206896551724,0.8448275862068966,0.896551724137931,0.9137931034482759,0.9310344827586207,0.9310344827586207,0.9655172413793104,1.0,1.0,1.0,1.0,1.0,1,0.7885662431941923
storm_NaiveBayes_NoSelection_NoSampling_yesCostSensitive_11.csv,NaiveBayes,NoSelection,NoSampling,yesCostSensitive,0,0.5301204819277109,0.3283582089552239,0.4055299539170507,0.48855201060251313,0.9697283324584773,0.49115656604060526,0.37799099225357696,0.34328358208955223,0.3656716417910448,0.47761194029850745,0.47761194029850745,0.47761194029850745,0.5373134328358209,0.5671641791044776,0.753731343283582,0.8059701492537313,0.8208955223880597,0.8283582089552238,0.8656716417910447,0.9253731343283582,0.9701492537313433,1.0,1.0,1.0,1.0,1.0,0.6567164179104478,0.34328358208955223,0.3656716417910448,0.47761194029850745,0.47761194029850745,0.47761194029850745,0.5373134328358209,0.5671641791044776,0.753731343283582,0.8059701492537313,0.8208955223880597,0.8283582089552238,0.8656716417910447,0.9253731343283582,0.9701492537313433,1.0,1.0,1.0,1.0,1.0,0.7482325216025137,0.34328358208955223,0.36567164179104483,0.4776119402985075,0.4776119402985075,0.4776119402985075,0.5373134328358209,0.5671641791044776,0.753731343283582,0.8059701492537313,0.8208955223880597,0.8283582089552238,0.8656716417910447,0.9253731343283582,0.9701492537313433,1.0,1.0,1.0,1.0,1,0.7482325216025137
storm_NaiveBayes_NoSelection_NoSampling_yesCostSensitive_12.csv,NaiveBayes,NoSelection,NoSampling,yesCostSensitive,0,0.75,0.0234375,0.045454545454545456,0.7030461270670149,0.9994491466144376,0.04580093944069513,0.1251477755106781,0.5859375,0.6640625,0.765625,0.8203125,0.8359375,0.859375,0.8984375,0.90625,0.953125,0.96875,0.9765625,0.984375,1.0,1.0,1.0,1.0,1.0,1.0,1.0,0.6707236842105263,0.5859375,0.6640625,0.765625,0.8203125,0.8359375,0.859375,0.8984375,0.90625,0.953125,0.96875,0.9765625,0.984375,1.0,1.0,1.0,1.0,1.0,1.0,1.0,0.90625,0.5859375,0.6640625,0.765625,0.8203125,0.8359375,0.859375,0.8984375,0.90625,0.953125,0.96875,0.9765625,0.984375,1.0,1.0,1.0,1.0,1.0,1.0,1,0.90625
storm_NaiveBayes_NoSelection_NoSampling_yesCostSensitive_13.csv,NaiveBayes,NoSelection,NoSampling,yesCostSensitive,1,0.3793103448275862,0.14102564102564102,0.205607476635514,0.35899478357781844,0.988639446013435,0.24684540916120015,0.20974094457819328,0.48717948717948717,0.8205128205128205,0.9230769230769231,0.9230769230769231,0.9230769230769231,0.9358974358974359,0.9615384615384616,0.9615384615384616,0.9743589743589743,0.9743589743589743,0.9743589743589743,0.9743589743589743,0.9743589743589743,1.0,1.0,1.0,1.0,1.0,1.0,0.9007287449392712,0.48717948717948717,0.8205128205128205,0.9230769230769231,0.9230769230769231,0.9230769230769231,0.9358974358974359,0.9615384615384616,0.9615384615384616,0.9743589743589743,0.9743589743589743,0.9743589743589743,0.9743589743589743,0.9743589743589743,1.0,1.0,1.0,1.0,1.0,1.0,0.9372469635627529,0.4871794871794872,0.8205128205128205,0.9230769230769231,0.9230769230769231,0.9230769230769231,0.9358974358974359,0.9615384615384616,0.9615384615384616,0.9743589743589743,0.9743589743589743,0.9743589743589743,0.9743589743589743,0.9743589743589743,1.0,1.0,1.0,1.0,1.0,1,0.9372469635627529
storm_NaiveBayes_NoSelection_NoSampling_yesCostSensitive_14.csv,NaiveBayes,NoSelection,NoSampling,yesCostSensitive,16,0.058823529411764705,0.0196078431372549,0.029411764705882353,0.049532306171793654,0.9909379699060934,0.03845547985665341,0.019717707772642867,0.11764705882352941,0.1568627450980392,0.1568627450980392,0.17647058823529413,0.2549019607843137,0.3137254901960784,0.3333333333333333,0.49019607843137253,0.5098039215686274,0.5490196078431373,0.6666666666666666,0.7450980392156863,0.8431372549019608,0.8823529411764706,0.9607843137254902,0.9803921568627451,0.9803921568627451,0.9803921568627451,1.0,0.496333713540818,0.11764705882352941,0.1568627450980392,0.1568627450980392,0.17647058823529413,0.2549019607843137,0.3137254901960784,0.3333333333333333,0.49019607843137253,0.5098039215686274,0.5490196078431373,0.6666666666666666,0.7450980392156863,0.8431372549019608,0.8823529411764706,0.9607843137254902,0.9803921568627451,0.9803921568627451,0.9803921568627451,1.0,0.5823692357829559,0.11764705882352944,0.1568627450980392,0.1568627450980392,0.17647058823529416,0.2549019607843137,0.3137254901960784,0.33333333333333326,0.4901960784313726,0.5098039215686274,0.5490196078431373,0.6666666666666666,0.7450980392156863,0.8431372549019608,0.8823529411764706,0.9607843137254902,0.9803921568627451,0.9803921568627451,0.9473684210526314,1,0.5841073271413828
storm_NaiveBayes_NoSelection_NoSampling_yesCostSensitive_15.csv,NaiveBayes,NoSelection,NoSampling,yesCostSensitive,2,0.24390243902439024,0.16393442622950818,0.19607843137254902,0.2334345794251215,0.983163047406288,0.2810656177364562,0.1801157702539606,0.18032786885245902,0.29508196721311475,0.29508196721311475,0.29508196721311475,0.639344262295082,0.7540983606557377,0.7540983606557377,0.7540983606557377,0.7540983606557377,0.7868852459016393,0.7868852459016393,0.8032786885245902,0.8524590163934426,0.8524590163934426,0.9180327868852459,0.9836065573770492,0.9836065573770492,0.9836065573770492,1.0,0.7037196817179561,0.18032786885245902,0.29508196721311475,0.29508196721311475,0.29508196721311475,0.639344262295082,0.7540983606557377,0.7540983606557377,0.7540983606557377,0.7540983606557377,0.7868852459016393,0.7868852459016393,0.8032786885245902,0.8524590163934426,0.8524590163934426,0.9180327868852459,0.9836065573770492,0.9836065573770492,0.9836065573770492,1.0,0.71752468603202,0.180327868852459,0.29508196721311475,0.29508196721311475,0.29508196721311475,0.639344262295082,0.7540983606557377,0.7540983606557377,0.7540983606557377,0.7540983606557377,0.7868852459016393,0.7868852459016393,0.8032786885245902,0.8524590163934426,0.8524590163934426,0.9180327868852459,0.9836065573770492,0.9836065573770492,0.9444444444444444,1,0.7195858498705782
storm_NaiveBayes_NoSelection_NoSampling_yesCostSensitive_16.csv,NaiveBayes,NoSelection,NoSampling,yesCostSensitive,3,0.3076923076923077,0.5,0.38095238095238093,0.29781598180032126,0.9824100719424465,0.6618004866180048,0.3775718273996086,0.45,0.575,0.575,0.575,0.725,0.8,0.85,0.9,0.9,0.925,0.925,0.925,0.95,0.95,1.0,1.0,1.0,1.0,1.0,0.7973684210526316,0.45,0.575,0.575,0.575,0.725,0.8,0.85,0.9,0.9,0.925,0.925,0.925,0.95,0.95,1.0,1.0,1.0,1.0,1.0,0.8434210526315788,0.44999999999999996,0.575,0.575,0.575,0.725,0.8,0.85,0.9,0.9,0.925,0.925,0.925,0.95,0.95,1.0,1.0,1.0,1.0,1,0.8434210526315788
storm_NaiveBayes_NoSelection_NoSampling_yesCostSensitive_17.csv,NaiveBayes,NoSelection,NoSampling,yesCostSensitive,0,0,0.0,0.0,0.0011550802139037432,1.0,0.0,0,0.07407407407407407,0.1111111111111111,0.1111111111111111,0.1111111111111111,0.2222222222222222,0.25925925925925924,0.2962962962962963,0.4444444444444444,0.5185185185185185,0.6296296296296297,0.6666666666666666,0.6666666666666666,0.7407407407407407,0.7777777777777778,0.8888888888888888,0.9629629629629629,1.0,1.0,1.0,0.6120857699805068,0.07407407407407407,0.1111111111111111,0.1111111111111111,0.1111111111111111,0.2222222222222222,0.25925925925925924,0.2962962962962963,0.4444444444444444,0.5185185185185185,0.6296296296296297,0.6666666666666666,0.6666666666666666,0.7407407407407407,0.7777777777777778,0.8888888888888888,0.9629629629629629,1.0,1.0,1.0,0.5516569200779727,0.07407407407407407,0.11111111111111116,0.11111111111111116,0.11111111111111116,0.2222222222222222,0.2592592592592593,0.2962962962962963,0.4444444444444444,0.5185185185185185,0.6296296296296297,0.6666666666666666,0.6666666666666666,0.7407407407407407,0.7777777777777778,0.8888888888888888,0.9629629629629629,1.0,1.0,1,0.5516569200779727
storm_NaiveBayes_NoSelection_NoSampling_yesCostSensitive_2.csv,NaiveBayes,NoSelection,NoSampling,yesCostSensitive,21,0.0,0,0.0,0.0,0.0,0.0,0,0,0,0,0,0,0,0,0,0,0,0,0,0,0,0,0,0,0,0,1.0,0,0,0,0,0,0,0,0,0,0,0,0,0,0,0,0,0,0,0,1.0,1,1,1,1,1,1,1,1,1,1,1,1,1,1,1,1,1,1,1,0.0
storm_NaiveBayes_NoSelection_NoSampling_yesCostSensitive_3.csv,NaiveBayes,NoSelection,NoSampling,yesCostSensitive,0,0.21888412017167383,0.8052631578947368,0.344206974128234,0.4573055908359221,0.7643814951391219,0.22470984381716574,-0.07684811759331812,0.30526315789473685,0.4052631578947368,0.49473684210526314,0.6052631578947368,0.6578947368421053,0.7368421052631579,0.7789473684210526,0.8315789473684211,0.8789473684210526,0.9052631578947369,0.9210526315789473,0.9421052631578948,0.9578947368421052,0.9736842105263158,0.9789473684210527,0.9894736842105263,0.9894736842105263,0.9894736842105263,1.0,0.46499749801965345,0.30526315789473685,0.4052631578947368,0.49473684210526314,0.6052631578947368,0.6578947368421053,0.7368421052631579,0.7789473684210526,0.8315789473684211,0.8789473684210526,0.9052631578947369,0.9210526315789473,0.9421052631578948,0.9578947368421052,0.9736842105263158,0.9789473684210527,0.9894736842105263,0.9894736842105263,0.9894736842105263,1.0,0.5337940917302718,0.4055944055944056,0.4695121951219512,0.5310734463276836,0.625,0.6648936170212767,0.7407407407407407,0.783068783068783,0.835978835978836,0.8789473684210526,0.8461538461538463,0.7540983606557377,0.6764705882352944,0.5555555555555551,0.375000000000001,0,0,0,0,1,0.8074792243767313
storm_NaiveBayes_NoSelection_NoSampling_yesCostSensitive_4.csv,NaiveBayes,NoSelection,NoSampling,yesCostSensitive,0,0.5730027548209367,0.5959885386819485,0.5842696629213483,0.5356456680080062,0.7944573782234955,0.6565868252248469,0.32449340081143624,0.39255014326647564,0.5243553008595988,0.6332378223495702,0.7020057306590258,0.7822349570200573,0.836676217765043,0.8681948424068768,0.8796561604584527,0.9111747851002865,0.9340974212034384,0.9541547277936963,0.9656160458452722,0.9770773638968482,0.9914040114613181,0.9914040114613181,0.9914040114613181,0.9914040114613181,0.997134670487106,1.0,0.2524914216256896,0.39255014326647564,0.5243553008595988,0.6332378223495702,0.7020057306590258,0.7822349570200573,0.836676217765043,0.8681948424068768,0.8796561604584527,0.9111747851002865,0.9340974212034384,0.9541547277936963,0.9656160458452722,0.9770773638968482,0.9914040114613181,0.9914040114613181,0.9914040114613181,0.9914040114613181,0.997134670487106,1.0,0.5888940658723777,0.548,0.6203389830508474,0.6927899686520376,0.7313432835820897,0.7959183673469388,0.8414985590778098,0.8706896551724138,0.882183908045977,0.8591549295774648,0.8034188034188035,0.7499999999999998,0.6666666666666663,0.5555555555555565,0.5714285714285714,0.0,0,0,0.0,1,0.8591464334187905
storm_NaiveBayes_NoSelection_NoSampling_yesCostSensitive_5.csv,NaiveBayes,NoSelection,NoSampling,yesCostSensitive,0,0.8972222222222223,0.29605866177818513,0.44521019986216404,0.9088612719193206,0.835999190990735,0.4359258478231697,0.10117378226963825,0.355045871559633,0.4972477064220184,0.6229357798165137,0.7137614678899082,0.7834862385321101,0.8339449541284404,0.8752293577981651,0.9027522935779817,0.926605504587156,0.9376146788990826,0.9513761467889909,0.9697247706422019,0.9834862385321101,0.9834862385321101,0.9834862385321101,0.9834862385321101,0.9853211009174312,0.9935779816513761,1.0,0.10526315789473684,0.355045871559633,0.4972477064220184,0.6229357798165137,0.7137614678899082,0.7834862385321101,0.8339449541284404,0.8752293577981651,0.9027522935779817,0.926605504587156,0.9376146788990826,0.9513761467889909,0.9697247706422019,0.9834862385321101,0.9834862385321101,0.9834862385321101,0.9834862385321101,0.9853211009174312,0.9935779816513761,1.0,0.25562518057363204,0.5642458100558658,0.411522633744856,0.3735632183908043,0.32812499999999956,0.29166666666666663,0.24285714285714266,0.24489795918367363,0.19999999999999996,0.20000000000000073,0,0,0,0,0,0,1,1,0,0.0,0.8569773056494446
storm_NaiveBayes_NoSelection_NoSampling_yesCostSensitive_6.csv,NaiveBayes,NoSelection,NoSampling,yesCostSensitive,6,0.15384615384615385,0.05128205128205128,0.07692307692307693,0.13977537613901247,0.9923869564415934,0.09752305572241264,0.07443367423348425,0.20512820512820512,0.28205128205128205,0.38461538461538464,0.41025641025641024,0.48717948717948717,0.5897435897435898,0.6153846153846154,0.6923076923076923,0.7692307692307693,0.8205128205128205,0.9487179487179487,0.9743589743589743,0.9743589743589743,1.0,1.0,1.0,1.0,1.0,1.0,0.5600539811066126,0.20512820512820512,0.28205128205128205,0.38461538461538464,0.41025641025641024,0.48717948717948717,0.5897435897435898,0.6153846153846154,0.6923076923076923,0.7692307692307693,0.8205128205128205,0.9487179487179487,0.9743589743589743,0.9743589743589743,1.0,1.0,1.0,1.0,1.0,1.0,0.7449392712550607,0.20512820512820507,0.28205128205128205,0.3846153846153846,0.41025641025641024,0.4871794871794872,0.5897435897435898,0.6153846153846154,0.6923076923076923,0.7692307692307693,0.8205128205128205,0.9487179487179487,0.9743589743589743,0.9743589743589743,1.0,1.0,1.0,1.0,1.0,1,0.7449392712550607
storm_NaiveBayes_NoSelection_NoSampling_yesCostSensitive_7.csv,NaiveBayes,NoSelection,NoSampling,yesCostSensitive,4,0,0.0,0.0,0.003239946636173051,1.0,0.0,0,0.0392156862745098,0.09803921568627451,0.29411764705882354,0.35294117647058826,0.4117647058823529,0.47058823529411764,0.5686274509803921,0.6274509803921569,0.7254901960784313,0.803921568627451,0.8431372549019608,0.8823529411764706,0.9215686274509803,0.9803921568627451,1.0,1.0,1.0,1.0,1.0,0.33516428642764406,0.0392156862745098,0.09803921568627451,0.29411764705882354,0.35294117647058826,0.4117647058823529,0.47058823529411764,0.5686274509803921,0.6274509803921569,0.7254901960784313,0.803921568627451,0.8431372549019608,0.8823529411764706,0.9215686274509803,0.9803921568627451,1.0,1.0,1.0,1.0,1.0,0.6852425180598555,0.039215686274509776,0.0980392156862745,0.2941176470588236,0.3529411764705883,0.4117647058823529,0.47058823529411764,0.5686274509803921,0.6274509803921569,0.7254901960784313,0.803921568627451,0.8431372549019608,0.8823529411764706,0.9215686274509803,0.9803921568627451,1.0,1.0,1.0,1.0,1,0.6852425180598555
storm_NaiveBayes_NoSelection_NoSampling_yesCostSensitive_8.csv,NaiveBayes,NoSelection,NoSampling,yesCostSensitive,1,0.5,0.25806451612903225,0.3404255319148936,0.45243026716782997,0.9855024100852801,0.4092144685410425,0.3382784941839716,0.5967741935483871,0.5967741935483871,0.5967741935483871,0.5967741935483871,0.7258064516129032,0.7741935483870968,0.7903225806451613,0.8225806451612904,0.8548387096774194,0.8870967741935484,0.9193548387096774,0.9516129032258065,0.967741935483871,0.967741935483871,0.9838709677419355,0.9838709677419355,1.0,1.0,1.0,0.6921592838400988,0.5967741935483871,0.5967741935483871,0.5967741935483871,0.5967741935483871,0.7258064516129032,0.7741935483870968,0.7903225806451613,0.8225806451612904,0.8548387096774194,0.8870967741935484,0.9193548387096774,0.9516129032258065,0.967741935483871,0.967741935483871,0.9838709677419355,0.9838709677419355,1.0,1.0,1.0,0.8429541595925297,0.5967741935483871,0.5967741935483871,0.5967741935483871,0.5967741935483871,0.7258064516129032,0.7741935483870968,0.7903225806451613,0.8225806451612904,0.8548387096774194,0.8870967741935484,0.9193548387096774,0.9516129032258065,0.967741935483871,0.967741935483871,0.9838709677419355,0.9838709677419355,1.0,1.0,1,0.8429541595925297
storm_NaiveBayes_NoSelection_NoSampling_yesCostSensitive_9.csv,NaiveBayes,NoSelection,NoSampling,yesCostSensitive,19,0.12727272727272726,0.17073170731707318,0.14583333333333334,0.1026402406979372,0.9658633886870781,0.29027113237639557,0.12041578999634854,0.14634146341463414,0.1951219512195122,0.21951219512195122,0.21951219512195122,0.21951219512195122,0.21951219512195122,0.3170731707317073,0.43902439024390244,0.5121951219512195,0.6097560975609756,0.6585365853658537,0.7073170731707317,0.8292682926829268,0.8780487804878049,0.926829268292683,0.975609756097561,0.975609756097561,0.975609756097561,1.0,0.46598202824133506,0.14634146341463414,0.1951219512195122,0.21951219512195122,0.21951219512195122,0.21951219512195122,0.21951219512195122,0.3170731707317073,0.43902439024390244,0.5121951219512195,0.6097560975609756,0.6585365853658537,0.7073170731707317,0.8292682926829268,0.8780487804878049,0.926829268292683,0.975609756097561,0.975609756097561,0.975609756097561,1.0,0.5802310654685494,0.14634146341463417,0.19512195121951215,0.2195121951219512,0.2195121951219512,0.2195121951219512,0.2195121951219512,0.3170731707317074,0.4390243902439024,0.5121951219512195,0.6097560975609756,0.6585365853658537,0.7073170731707317,0.8292682926829268,0.8780487804878049,0.926829268292683,0.975609756097561,0.975609756097561,0.975609756097561,1,0.5802310654685494
storm_NaiveBayes_NoSelection_SMOTE_noCostSensitive_1.csv,NaiveBayes,NoSelection,SMOTE,noCostSensitive,241,0.007326007326007326,0.008064516129032258,0.007677543186180422,0.03984603984603982,0.35428885630498536,0.015767456827201546,-0.6293515766214766,0.008097165991902834,0.13360323886639677,0.13765182186234817,0.1659919028340081,0.1902834008097166,0.22672064777327935,0.24696356275303644,0.2834008097165992,0.4534412955465587,0.6437246963562753,0.7813765182186235,0.8785425101214575,0.9392712550607287,0.9757085020242915,0.9919028340080972,1.0,1.0,1.0,1.0,0.04503889649304304,0.008097165991902834,0.13360323886639677,0.13765182186234817,0.1659919028340081,0.1902834008097166,0.22672064777327935,0.24696356275303644,0.2834008097165992,0.4534412955465587,0.6437246963562753,0.7813765182186235,0.8785425101214575,0.9392712550607287,0.9757085020242915,0.9919028340080972,1.0,1.0,1.0,1.0,0.04209488321034113,0.014184397163120477,0.19298245614035092,0.17801047120418845,0.19902912621359226,0.2155963302752294,0,0,0,0,0,0,0,0,0,0.0,0.0,0.0,0.0,0.0,0.581930534839122
storm_NaiveBayes_NoSelection_SMOTE_noCostSensitive_10.csv,NaiveBayes,NoSelection,SMOTE,noCostSensitive,0,1.0,0.017241379310344827,0.03389830508474576,0.9123781455452279,1.0,0.03389830508474576,0.12895078397331264,0.20689655172413793,0.29310344827586204,0.39655172413793105,0.5172413793103449,0.603448275862069,0.7068965517241379,0.7586206896551724,0.8448275862068966,0.896551724137931,0.9137931034482759,0.9310344827586207,0.9655172413793104,0.9827586206896551,0.9827586206896551,0.9827586206896551,1.0,1.0,1.0,1.0,0.5571687840290381,0.20689655172413793,0.29310344827586204,0.39655172413793105,0.5172413793103449,0.603448275862069,0.7068965517241379,0.7586206896551724,0.8448275862068966,0.896551724137931,0.9137931034482759,0.9310344827586207,0.9655172413793104,0.9827586206896551,0.9827586206896551,0.9827586206896551,1.0,1.0,1.0,1.0,0.7885662431941923,0.2068965517241379,0.2931034482758621,0.39655172413793105,0.5172413793103449,0.603448275862069,0.7068965517241379,0.7586206896551724,0.8448275862068966,0.896551724137931,0.9137931034482759,0.9310344827586207,0.9655172413793104,0.9827586206896551,0.9827586206896551,0.9827586206896551,1.0,1.0,1.0,1,0.7885662431941923
storm_NaiveBayes_NoSelection_SMOTE_noCostSensitive_11.csv,NaiveBayes,NoSelection,SMOTE,noCostSensitive,0,0.6283185840707964,0.5298507462686567,0.5748987854251012,0.5821304644633133,0.9735017678693458,0.6858727296105925,0.5428692445214943,0.5149253731343284,0.5298507462686567,0.5373134328358209,0.5373134328358209,0.5373134328358209,0.5447761194029851,0.5970149253731343,0.753731343283582,0.8059701492537313,0.8208955223880597,0.835820895522388,0.8656716417910447,0.9253731343283582,0.9776119402985075,1.0,1.0,1.0,1.0,1.0,0.7300153368495866,0.5149253731343284,0.5298507462686567,0.5373134328358209,0.5373134328358209,0.5373134328358209,0.5447761194029851,0.5970149253731343,0.753731343283582,0.8059701492537313,0.8208955223880597,0.835820895522388,0.8656716417910447,0.9253731343283582,0.9776119402985075,1.0,1.0,1.0,1.0,1.0,0.7780832678711704,0.5149253731343284,0.5298507462686567,0.5373134328358209,0.5373134328358209,0.5373134328358209,0.5447761194029851,0.5970149253731343,0.753731343283582,0.8059701492537313,0.8208955223880597,0.835820895522388,0.8656716417910447,0.9253731343283582,0.9776119402985075,1.0,1.0,1.0,1.0,1,0.7780832678711704
storm_NaiveBayes_NoSelection_SMOTE_noCostSensitive_12.csv,NaiveBayes,NoSelection,SMOTE,noCostSensitive,0,0.9824561403508771,0.4375,0.6054054054054054,0.9008132722025809,0.9996852266368215,0.6085919435317027,0.6421392008558628,0.5859375,0.6796875,0.765625,0.8203125,0.8359375,0.859375,0.8984375,0.90625,0.953125,0.96875,0.984375,0.984375,1.0,1.0,1.0,1.0,1.0,1.0,1.0,0.75,0.5859375,0.6796875,0.765625,0.8203125,0.8359375,0.859375,0.8984375,0.90625,0.953125,0.96875,0.984375,0.984375,1.0,1.0,1.0,1.0,1.0,1.0,1.0,0.907483552631579,0.5859375,0.6796875,0.765625,0.8203125,0.8359375,0.859375,0.8984375,0.90625,0.953125,0.96875,0.984375,0.984375,1.0,1.0,1.0,1.0,1.0,1.0,1,0.907483552631579
storm_NaiveBayes_NoSelection_SMOTE_noCostSensitive_13.csv,NaiveBayes,NoSelection,SMOTE,noCostSensitive,0,0.6274509803921569,0.41025641025641024,0.49612403100775193,0.5800773245306362,0.9883841526654219,0.5798001004061886,0.48865188277263155,0.48717948717948717,0.7435897435897436,0.9102564102564102,0.9102564102564102,0.9102564102564102,0.9358974358974359,0.9615384615384616,0.9615384615384616,0.9743589743589743,0.9743589743589743,0.9743589743589743,0.9743589743589743,0.9743589743589743,1.0,1.0,1.0,1.0,1.0,1.0,0.9190283400809716,0.48717948717948717,0.7435897435897436,0.9102564102564102,0.9102564102564102,0.9102564102564102,0.9358974358974359,0.9615384615384616,0.9615384615384616,0.9743589743589743,0.9743589743589743,0.9743589743589743,0.9743589743589743,0.9743589743589743,1.0,1.0,1.0,1.0,1.0,1.0,0.9311740890688259,0.4871794871794872,0.7435897435897436,0.9102564102564102,0.9102564102564102,0.9102564102564102,0.9358974358974359,0.9615384615384616,0.9615384615384616,0.9743589743589743,0.9743589743589743,0.9743589743589743,0.9743589743589743,0.9743589743589743,1.0,1.0,1.0,1.0,1.0,1,0.9311740890688259
storm_NaiveBayes_NoSelection_SMOTE_noCostSensitive_14.csv,NaiveBayes,NoSelection,SMOTE,noCostSensitive,0,0.2727272727272727,0.11764705882352941,0.1643835616438356,0.2525903889090208,0.9917246736175426,0.21034492043404507,0.16553761237213757,0.11764705882352941,0.1568627450980392,0.1568627450980392,0.21568627450980393,0.2549019607843137,0.29411764705882354,0.35294117647058826,0.47058823529411764,0.47058823529411764,0.5098039215686274,0.6470588235294118,0.7450980392156863,0.8431372549019608,0.8823529411764706,0.9607843137254902,1.0,1.0,1.0,1.0,0.5101298136983324,0.11764705882352941,0.1568627450980392,0.1568627450980392,0.21568627450980393,0.2549019607843137,0.29411764705882354,0.35294117647058826,0.47058823529411764,0.47058823529411764,0.5098039215686274,0.6470588235294118,0.7450980392156863,0.8431372549019608,0.8823529411764706,0.9607843137254902,1.0,1.0,1.0,1.0,0.5830753353973168,0.11764705882352944,0.1568627450980392,0.1568627450980392,0.21568627450980393,0.2549019607843137,0.2941176470588236,0.3529411764705883,0.47058823529411764,0.47058823529411764,0.5098039215686274,0.6470588235294118,0.7450980392156863,0.8431372549019608,0.8823529411764706,0.9607843137254902,1.0,1.0,1.0,1,0.5830753353973168
storm_NaiveBayes_NoSelection_SMOTE_noCostSensitive_15.csv,NaiveBayes,NoSelection,SMOTE,noCostSensitive,0,0.5441176470588235,0.6065573770491803,0.5736434108527132,0.5081430280454426,0.9882551989224352,0.750631075228297,0.560764040022053,0.5901639344262295,0.639344262295082,0.639344262295082,0.639344262295082,0.6721311475409836,0.7377049180327869,0.7540983606557377,0.7540983606557377,0.7868852459016393,0.7868852459016393,0.7868852459016393,0.8032786885245902,0.8360655737704918,0.8524590163934426,0.9180327868852459,0.9836065573770492,0.9836065573770492,0.9836065573770492,1.0,0.813632441760138,0.5901639344262295,0.639344262295082,0.639344262295082,0.639344262295082,0.6721311475409836,0.7377049180327869,0.7540983606557377,0.7540983606557377,0.7868852459016393,0.7868852459016393,0.7868852459016393,0.8032786885245902,0.8360655737704918,0.8524590163934426,0.9180327868852459,0.9836065573770492,0.9836065573770492,0.9836065573770492,1.0,0.7951778352986291,0.5901639344262295,0.639344262295082,0.639344262295082,0.639344262295082,0.6721311475409836,0.7377049180327869,0.7540983606557377,0.7540983606557377,0.7868852459016393,0.7868852459016393,0.7868852459016393,0.8032786885245902,0.8360655737704918,0.8524590163934426,0.9180327868852459,0.9836065573770492,0.9836065573770492,0.9444444444444444,1,0.7972389991371872
storm_NaiveBayes_NoSelection_SMOTE_noCostSensitive_16.csv,NaiveBayes,NoSelection,SMOTE,noCostSensitive,0,0.35365853658536583,0.725,0.47540983606557374,0.3490993364898341,0.9841966426858508,0.8314649546721226,0.49360495350659267,0.65,0.775,0.775,0.775,0.8,0.825,0.85,0.9,0.9,0.925,0.925,0.925,0.95,0.95,1.0,1.0,1.0,1.0,1.0,0.881578947368421,0.65,0.775,0.775,0.775,0.8,0.825,0.85,0.9,0.9,0.925,0.925,0.925,0.95,0.95,1.0,1.0,1.0,1.0,1.0,0.8907894736842106,0.65,0.775,0.775,0.775,0.8,0.825,0.85,0.9,0.9,0.925,0.925,0.925,0.95,0.95,1.0,1.0,1.0,1.0,1,0.8907894736842106
storm_NaiveBayes_NoSelection_SMOTE_noCostSensitive_17.csv,NaiveBayes,NoSelection,SMOTE,noCostSensitive,0,0,0.0,0.0,0.0011550802139037432,1.0,0.0,0,0.07407407407407407,0.1111111111111111,0.1111111111111111,0.1111111111111111,0.2222222222222222,0.25925925925925924,0.2962962962962963,0.4444444444444444,0.5185185185185185,0.6296296296296297,0.6666666666666666,0.6666666666666666,0.7407407407407407,0.8148148148148148,0.9259259259259259,0.9629629629629629,1.0,1.0,1.0,0.5899122807017543,0.07407407407407407,0.1111111111111111,0.1111111111111111,0.1111111111111111,0.2222222222222222,0.25925925925925924,0.2962962962962963,0.4444444444444444,0.5185185185185185,0.6296296296296297,0.6666666666666666,0.6666666666666666,0.7407407407407407,0.8148148148148148,0.9259259259259259,0.9629629629629629,1.0,1.0,1.0,0.5555555555555556,0.07407407407407407,0.11111111111111116,0.11111111111111116,0.11111111111111116,0.2222222222222222,0.2592592592592593,0.2962962962962963,0.4444444444444444,0.5185185185185185,0.6296296296296297,0.6666666666666666,0.6666666666666666,0.7407407407407407,0.8148148148148148,0.9259259259259259,0.9629629629629629,1.0,1.0,1,0.5555555555555556
storm_NaiveBayes_NoSelection_SMOTE_noCostSensitive_2.csv,NaiveBayes,NoSelection,SMOTE,noCostSensitive,21,0.0,0,0.0,0.0,0.0,0.0,0,0,0,0,0,0,0,0,0,0,0,0,0,0,0,0,0,0,0,0,1.0,0,0,0,0,0,0,0,0,0,0,0,0,0,0,0,0,0,0,0,1.0,1,1,1,1,1,1,1,1,1,1,1,1,1,1,1,1,1,1,1,0.0
storm_NaiveBayes_NoSelection_SMOTE_noCostSensitive_3.csv,NaiveBayes,NoSelection,SMOTE,noCostSensitive,0,0.21963824289405684,0.8947368421052632,0.35269709543568467,0.38948481392105055,0.7337663426081124,0.07330219187926697,-0.12549792525164374,0.2857142857142857,0.38095238095238093,0.48677248677248675,0.5873015873015873,0.6666666666666666,0.7301587301587301,0.783068783068783,0.8306878306878307,0.8624338624338624,0.8835978835978836,0.9047619047619048,0.9153439153439153,0.9470899470899471,0.9682539682539683,0.9947089947089947,0.9947089947089947,0.9947089947089947,0.9947089947089947,1.0,0.4167627065084113,0.2857142857142857,0.38095238095238093,0.48677248677248675,0.5873015873015873,0.6666666666666666,0.7301587301587301,0.783068783068783,0.8306878306878307,0.8624338624338624,0.8835978835978836,0.9047619047619048,0.9153439153439153,0.9470899470899471,0.9682539682539683,0.9947089947089947,0.9947089947089947,0.9947089947089947,0.9947089947089947,1.0,0.45530895322372555,0.3776223776223776,0.4390243902439024,0.519774011299435,0.6032608695652175,0.6702127659574468,0.7301587301587301,0.783068783068783,0.8306878306878307,0.8578947368421053,0.8034188034188033,0.6885245901639343,0.5,0.38888888888888906,0.125000000000001,0.3333333333333287,0,0,0,0.0,0.8006126427179059
storm_NaiveBayes_NoSelection_SMOTE_noCostSensitive_4.csv,NaiveBayes,NoSelection,SMOTE,noCostSensitive,0,0.3778280542986425,0.9570200573065902,0.5417680454176804,0.48305102400159805,0.7973326567971983,0.08621151803353545,0.005084493698850943,0.40114613180515757,0.5444126074498568,0.6389684813753582,0.7335243553008596,0.7879656160458453,0.836676217765043,0.8653295128939829,0.8968481375358166,0.9140401146131805,0.9369627507163324,0.9570200573065902,0.9742120343839542,0.9828080229226361,0.9885386819484241,0.9885386819484241,0.9885386819484241,0.9885386819484241,0.997134670487106,1.0,0.3854860325971169,0.40114613180515757,0.5444126074498568,0.6389684813753582,0.7335243553008596,0.7879656160458453,0.836676217765043,0.8653295128939829,0.8968481375358166,0.9140401146131805,0.9369627507163324,0.9570200573065902,0.9742120343839542,0.9828080229226361,0.9885386819484241,0.9885386819484241,0.9885386819484241,0.9885386819484241,0.997134670487106,1.0,0.5981302286422954,0.5599999999999999,0.6440677966101696,0.6990595611285267,0.764179104477612,0.8017492711370262,0.8414985590778098,0.867816091954023,0.8994252873563218,0.8638497652582159,0.811965811965812,0.7656249999999998,0.7500000000000006,0.6666666666666674,0.4285714285714286,0,0,0,0.0,1,0.8642738651787061
storm_NaiveBayes_NoSelection_SMOTE_noCostSensitive_5.csv,NaiveBayes,NoSelection,SMOTE,noCostSensitive,0,0.9623655913978495,0.9844179651695693,0.9732668781150884,0.9534484779597006,0.9885705925132214,0.8843911846923961,0.8285056526005695,0.4871559633027523,0.6155963302752293,0.708256880733945,0.7770642201834862,0.8302752293577982,0.8688073394495412,0.8963302752293578,0.9192660550458716,0.9394495412844037,0.9559633027522936,0.9688073394495413,0.9788990825688073,0.9844036697247707,0.9871559633027523,0.9871559633027523,0.9871559633027523,0.9871559633027523,0.9935779816513761,1.0,0.10526315789473684,0.4871559633027523,0.6155963302752293,0.708256880733945,0.7770642201834862,0.8302752293577982,0.8688073394495412,0.8963302752293578,0.9192660550458716,0.9394495412844037,0.9559633027522936,0.9688073394495413,0.9788990825688073,0.9844036697247707,0.9871559633027523,0.9871559633027523,0.9871559633027523,0.9871559633027523,0.9935779816513761,1.0,0.5482604852993544,0.9664804469273743,0.9423868312757199,0.9080459770114943,0.8671874999999993,0.822916666666667,0.7857142857142851,0.7142857142857153,0.6499999999999985,0.6000000000000021,0.5333333333333323,0.39130434782609036,0.23529411764705754,0,0,0,1,1,0,0.0,0.8880251086431676
storm_NaiveBayes_NoSelection_SMOTE_noCostSensitive_6.csv,NaiveBayes,NoSelection,SMOTE,noCostSensitive,4,0.4444444444444444,0.20512820512820512,0.2807017543859649,0.36236300522818965,0.9932717653781636,0.34000646283102776,0.28918378000158756,0.20512820512820512,0.3076923076923077,0.38461538461538464,0.41025641025641024,0.48717948717948717,0.5641025641025641,0.5897435897435898,0.6923076923076923,0.7692307692307693,0.7948717948717948,0.9230769230769231,0.9743589743589743,0.9743589743589743,0.9743589743589743,0.9743589743589743,1.0,1.0,1.0,1.0,0.5708502024291499,0.20512820512820512,0.3076923076923077,0.38461538461538464,0.41025641025641024,0.48717948717948717,0.5641025641025641,0.5897435897435898,0.6923076923076923,0.7692307692307693,0.7948717948717948,0.9230769230769231,0.9743589743589743,0.9743589743589743,0.9743589743589743,0.9743589743589743,1.0,1.0,1.0,1.0,0.738191632928475,0.20512820512820507,0.3076923076923077,0.3846153846153846,0.41025641025641024,0.4871794871794872,0.5641025641025641,0.5897435897435898,0.6923076923076923,0.7692307692307693,0.7948717948717948,0.9230769230769231,0.9743589743589743,0.9743589743589743,0.9743589743589743,0.9743589743589743,1.0,1.0,1.0,1,0.738191632928475
storm_NaiveBayes_NoSelection_SMOTE_noCostSensitive_7.csv,NaiveBayes,NoSelection,SMOTE,noCostSensitive,4,0,0.0,0.0,0.003239946636173051,1.0,0.0,0,0.0784313725490196,0.21568627450980393,0.3137254901960784,0.37254901960784315,0.45098039215686275,0.5294117647058824,0.6078431372549019,0.6274509803921569,0.7647058823529411,0.803921568627451,0.8431372549019608,0.8823529411764706,0.9607843137254902,1.0,1.0,1.0,1.0,1.0,1.0,0.32910549618828855,0.0784313725490196,0.21568627450980393,0.3137254901960784,0.37254901960784315,0.45098039215686275,0.5294117647058824,0.6078431372549019,0.6274509803921569,0.7647058823529411,0.803921568627451,0.8431372549019608,0.8823529411764706,0.9607843137254902,1.0,1.0,1.0,1.0,1.0,1.0,0.7079463364293086,0.07843137254901955,0.21568627450980393,0.3137254901960784,0.37254901960784315,0.4509803921568627,0.5294117647058824,0.6078431372549019,0.6274509803921569,0.7647058823529411,0.803921568627451,0.8431372549019608,0.8823529411764706,0.9607843137254902,1.0,1.0,1.0,1.0,1.0,1,0.7079463364293086
storm_NaiveBayes_NoSelection_SMOTE_noCostSensitive_8.csv,NaiveBayes,NoSelection,SMOTE,noCostSensitive,1,0.6666666666666666,0.6129032258064516,0.6386554621848739,0.6224842295692788,0.988542825361513,0.755756947773774,0.6228433735918455,0.6612903225806451,0.6612903225806451,0.6612903225806451,0.6612903225806451,0.7096774193548387,0.7741935483870968,0.7903225806451613,0.8387096774193549,0.8548387096774194,0.8870967741935484,0.9193548387096774,0.9516129032258065,0.967741935483871,0.967741935483871,0.9838709677419355,0.9838709677419355,1.0,1.0,1.0,0.8014611308329475,0.6612903225806451,0.6612903225806451,0.6612903225806451,0.6612903225806451,0.7096774193548387,0.7741935483870968,0.7903225806451613,0.8387096774193549,0.8548387096774194,0.8870967741935484,0.9193548387096774,0.9516129032258065,0.967741935483871,0.967741935483871,0.9838709677419355,0.9838709677419355,1.0,1.0,1.0,0.8565365025466892,0.6612903225806451,0.6612903225806451,0.6612903225806451,0.6612903225806451,0.7096774193548387,0.7741935483870968,0.7903225806451613,0.8387096774193549,0.8548387096774194,0.8870967741935484,0.9193548387096774,0.9516129032258065,0.967741935483871,0.967741935483871,0.9838709677419355,0.9838709677419355,1.0,1.0,1,0.8565365025466892
storm_NaiveBayes_NoSelection_SMOTE_noCostSensitive_9.csv,NaiveBayes,NoSelection,SMOTE,noCostSensitive,0,0.16129032258064516,0.24390243902439024,0.1941747572815534,0.17318056317780142,0.9670634405812142,0.3894223032773695,0.17142599937380723,0.21951219512195122,0.24390243902439024,0.24390243902439024,0.24390243902439024,0.24390243902439024,0.24390243902439024,0.34146341463414637,0.43902439024390244,0.5121951219512195,0.6097560975609756,0.6585365853658537,0.7073170731707317,0.8292682926829268,0.8780487804878049,0.9512195121951219,0.975609756097561,0.975609756097561,1.0,1.0,0.5340179717586649,0.21951219512195122,0.24390243902439024,0.24390243902439024,0.24390243902439024,0.24390243902439024,0.24390243902439024,0.34146341463414637,0.43902439024390244,0.5121951219512195,0.6097560975609756,0.6585365853658537,0.7073170731707317,0.8292682926829268,0.8780487804878049,0.9512195121951219,0.975609756097561,0.975609756097561,1.0,1.0,0.5956354300385108,0.2195121951219512,0.24390243902439024,0.24390243902439024,0.24390243902439024,0.24390243902439024,0.24390243902439024,0.3414634146341464,0.4390243902439024,0.5121951219512195,0.6097560975609756,0.6585365853658537,0.7073170731707317,0.8292682926829268,0.8780487804878049,0.9512195121951219,0.975609756097561,0.975609756097561,1.0,1,0.5956354300385108
storm_NaiveBayes_NoSelection_SMOTE_yesCostSensitive_1.csv,NaiveBayes,NoSelection,SMOTE,yesCostSensitive,0,0,0.0,0.0,0.03385203385203385,1.0,0.0,0,0.1902834008097166,0.2834008097165992,0.39271255060728744,0.4574898785425101,0.5587044534412956,0.631578947368421,0.6923076923076923,0.7692307692307693,0.8218623481781376,0.854251012145749,0.8947368421052632,0.9311740890688259,0.9595141700404858,0.9757085020242915,0.9919028340080972,1.0,1.0,1.0,1.0,0.1603896575824494,0.1902834008097166,0.2834008097165992,0.39271255060728744,0.4574898785425101,0.5587044534412956,0.631578947368421,0.6923076923076923,0.7692307692307693,0.8218623481781376,0.854251012145749,0.8947368421052632,0.9311740890688259,0.9595141700404858,0.9757085020242915,0.9919028340080972,1.0,1.0,1.0,1.0,0.21813365594694514,0.33333333333333337,0.4093567251461988,0.5078534031413613,0.5485436893203883,0.6330275229357798,0.4586466165413533,0.3229166666666665,0.277777777777778,0.21818181818181825,0.1428571428571429,0.10344827586206895,0.1052631578947365,0.08333333333333204,0,0.0,0.0,0.0,0.0,0.0,0.758150436820797
storm_NaiveBayes_NoSelection_SMOTE_yesCostSensitive_10.csv,NaiveBayes,NoSelection,SMOTE,yesCostSensitive,0,0.03969754253308128,0.3620689655172414,0.07155025553662692,0.04172958800628132,0.6247267698621582,0.47044350922628686,0.013294128679885536,0.20689655172413793,0.3275862068965517,0.3793103448275862,0.5,0.5172413793103449,0.5172413793103449,0.5172413793103449,0.5344827586206896,0.6206896551724138,0.7068965517241379,0.7586206896551724,0.8620689655172413,0.9310344827586207,0.9310344827586207,0.9310344827586207,0.9827586206896551,1.0,1.0,1.0,0.5381125226860254,0.20689655172413793,0.3275862068965517,0.3793103448275862,0.5,0.5172413793103449,0.5172413793103449,0.5172413793103449,0.5344827586206896,0.6206896551724138,0.7068965517241379,0.7586206896551724,0.8620689655172413,0.9310344827586207,0.9310344827586207,0.9310344827586207,0.9827586206896551,1.0,1.0,1.0,0.6960072595281307,0.2068965517241379,0.3275862068965517,0.3793103448275862,0.5,0.5172413793103449,0.5172413793103449,0.5172413793103449,0.5344827586206896,0.6206896551724138,0.7068965517241379,0.7586206896551724,0.8620689655172413,0.9310344827586207,0.9310344827586207,0.9310344827586207,0.9827586206896551,1.0,1.0,1,0.6960072595281307
storm_NaiveBayes_NoSelection_SMOTE_yesCostSensitive_11.csv,NaiveBayes,NoSelection,SMOTE,yesCostSensitive,1,0.12459016393442623,0.5671641791044776,0.20430107526881722,0.1449898322819554,0.7768077330665847,0.6038691132397495,0.12059317111356484,0.27611940298507465,0.3880597014925373,0.5074626865671642,0.5671641791044776,0.5970149253731343,0.5970149253731343,0.5970149253731343,0.5970149253731343,0.8059701492537313,0.8955223880597015,0.9104477611940298,0.917910447761194,0.9477611940298507,0.9552238805970149,0.9626865671641791,0.9850746268656716,1.0,1.0,1.0,0.6667227770919837,0.27611940298507465,0.3880597014925373,0.5074626865671642,0.5671641791044776,0.5970149253731343,0.5970149253731343,0.5970149253731343,0.5970149253731343,0.8059701492537313,0.8955223880597015,0.9104477611940298,0.917910447761194,0.9477611940298507,0.9552238805970149,0.9626865671641791,0.9850746268656716,1.0,1.0,1.0,0.7635506677140613,0.27611940298507465,0.3880597014925373,0.5074626865671642,0.5671641791044776,0.5970149253731343,0.5970149253731343,0.5970149253731343,0.5970149253731343,0.8059701492537313,0.8955223880597015,0.9104477611940298,0.917910447761194,0.9477611940298507,0.9552238805970149,0.9626865671641791,0.9850746268656716,1.0,1.0,1,0.7635506677140613
storm_NaiveBayes_NoSelection_SMOTE_yesCostSensitive_12.csv,NaiveBayes,NoSelection,SMOTE,yesCostSensitive,1,0.09988109393579073,0.65625,0.17337461300309598,0.13469343303554612,0.7376232862339114,0.613730191382808,0.11706907389028173,0.3984375,0.4921875,0.59375,0.65625,0.6796875,0.75,0.8203125,0.875,0.8984375,0.9140625,0.9296875,0.9375,0.953125,0.984375,1.0,1.0,1.0,1.0,1.0,0.7689967105263158,0.3984375,0.4921875,0.59375,0.65625,0.6796875,0.75,0.8203125,0.875,0.8984375,0.9140625,0.9296875,0.9375,0.953125,0.984375,1.0,1.0,1.0,1.0,1.0,0.8359375,0.3984375,0.4921875,0.59375,0.65625,0.6796875,0.75,0.8203125,0.875,0.8984375,0.9140625,0.9296875,0.9375,0.953125,0.984375,1.0,1.0,1.0,1.0,1,0.8359375
storm_NaiveBayes_NoSelection_SMOTE_yesCostSensitive_13.csv,NaiveBayes,NoSelection,SMOTE,yesCostSensitive,0,0.06080206985769728,0.6025641025641025,0.11045828437132785,0.07766040821782584,0.757606943979066,0.5741124598778483,0.06358319927705837,0.2564102564102564,0.2948717948717949,0.38461538461538464,0.5,0.5769230769230769,0.7692307692307693,0.8846153846153846,0.9358974358974359,0.9615384615384616,0.9615384615384616,0.9743589743589743,0.9743589743589743,0.9743589743589743,1.0,1.0,1.0,1.0,1.0,1.0,0.8387314439946019,0.2564102564102564,0.2948717948717949,0.38461538461538464,0.5,0.5769230769230769,0.7692307692307693,0.8846153846153846,0.9358974358974359,0.9615384615384616,0.9615384615384616,0.9743589743589743,0.9743589743589743,0.9743589743589743,1.0,1.0,1.0,1.0,1.0,1.0,0.8130904183535762,0.2564102564102564,0.29487179487179493,0.3846153846153846,0.5,0.5769230769230769,0.7692307692307693,0.8846153846153846,0.9358974358974359,0.9615384615384616,0.9615384615384616,0.9743589743589743,0.9743589743589743,0.9743589743589743,1.0,1.0,1.0,1.0,1.0,1,0.8130904183535762
storm_NaiveBayes_NoSelection_SMOTE_yesCostSensitive_14.csv,NaiveBayes,NoSelection,SMOTE,yesCostSensitive,1,0.022540983606557378,0.43137254901960786,0.042843232716650435,0.03424334888274827,0.5878170465748512,0.4696948981416237,-0.01668140846090631,0.1568627450980392,0.17647058823529413,0.23529411764705882,0.2549019607843137,0.4117647058823529,0.49019607843137253,0.5098039215686274,0.5882352941176471,0.6470588235294118,0.6862745098039216,0.7647058823529411,0.8235294117647058,0.8431372549019608,0.9411764705882353,1.0,1.0,1.0,1.0,1.0,0.6225625984465808,0.1568627450980392,0.17647058823529413,0.23529411764705882,0.2549019607843137,0.4117647058823529,0.49019607843137253,0.5098039215686274,0.5882352941176471,0.6470588235294118,0.6862745098039216,0.7647058823529411,0.8235294117647058,0.8431372549019608,0.9411764705882353,1.0,1.0,1.0,1.0,1.0,0.6594427244582043,0.1568627450980392,0.17647058823529416,0.23529411764705888,0.2549019607843137,0.4117647058823529,0.4901960784313726,0.5098039215686274,0.5882352941176471,0.6470588235294118,0.6862745098039216,0.7647058823529411,0.8235294117647058,0.8431372549019608,0.9411764705882353,1.0,1.0,1.0,1.0,1,0.6594427244582043
storm_NaiveBayes_NoSelection_SMOTE_yesCostSensitive_15.csv,NaiveBayes,NoSelection,SMOTE,yesCostSensitive,4,0.042598509052183174,0.6557377049180327,0.08,0.05975046346074482,0.7673297414501135,0.5979953256062743,0.06992918974905024,0.09836065573770492,0.18032786885245902,0.22950819672131148,0.3770491803278688,0.5245901639344263,0.6885245901639344,0.7540983606557377,0.8524590163934426,0.8852459016393442,0.9180327868852459,0.9344262295081968,0.9672131147540983,0.9836065573770492,1.0,1.0,1.0,1.0,1.0,1.0,0.8115712779215799,0.09836065573770492,0.18032786885245902,0.22950819672131148,0.3770491803278688,0.5245901639344263,0.6885245901639344,0.7540983606557377,0.8524590163934426,0.8852459016393442,0.9180327868852459,0.9344262295081968,0.9672131147540983,0.9836065573770492,1.0,1.0,1.0,1.0,1.0,1.0,0.7575496117342537,0.09836065573770492,0.180327868852459,0.2295081967213115,0.3770491803278688,0.5245901639344263,0.6885245901639344,0.7540983606557377,0.8524590163934426,0.8852459016393442,0.9180327868852459,0.9344262295081968,0.9672131147540983,0.9836065573770492,1.0,1.0,1.0,1.0,1.0,1,0.7575496117342537
storm_NaiveBayes_NoSelection_SMOTE_yesCostSensitive_16.csv,NaiveBayes,NoSelection,SMOTE,yesCostSensitive,2,0.030364372469635626,0.75,0.058365758754863814,0.04320675335975137,0.8342206235011991,0.6282634953079996,0.07916107516916532,0.025,0.05,0.125,0.3,0.575,0.675,0.8,0.85,0.9,0.95,0.975,1.0,1.0,1.0,1.0,1.0,1.0,1.0,1.0,0.8763157894736842,0.025,0.05,0.125,0.3,0.575,0.675,0.8,0.85,0.9,0.95,0.975,1.0,1.0,1.0,1.0,1.0,1.0,1.0,1.0,0.7486842105263157,0.025000000000000022,0.050000000000000044,0.125,0.30000000000000004,0.575,0.675,0.8,0.85,0.9,0.95,0.975,1.0,1.0,1.0,1.0,1.0,1.0,1.0,1,0.7486842105263157
storm_NaiveBayes_NoSelection_SMOTE_yesCostSensitive_17.csv,NaiveBayes,NoSelection,SMOTE,yesCostSensitive,1,0.009115770282588878,0.37037037037037035,0.017793594306049824,0.016884812041288808,0.5089503230589978,0.4188329846510761,-0.033112279001004136,0.07407407407407407,0.1111111111111111,0.14814814814814814,0.14814814814814814,0.3333333333333333,0.3333333333333333,0.48148148148148145,0.5555555555555556,0.6666666666666666,0.7407407407407407,0.8148148148148148,0.8148148148148148,0.8518518518518519,0.8888888888888888,0.8888888888888888,0.9629629629629629,1.0,1.0,1.0,0.602948343079922,0.07407407407407407,0.1111111111111111,0.14814814814814814,0.14814814814814814,0.3333333333333333,0.3333333333333333,0.48148148148148145,0.5555555555555556,0.6666666666666666,0.7407407407407407,0.8148148148148148,0.8148148148148148,0.8518518518518519,0.8888888888888888,0.8888888888888888,0.9629629629629629,1.0,1.0,1.0,0.621832358674464,0.07407407407407407,0.11111111111111116,0.14814814814814814,0.14814814814814814,0.33333333333333326,0.33333333333333326,0.4814814814814814,0.5555555555555556,0.6666666666666666,0.7407407407407407,0.8148148148148148,0.8148148148148148,0.8518518518518519,0.8888888888888888,0.8888888888888888,0.9629629629629629,1.0,1.0,1,0.621832358674464
storm_NaiveBayes_NoSelection_SMOTE_yesCostSensitive_2.csv,NaiveBayes,NoSelection,SMOTE,yesCostSensitive,21,0.0,0,0.0,0.0,0.0,0.0,0,0,0,0,0,0,0,0,0,0,0,0,0,0,0,0,0,0,0,0,1.0,0,0,0,0,0,0,0,0,0,0,0,0,0,0,0,0,0,0,0,1.0,1,1,1,1,1,1,1,1,1,1,1,1,1,1,1,1,1,1,1,0.0
storm_NaiveBayes_NoSelection_SMOTE_yesCostSensitive_3.csv,NaiveBayes,NoSelection,SMOTE,yesCostSensitive,0,0.5169491525423728,0.32105263157894737,0.3961038961038961,0.457790593149033,0.9383757961783439,0.4745432499080368,0.27678240151959194,0.2275132275132275,0.291005291005291,0.31216931216931215,0.3915343915343915,0.5767195767195767,0.6349206349206349,0.7037037037037037,0.7936507936507936,0.8677248677248677,0.8994708994708994,0.9470899470899471,0.9629629629629629,0.9682539682539683,0.9735449735449735,0.9947089947089947,1.0,1.0,1.0,1.0,0.36643719054116014,0.2275132275132275,0.291005291005291,0.31216931216931215,0.3915343915343915,0.5767195767195767,0.6349206349206349,0.7037037037037037,0.7936507936507936,0.8677248677248677,0.8994708994708994,0.9470899470899471,0.9629629629629629,0.9682539682539683,0.9735449735449735,0.9947089947089947,1.0,1.0,1.0,1.0,0.4502460499365224,0.30069930069930073,0.33536585365853655,0.33333333333333326,0.40217391304347827,0.5797872340425532,0.6349206349206349,0.7037037037037037,0.7936507936507936,0.863157894736842,0.8290598290598289,0.8196721311475408,0.7647058823529407,0.6111111111111109,0.24999999999999933,0.3333333333333287,0.0,0.0,0.0,0.0,0.7655249234196603
storm_NaiveBayes_NoSelection_SMOTE_yesCostSensitive_4.csv,NaiveBayes,NoSelection,SMOTE,yesCostSensitive,0,0.5524193548387096,0.39255014326647564,0.45896147403685095,0.48286311959386957,0.8750049745304043,0.5282404010000125,0.21867046819391847,0.27298850574712646,0.3074712643678161,0.33620689655172414,0.34770114942528735,0.3620689655172414,0.3735632183908046,0.3793103448275862,0.39080459770114945,0.39080459770114945,0.39080459770114945,0.39080459770114945,0.39080459770114945,0.6149425287356322,0.7270114942528736,0.7902298850574713,0.8591954022988506,0.9339080459770115,1.0,1.0,0.13396650904419966,0.27298850574712646,0.3074712643678161,0.33620689655172414,0.34770114942528735,0.3620689655172414,0.3735632183908046,0.3793103448275862,0.39080459770114945,0.39080459770114945,0.39080459770114945,0.39080459770114945,0.39080459770114945,0.6149425287356322,0.7270114942528736,0.7902298850574713,0.8591954022988506,0.9339080459770115,1.0,1.0,0.1572354495036621,0.3800000000000001,0.3627118644067796,0.36677115987460807,0.3611940298507462,0.36734693877551017,0.3746397694524495,0.3793103448275862,0.3908045977011494,0.004694835680751019,0,0,0,0,0,0,0,0,0.0,0.0,0.5399274047186933
storm_NaiveBayes_NoSelection_SMOTE_yesCostSensitive_5.csv,NaiveBayes,NoSelection,SMOTE,yesCostSensitive,4,0.9029535864978903,0.9807516040329972,0.9402460456942003,0.8157431694739077,0.9896076735389421,0.6263514401424015,0.5659211616055495,0.4614678899082569,0.5853211009174312,0.6770642201834862,0.7522935779816514,0.8073394495412844,0.8477064220183487,0.8770642201834863,0.9018348623853211,0.9229357798165138,0.9412844036697248,0.955045871559633,0.9669724770642202,0.9752293577981651,0.9798165137614679,0.9807339449541285,0.9807339449541285,0.9807339449541285,0.9807339449541285,1.0,0.15789473684210525,0.4614678899082569,0.5853211009174312,0.6770642201834862,0.7522935779816514,0.8073394495412844,0.8477064220183487,0.8770642201834863,0.9018348623853211,0.9229357798165138,0.9412844036697248,0.955045871559633,0.9669724770642202,0.9752293577981651,0.9798165137614679,0.9807339449541285,0.9807339449541285,0.9807339449541285,0.9807339449541285,1.0,0.34893776975246565,0.888268156424581,0.8065843621399176,0.7126436781609193,0.65625,0.5625000000000007,0.4571428571428575,0.28571428571428714,0.1749999999999977,0.08571428571428652,0.0,0,0,0,0,0,1,1,0,0.0,0.8723322066634476
storm_NaiveBayes_NoSelection_SMOTE_yesCostSensitive_6.csv,NaiveBayes,NoSelection,SMOTE,yesCostSensitive,19,0.035024154589371984,0.7435897435897436,0.06689734717416378,0.03661937854541779,0.8065217792033033,0.5413467450770176,0.05581343745843329,0.1794871794871795,0.2564102564102564,0.41025641025641024,0.46153846153846156,0.5641025641025641,0.5897435897435898,0.5897435897435898,0.6666666666666666,0.717948717948718,0.717948717948718,0.7435897435897436,0.7435897435897436,0.7435897435897436,0.7435897435897436,0.7435897435897436,0.8461538461538461,0.9487179487179487,1.0,1.0,0.5020242914979757,0.1794871794871795,0.2564102564102564,0.41025641025641024,0.46153846153846156,0.5641025641025641,0.5897435897435898,0.5897435897435898,0.6666666666666666,0.717948717948718,0.717948717948718,0.7435897435897436,0.7435897435897436,0.7435897435897436,0.7435897435897436,0.7435897435897436,0.8461538461538461,0.9487179487179487,1.0,1.0,0.6666666666666666,0.17948717948717952,0.2564102564102564,0.41025641025641024,0.46153846153846156,0.5641025641025641,0.5897435897435898,0.5897435897435898,0.6666666666666666,0.717948717948718,0.717948717948718,0.7435897435897436,0.7435897435897436,0.7435897435897436,0.7435897435897436,0.7435897435897436,0.8461538461538461,0.9487179487179487,1.0,1,0.6666666666666666
storm_NaiveBayes_NoSelection_SMOTE_yesCostSensitive_7.csv,NaiveBayes,NoSelection,SMOTE,yesCostSensitive,6,0.033783783783783786,0.39215686274509803,0.06220839813374806,0.04023115253409075,0.6416737709576582,0.4697128240902221,-0.008407871714096201,0.13725490196078433,0.23529411764705882,0.3137254901960784,0.35294117647058826,0.4117647058823529,0.4117647058823529,0.4117647058823529,0.4117647058823529,0.4117647058823529,0.49019607843137253,0.5686274509803921,0.7450980392156863,0.8431372549019608,0.8627450980392157,0.9019607843137255,0.9215686274509803,0.9803921568627451,0.9803921568627451,1.0,0.47514897300176434,0.13725490196078433,0.23529411764705882,0.3137254901960784,0.35294117647058826,0.4117647058823529,0.4117647058823529,0.4117647058823529,0.4117647058823529,0.4117647058823529,0.49019607843137253,0.5686274509803921,0.7450980392156863,0.8431372549019608,0.8627450980392157,0.9019607843137255,0.9215686274509803,0.9803921568627451,0.9803921568627451,1.0,0.5989214021771696,0.13725490196078427,0.23529411764705888,0.3137254901960784,0.3529411764705883,0.4117647058823529,0.4117647058823529,0.4117647058823529,0.4117647058823529,0.4117647058823529,0.4901960784313726,0.5686274509803921,0.7450980392156863,0.8431372549019608,0.8627450980392157,0.9019607843137255,0.9215686274509803,0.9803921568627451,0.9677419354838709,1,0.5995872033023736
storm_NaiveBayes_NoSelection_SMOTE_yesCostSensitive_8.csv,NaiveBayes,NoSelection,SMOTE,yesCostSensitive,2,0.09683794466403162,0.7903225806451613,0.17253521126760563,0.12281511597214946,0.8926955876900255,0.7132104942456724,0.1896733150061833,0.3709677419354839,0.46774193548387094,0.6612903225806451,0.7580645161290323,0.7903225806451613,0.8225806451612904,0.8870967741935484,0.9032258064516129,0.9193548387096774,0.9354838709677419,0.9516129032258065,0.9838709677419355,1.0,1.0,1.0,1.0,1.0,1.0,1.0,0.849410917322632,0.3709677419354839,0.46774193548387094,0.6612903225806451,0.7580645161290323,0.7903225806451613,0.8225806451612904,0.8870967741935484,0.9032258064516129,0.9193548387096774,0.9354838709677419,0.9516129032258065,0.9838709677419355,1.0,1.0,1.0,1.0,1.0,1.0,1.0,0.8658743633276741,0.3709677419354839,0.467741935483871,0.6612903225806451,0.7580645161290323,0.7903225806451613,0.8225806451612904,0.8870967741935484,0.9032258064516129,0.9193548387096774,0.9354838709677419,0.9516129032258065,0.9838709677419355,1.0,1.0,1.0,1.0,1.0,1.0,1,0.8658743633276741
storm_NaiveBayes_NoSelection_SMOTE_yesCostSensitive_9.csv,NaiveBayes,NoSelection,SMOTE,yesCostSensitive,2,0.04173913043478261,0.5853658536585366,0.07792207792207792,0.04707803665187982,0.7436916190970422,0.6085487368463063,0.0728213880139214,0.17073170731707318,0.3170731707317073,0.5121951219512195,0.5853658536585366,0.6341463414634146,0.6341463414634146,0.7317073170731707,0.8048780487804879,0.8536585365853658,0.8536585365853658,0.8536585365853658,0.8780487804878049,0.9024390243902439,1.0,1.0,1.0,1.0,1.0,1.0,0.7060333761232349,0.17073170731707318,0.3170731707317073,0.5121951219512195,0.5853658536585366,0.6341463414634146,0.6341463414634146,0.7317073170731707,0.8048780487804879,0.8536585365853658,0.8536585365853658,0.8536585365853658,0.8780487804878049,0.9024390243902439,1.0,1.0,1.0,1.0,1.0,1.0,0.7753530166880617,0.1707317073170732,0.3170731707317074,0.5121951219512195,0.5853658536585366,0.6341463414634146,0.6341463414634146,0.7317073170731707,0.8048780487804879,0.8536585365853658,0.8536585365853658,0.8536585365853658,0.8780487804878049,0.9024390243902439,1.0,1.0,1.0,1.0,1.0,1,0.7753530166880617
storm_RandomForest_BestFirst_NoSampling_noCostSensitive_1.csv,RandomForest,BestFirst,NoSampling,noCostSensitive,0,0,0.0,0.0,0.03385203385203385,1.0,0.0,0,0.21862348178137653,0.3076923076923077,0.3967611336032389,0.46963562753036436,0.5789473684210527,0.6477732793522267,0.7165991902834008,0.7732793522267206,0.8259109311740891,0.8582995951417004,0.8987854251012146,0.9352226720647774,0.9635627530364372,0.979757085020243,0.9919028340080972,1.0,1.0,1.0,1.0,0.241626850043134,0.21862348178137653,0.3076923076923077,0.3967611336032389,0.46963562753036436,0.5789473684210527,0.6477732793522267,0.7165991902834008,0.7732793522267206,0.8259109311740891,0.8582995951417004,0.8987854251012146,0.9352226720647774,0.9635627530364372,0.979757085020243,0.9919028340080972,1.0,1.0,1.0,1.0,0.241626850043134,0.3829787234042553,0.44444444444444453,0.5130890052356021,0.5631067961165048,0.6559633027522935,0.4887218045112782,0.38541666666666663,0.29166666666666663,0.23636363636363655,0.16666666666666685,0.137931034482759,0.15789473684210542,0.1666666666666663,0.0,0.0,0.0,0.0,0.0,0.0,0.7664606861282761
storm_RandomForest_BestFirst_NoSampling_noCostSensitive_10.csv,RandomForest,BestFirst,NoSampling,noCostSensitive,0,1.0,0.017241379310344827,0.03389830508474576,0.48250246566954796,0.9923718606414776,0.03389830508474576,0.12895078397331264,0.2413793103448276,0.3620689655172414,0.41379310344827586,0.5172413793103449,0.603448275862069,0.7068965517241379,0.7586206896551724,0.8448275862068966,0.896551724137931,0.9137931034482759,0.9310344827586207,0.9482758620689655,0.9827586206896551,0.9827586206896551,0.9827586206896551,1.0,1.0,1.0,1.0,0.7822141560798549,0.2413793103448276,0.3620689655172414,0.41379310344827586,0.5172413793103449,0.603448275862069,0.7068965517241379,0.7586206896551724,0.8448275862068966,0.896551724137931,0.9137931034482759,0.9310344827586207,0.9482758620689655,0.9827586206896551,0.9827586206896551,0.9827586206896551,1.0,1.0,1.0,1.0,0.794010889292196,0.24137931034482762,0.3620689655172413,0.4137931034482758,0.5172413793103449,0.603448275862069,0.7068965517241379,0.7586206896551724,0.8448275862068966,0.896551724137931,0.9137931034482759,0.9310344827586207,0.9482758620689655,0.9827586206896551,0.9827586206896551,0.9827586206896551,1.0,1.0,1.0,1,0.794010889292196
storm_RandomForest_BestFirst_NoSampling_noCostSensitive_11.csv,RandomForest,BestFirst,NoSampling,noCostSensitive,0,0.8378378378378378,0.4626865671641791,0.5961538461538461,0.657125301486626,0.9209361289108537,0.631050775452404,0.6000760353811206,0.4925373134328358,0.6194029850746269,0.6791044776119403,0.7611940298507462,0.7985074626865671,0.8582089552238806,0.8955223880597015,0.9328358208955224,0.9626865671641791,0.9850746268656716,0.9850746268656716,0.9850746268656716,0.9925373134328358,0.9925373134328358,0.9925373134328358,0.9925373134328358,0.9925373134328358,0.9925373134328358,1.0,0.7641865858676542,0.4925373134328358,0.6194029850746269,0.6791044776119403,0.7611940298507462,0.7985074626865671,0.8582089552238806,0.8955223880597015,0.9328358208955224,0.9626865671641791,0.9850746268656716,0.9850746268656716,0.9850746268656716,0.9925373134328358,0.9925373134328358,0.9925373134328358,0.9925373134328358,0.9925373134328358,0.9925373134328358,1.0,0.8879100736916917,0.4925373134328358,0.6194029850746269,0.6791044776119403,0.7611940298507462,0.7985074626865671,0.8582089552238806,0.8955223880597015,0.9328358208955224,0.9626865671641791,0.9850746268656716,0.9850746268656716,0.9850746268656716,0.9925373134328358,0.9925373134328358,0.9925373134328358,0.9925373134328358,0.9925373134328358,0.9523809523809522,1,0.8900235663786331
storm_RandomForest_BestFirst_NoSampling_noCostSensitive_12.csv,RandomForest,BestFirst,NoSampling,noCostSensitive,0,0.9655172413793104,0.4375,0.6021505376344086,0.838179129821365,0.9755526021264691,0.6084881540821544,0.6359353286033136,0.5905511811023622,0.7007874015748031,0.7480314960629921,0.7716535433070866,0.7952755905511811,0.8503937007874016,0.8661417322834646,0.889763779527559,0.952755905511811,0.9606299212598425,0.9763779527559056,0.9921259842519685,0.9921259842519685,0.9921259842519685,0.9921259842519685,0.9921259842519685,0.9921259842519685,0.9921259842519685,1.0,0.834375,0.5905511811023622,0.7007874015748031,0.7480314960629921,0.7716535433070866,0.7952755905511811,0.8503937007874016,0.8661417322834646,0.889763779527559,0.952755905511811,0.9606299212598425,0.9763779527559056,0.9921259842519685,0.9921259842519685,0.9921259842519685,0.9921259842519685,0.9921259842519685,0.9921259842519685,0.9921259842519685,1.0,0.8335526315789474,0.5859375,0.6953125,0.7421875,0.765625,0.7890625,0.84375,0.859375,0.8828125,0.9453125,0.953125,0.96875,0.984375,0.984375,0.984375,0.984375,0.984375,0.984375,0.9000000000000001,0.0,0.8972233733941152
storm_RandomForest_BestFirst_NoSampling_noCostSensitive_13.csv,RandomForest,BestFirst,NoSampling,noCostSensitive,0,0.7619047619047619,0.41025641025641024,0.5333333333333333,0.5864637395250998,0.8541876086991208,0.580760270469913,0.544539431327343,0.6282051282051282,0.7051282051282052,0.7692307692307693,0.782051282051282,0.8076923076923077,0.8205128205128205,0.8589743589743589,0.8717948717948718,0.8717948717948718,0.8717948717948718,0.8717948717948718,0.8717948717948718,0.8974358974358975,0.8974358974358975,0.9102564102564102,0.9102564102564102,0.9102564102564102,0.9102564102564102,1.0,0.8388394062078273,0.6282051282051282,0.7051282051282052,0.7692307692307693,0.782051282051282,0.8076923076923077,0.8205128205128205,0.8589743589743589,0.8717948717948718,0.8717948717948718,0.8717948717948718,0.8717948717948718,0.8717948717948718,0.8974358974358975,0.8974358974358975,0.9102564102564102,0.9102564102564102,0.9102564102564102,0.9102564102564102,1.0,0.8408636977058029,0.6282051282051282,0.7051282051282052,0.7692307692307693,0.782051282051282,0.8076923076923077,0.8205128205128205,0.8589743589743589,0.8717948717948718,0.8717948717948718,0.8717948717948718,0.8717948717948718,0.8717948717948718,0.8974358974358975,0.8974358974358975,0.9102564102564102,0.9102564102564102,0.9102564102564102,0.72,1,0.8508771929824562
storm_RandomForest_BestFirst_NoSampling_noCostSensitive_14.csv,RandomForest,BestFirst,NoSampling,noCostSensitive,0,0.8333333333333334,0.09803921568627451,0.17543859649122806,0.5232361672589593,0.9764885131299851,0.1785633273751735,0.2811556369934473,0.1568627450980392,0.19607843137254902,0.27450980392156865,0.29411764705882354,0.39215686274509803,0.45098039215686275,0.47058823529411764,0.5098039215686274,0.6274509803921569,0.7254901960784313,0.7843137254901961,0.8235294117647058,0.8823529411764706,0.9607843137254902,1.0,1.0,1.0,1.0,1.0,0.5149638802889577,0.1568627450980392,0.19607843137254902,0.27450980392156865,0.29411764705882354,0.39215686274509803,0.45098039215686275,0.47058823529411764,0.5098039215686274,0.6274509803921569,0.7254901960784313,0.7843137254901961,0.8235294117647058,0.8823529411764706,0.9607843137254902,1.0,1.0,1.0,1.0,1.0,0.6604747162022704,0.1568627450980392,0.196078431372549,0.27450980392156865,0.2941176470588236,0.392156862745098,0.4509803921568627,0.47058823529411764,0.5098039215686274,0.6274509803921569,0.7254901960784313,0.7843137254901961,0.8235294117647058,0.8823529411764706,0.9607843137254902,1.0,1.0,1.0,1.0,1,0.6604747162022704
storm_RandomForest_BestFirst_NoSampling_noCostSensitive_15.csv,RandomForest,BestFirst,NoSampling,noCostSensitive,0,0.8888888888888888,0.5245901639344263,0.6597938144329897,0.711262405746377,0.8889910969479944,0.6876968886203771,0.6760342189755634,0.5409836065573771,0.5573770491803278,0.5737704918032787,0.5901639344262295,0.6065573770491803,0.6557377049180327,0.6721311475409836,0.7049180327868853,0.7540983606557377,0.8524590163934426,0.8688524590163934,0.8688524590163934,0.9180327868852459,0.9180327868852459,0.9344262295081968,0.9344262295081968,0.9344262295081968,0.9836065573770492,1.0,0.7761959543667913,0.5409836065573771,0.5573770491803278,0.5737704918032787,0.5901639344262295,0.6065573770491803,0.6557377049180327,0.6721311475409836,0.7049180327868853,0.7540983606557377,0.8524590163934426,0.8688524590163934,0.8688524590163934,0.9180327868852459,0.9180327868852459,0.9344262295081968,0.9344262295081968,0.9344262295081968,0.9836065573770492,1.0,0.7805100182149363,0.5409836065573771,0.5573770491803278,0.5737704918032787,0.5901639344262295,0.6065573770491803,0.6557377049180327,0.6721311475409836,0.7049180327868853,0.7540983606557377,0.8524590163934426,0.8688524590163934,0.8688524590163934,0.9180327868852459,0.9180327868852459,0.9344262295081968,0.9344262295081968,0.9344262295081968,0.9444444444444444,1,0.7825711820534944
storm_RandomForest_BestFirst_NoSampling_noCostSensitive_16.csv,RandomForest,BestFirst,NoSampling,noCostSensitive,0,0.7222222222222222,0.65,0.6842105263157895,0.5960143152211449,0.9270743405275779,0.786385831936448,0.679453118627852,0.6,0.625,0.65,0.7,0.725,0.725,0.775,0.85,0.875,0.95,0.95,0.95,0.95,0.975,0.975,0.975,0.975,0.975,1.0,0.8467836257309943,0.6,0.625,0.65,0.7,0.725,0.725,0.775,0.85,0.875,0.95,0.95,0.95,0.95,0.975,0.975,0.975,0.975,0.975,1.0,0.8510233918128655,0.6,0.625,0.65,0.7,0.725,0.725,0.775,0.85,0.875,0.95,0.95,0.95,0.95,0.975,0.975,0.975,0.975,0.9444444444444444,1,0.8526315789473684
storm_RandomForest_BestFirst_NoSampling_noCostSensitive_17.csv,RandomForest,BestFirst,NoSampling,noCostSensitive,0,0,0.0,0.0,0.09206417112299464,1.0,0.0,0,0.07407407407407407,0.1111111111111111,0.1111111111111111,0.1111111111111111,0.2222222222222222,0.25925925925925924,0.2962962962962963,0.4444444444444444,0.5185185185185185,0.6296296296296297,0.6666666666666666,0.6666666666666666,0.7407407407407407,0.8148148148148148,0.9259259259259259,0.9629629629629629,1.0,1.0,1.0,0.5555555555555556,0.07407407407407407,0.1111111111111111,0.1111111111111111,0.1111111111111111,0.2222222222222222,0.25925925925925924,0.2962962962962963,0.4444444444444444,0.5185185185185185,0.6296296296296297,0.6666666666666666,0.6666666666666666,0.7407407407407407,0.8148148148148148,0.9259259259259259,0.9629629629629629,1.0,1.0,1.0,0.5555555555555556,0.07407407407407407,0.11111111111111116,0.11111111111111116,0.11111111111111116,0.2222222222222222,0.2592592592592593,0.2962962962962963,0.4444444444444444,0.5185185185185185,0.6296296296296297,0.6666666666666666,0.6666666666666666,0.7407407407407407,0.8148148148148148,0.9259259259259259,0.9629629629629629,1.0,1.0,1,0.5555555555555556
storm_RandomForest_BestFirst_NoSampling_noCostSensitive_2.csv,RandomForest,BestFirst,NoSampling,noCostSensitive,21,0.0,0,0.0,0.0,0.0,0.0,0,0,0,0,0,0,0,0,0,0,0,0,0,0,0,0,0,0,0,0,1.0,0,0,0,0,0,0,0,0,0,0,0,0,0,0,0,0,0,0,0,1.0,1,1,1,1,1,1,1,1,1,1,1,1,1,1,1,1,1,1,1,0.0
storm_RandomForest_BestFirst_NoSampling_noCostSensitive_3.csv,RandomForest,BestFirst,NoSampling,noCostSensitive,2,0.6470588235294118,0.4052631578947368,0.49838187702265374,0.6674629195935639,0.9058079114984913,0.5650986875062618,0.4052794665553569,0.3915343915343915,0.455026455026455,0.4656084656084656,0.48148148148148145,0.5026455026455027,0.5291005291005291,0.5502645502645502,0.5714285714285714,0.6031746031746031,0.6031746031746031,0.6031746031746031,0.6084656084656085,0.6190476190476191,0.6878306878306878,0.7777777777777778,0.8624338624338624,0.9259259259259259,0.9735449735449735,1.0,0.16034042526450124,0.3915343915343915,0.455026455026455,0.4656084656084656,0.48148148148148145,0.5026455026455027,0.5291005291005291,0.5502645502645502,0.5714285714285714,0.6031746031746031,0.6031746031746031,0.6031746031746031,0.6084656084656085,0.6190476190476191,0.6878306878306878,0.7777777777777778,0.8624338624338624,0.9259259259259259,0.9735449735449735,1.0,0.27053438264086155,0.5174825174825175,0.524390243902439,0.4971751412429378,0.4945652173913043,0.5053191489361702,0.5291005291005291,0.5502645502645502,0.5714285714285714,0.5999999999999999,0.3504273504273503,0,0,0,0,0,0,0,0,0.0,0.6427179058758007
storm_RandomForest_BestFirst_NoSampling_noCostSensitive_4.csv,RandomForest,BestFirst,NoSampling,noCostSensitive,0,0.6190476190476191,0.18624641833810887,0.28634361233480177,0.5740651362003766,0.7305694842406878,0.3103730891209065,0.17847301552583655,0.3151862464183381,0.41260744985673353,0.47564469914040114,0.5501432664756447,0.5988538681948424,0.673352435530086,0.7048710601719198,0.7277936962750716,0.7535816618911175,0.7994269340974212,0.8252148997134671,0.8538681948424068,0.8968481375358166,0.9398280802292264,0.9799426934097422,0.9799426934097422,0.9799426934097422,0.9799426934097422,1.0,0.12476244203478007,0.3151862464183381,0.41260744985673353,0.47564469914040114,0.5501432664756447,0.5988538681948424,0.673352435530086,0.7048710601719198,0.7277936962750716,0.7535816618911175,0.7994269340974212,0.8252148997134671,0.8538681948424068,0.8968481375358166,0.9398280802292264,0.9799426934097422,0.9799426934097422,0.9799426934097422,0.9799426934097422,1.0,0.35760599740142335,0.43999999999999995,0.48813559322033906,0.5203761755485894,0.573134328358209,0.60932944606414,0.6772334293948127,0.7068965517241379,0.7298850574712643,0.6009389671361502,0.4017094017094016,0.04687499999999989,0,0,0,0,0,0,0,1,0.7603679686321821
storm_RandomForest_BestFirst_NoSampling_noCostSensitive_5.csv,RandomForest,BestFirst,NoSampling,noCostSensitive,0,0.8849557522123894,0.27497708524289644,0.4195804195804196,0.8646005748863957,0.45452119991565654,0.41145451535860394,0.07743771647135052,0.24128440366972478,0.3981651376146789,0.5311926605504587,0.6192660550458715,0.7009174311926606,0.7678899082568807,0.8275229357798165,0.8743119266055046,0.9100917431192661,0.9330275229357798,0.9541284403669725,0.9724770642201835,0.9844036697247707,0.9935779816513761,0.9990825688073395,1.0,1.0,1.0,1.0,0.23595083966600977,0.24128440366972478,0.3981651376146789,0.5311926605504587,0.6192660550458715,0.7009174311926606,0.7678899082568807,0.8275229357798165,0.8743119266055046,0.9100917431192661,0.9330275229357798,0.9541284403669725,0.9724770642201835,0.9844036697247707,0.9935779816513761,0.9990825688073395,1.0,1.0,1.0,1.0,0.11673037341958246,0.21787709497206686,0,0,0,0,0,0,0,0,0,0,0,0,0,0.0,1,1,0.0,0.0,0.8267020762916466
storm_RandomForest_BestFirst_NoSampling_noCostSensitive_6.csv,RandomForest,BestFirst,NoSampling,noCostSensitive,0,0.11009174311926606,0.3076923076923077,0.16216216216216217,0.17646543464070208,0.7040129771977368,0.4624318770660234,0.14606026172436026,0.3333333333333333,0.358974358974359,0.4358974358974359,0.5128205128205128,0.6410256410256411,0.6923076923076923,0.7692307692307693,0.7692307692307693,0.8461538461538461,0.8974358974358975,0.9487179487179487,0.9743589743589743,1.0,1.0,1.0,1.0,1.0,1.0,1.0,0.5910931174089069,0.3333333333333333,0.358974358974359,0.4358974358974359,0.5128205128205128,0.6410256410256411,0.6923076923076923,0.7692307692307693,0.7692307692307693,0.8461538461538461,0.8974358974358975,0.9487179487179487,0.9743589743589743,1.0,1.0,1.0,1.0,1.0,1.0,1.0,0.7989203778677463,0.33333333333333326,0.35897435897435903,0.4358974358974359,0.5128205128205128,0.6410256410256411,0.6923076923076923,0.7692307692307693,0.7692307692307693,0.8461538461538461,0.8974358974358975,0.9487179487179487,0.9743589743589743,1.0,1.0,1.0,1.0,1.0,1.0,1,0.7989203778677463
storm_RandomForest_BestFirst_NoSampling_noCostSensitive_7.csv,RandomForest,BestFirst,NoSampling,noCostSensitive,268,0,0.0,0.0,0.003239946636173051,1.0,0.0,0,0.09803921568627451,0.29411764705882354,0.35294117647058826,0.43137254901960786,0.5294117647058824,0.5882352941176471,0.6470588235294118,0.7843137254901961,0.8235294117647058,0.8627450980392157,0.9215686274509803,0.9803921568627451,0.9803921568627451,0.9803921568627451,1.0,1.0,1.0,1.0,1.0,0.7512899896800826,0.09803921568627451,0.29411764705882354,0.35294117647058826,0.43137254901960786,0.5294117647058824,0.5882352941176471,0.6470588235294118,0.7843137254901961,0.8235294117647058,0.8627450980392157,0.9215686274509803,0.9803921568627451,0.9803921568627451,0.9803921568627451,1.0,1.0,1.0,1.0,1.0,0.7512899896800826,0.0980392156862745,0.2941176470588236,0.3529411764705883,0.43137254901960786,0.5294117647058824,0.5882352941176471,0.6470588235294118,0.7843137254901961,0.8235294117647058,0.8627450980392157,0.9215686274509803,0.9803921568627451,0.9803921568627451,0.9803921568627451,1.0,1.0,1.0,1.0,1,0.7512899896800826
storm_RandomForest_BestFirst_NoSampling_noCostSensitive_8.csv,RandomForest,BestFirst,NoSampling,noCostSensitive,0,0.8043478260869565,0.5967741935483871,0.6851851851851852,0.6771822771502748,0.9704486466444199,0.7455397747148953,0.6806638898874449,0.6935483870967742,0.7580645161290323,0.8064516129032258,0.8225806451612904,0.8870967741935484,0.9032258064516129,0.9354838709677419,0.9516129032258065,0.9516129032258065,0.967741935483871,0.967741935483871,0.9838709677419355,0.9838709677419355,0.9838709677419355,0.9838709677419355,0.9838709677419355,0.9838709677419355,0.9838709677419355,1.0,0.8489993311725061,0.6935483870967742,0.7580645161290323,0.8064516129032258,0.8225806451612904,0.8870967741935484,0.9032258064516129,0.9354838709677419,0.9516129032258065,0.9516129032258065,0.967741935483871,0.967741935483871,0.9838709677419355,0.9838709677419355,0.9838709677419355,0.9838709677419355,0.9838709677419355,0.9838709677419355,0.9838709677419355,1.0,0.922004424551114,0.6935483870967742,0.7580645161290323,0.8064516129032258,0.8225806451612904,0.8870967741935484,0.9032258064516129,0.9354838709677419,0.9516129032258065,0.9516129032258065,0.967741935483871,0.967741935483871,0.9838709677419355,0.9838709677419355,0.9838709677419355,0.9838709677419355,0.9838709677419355,0.9838709677419355,0.9696969696969697,1,0.9227504244482173
storm_RandomForest_BestFirst_NoSampling_noCostSensitive_9.csv,RandomForest,BestFirst,NoSampling,noCostSensitive,0,0.4074074074074074,0.2682926829268293,0.3235294117647059,0.4126119484295019,0.9482031655422932,0.4221167732618115,0.31603531626677683,0.4146341463414634,0.5609756097560976,0.6341463414634146,0.6341463414634146,0.7073170731707317,0.7560975609756098,0.8292682926829268,0.8536585365853658,0.8780487804878049,0.926829268292683,0.9512195121951219,0.9512195121951219,0.9512195121951219,0.975609756097561,0.975609756097561,0.975609756097561,0.975609756097561,0.975609756097561,1.0,0.6970474967907574,0.4146341463414634,0.5609756097560976,0.6341463414634146,0.6341463414634146,0.7073170731707317,0.7560975609756098,0.8292682926829268,0.8536585365853658,0.8780487804878049,0.926829268292683,0.9512195121951219,0.9512195121951219,0.9512195121951219,0.975609756097561,0.975609756097561,0.975609756097561,0.975609756097561,0.975609756097561,1.0,0.8382541720154043,0.41463414634146334,0.5609756097560976,0.6341463414634146,0.6341463414634146,0.7073170731707317,0.7560975609756098,0.8292682926829268,0.8536585365853658,0.8780487804878049,0.926829268292683,0.9512195121951219,0.9512195121951219,0.9512195121951219,0.975609756097561,0.975609756097561,0.975609756097561,0.975609756097561,0.975609756097561,1,0.8382541720154043
storm_RandomForest_BestFirst_NoSampling_yesCostSensitive_1.csv,RandomForest,BestFirst,NoSampling,yesCostSensitive,0,0,0.0,0.0,0.03385203385203385,1.0,0.0,0,0.21862348178137653,0.3076923076923077,0.3967611336032389,0.46963562753036436,0.5789473684210527,0.6477732793522267,0.7165991902834008,0.7732793522267206,0.8259109311740891,0.8582995951417004,0.8987854251012146,0.9352226720647774,0.9635627530364372,0.979757085020243,0.9919028340080972,1.0,1.0,1.0,1.0,0.241626850043134,0.21862348178137653,0.3076923076923077,0.3967611336032389,0.46963562753036436,0.5789473684210527,0.6477732793522267,0.7165991902834008,0.7732793522267206,0.8259109311740891,0.8582995951417004,0.8987854251012146,0.9352226720647774,0.9635627530364372,0.979757085020243,0.9919028340080972,1.0,1.0,1.0,1.0,0.241626850043134,0.3829787234042553,0.44444444444444453,0.5130890052356021,0.5631067961165048,0.6559633027522935,0.4887218045112782,0.38541666666666663,0.29166666666666663,0.23636363636363655,0.16666666666666685,0.137931034482759,0.15789473684210542,0.1666666666666663,0.0,0.0,0.0,0.0,0.0,0.0,0.7664606861282761
storm_RandomForest_BestFirst_NoSampling_yesCostSensitive_10.csv,RandomForest,BestFirst,NoSampling,yesCostSensitive,0,0.08333333333333333,0.017241379310344827,0.02857142857142857,0.14287537757084412,0.9923718606414775,0.03389418830595301,0.021938400079302735,0.2413793103448276,0.3448275862068966,0.41379310344827586,0.5172413793103449,0.6206896551724138,0.7068965517241379,0.7586206896551724,0.8448275862068966,0.896551724137931,0.9137931034482759,0.9310344827586207,0.9655172413793104,0.9827586206896551,0.9827586206896551,0.9827586206896551,1.0,1.0,1.0,1.0,0.7822141560798549,0.2413793103448276,0.3448275862068966,0.41379310344827586,0.5172413793103449,0.6206896551724138,0.7068965517241379,0.7586206896551724,0.8448275862068966,0.896551724137931,0.9137931034482759,0.9310344827586207,0.9655172413793104,0.9827586206896551,0.9827586206896551,0.9827586206896551,1.0,1.0,1.0,1.0,0.79491833030853,0.24137931034482762,0.3448275862068966,0.4137931034482758,0.5172413793103449,0.6206896551724138,0.7068965517241379,0.7586206896551724,0.8448275862068966,0.896551724137931,0.9137931034482759,0.9310344827586207,0.9655172413793104,0.9827586206896551,0.9827586206896551,0.9827586206896551,1.0,1.0,1.0,1,0.79491833030853
storm_RandomForest_BestFirst_NoSampling_yesCostSensitive_11.csv,RandomForest,BestFirst,NoSampling,yesCostSensitive,0,0.2694805194805195,0.6194029850746269,0.3755656108597285,0.33819749360223844,0.919767453376779,0.7168549090676358,0.3296921429923836,0.4253731343283582,0.5298507462686567,0.6044776119402985,0.7089552238805971,0.7985074626865671,0.8582089552238806,0.9253731343283582,0.9477611940298507,0.9701492537313433,0.9701492537313433,0.9701492537313433,0.9776119402985075,0.9925373134328358,1.0,1.0,1.0,1.0,1.0,1.0,0.7649721318220926,0.4253731343283582,0.5298507462686567,0.6044776119402985,0.7089552238805971,0.7985074626865671,0.8582089552238806,0.9253731343283582,0.9477611940298507,0.9701492537313433,0.9701492537313433,0.9701492537313433,0.9776119402985075,0.9925373134328358,1.0,1.0,1.0,1.0,1.0,1.0,0.877847604084839,0.4253731343283582,0.5298507462686567,0.6044776119402985,0.7089552238805971,0.7985074626865671,0.8582089552238806,0.9253731343283582,0.9477611940298507,0.9701492537313433,0.9701492537313433,0.9701492537313433,0.9776119402985075,0.9925373134328358,1.0,1.0,1.0,1.0,1.0,1,0.877847604084839
storm_RandomForest_BestFirst_NoSampling_yesCostSensitive_12.csv,RandomForest,BestFirst,NoSampling,yesCostSensitive,0,0.6938775510204082,0.53125,0.6017699115044248,0.5923561036786732,0.975508883603805,0.6897913467200906,0.5830826716310987,0.5669291338582677,0.6614173228346457,0.7244094488188977,0.7559055118110236,0.7874015748031497,0.84251968503937,0.8582677165354331,0.8976377952755905,0.9448818897637795,0.9448818897637795,0.952755905511811,0.968503937007874,0.9763779527559056,0.984251968503937,0.9921259842519685,1.0,1.0,1.0,1.0,0.834375,0.5669291338582677,0.6614173228346457,0.7244094488188977,0.7559055118110236,0.7874015748031497,0.84251968503937,0.8582677165354331,0.8976377952755905,0.9448818897637795,0.9448818897637795,0.952755905511811,0.968503937007874,0.9763779527559056,0.984251968503937,0.9921259842519685,1.0,1.0,1.0,1.0,0.8259046052631579,0.5625,0.65625,0.71875,0.75,0.78125,0.8359375,0.8515625,0.890625,0.9375,0.9375,0.9453125,0.9609375,0.96875,0.9765625,0.984375,0.9921875,0.9921875,0.9500000000000001,0.0,0.887277248238707
storm_RandomForest_BestFirst_NoSampling_yesCostSensitive_13.csv,RandomForest,BestFirst,NoSampling,yesCostSensitive,1,0.19,0.7307692307692307,0.30158730158730157,0.27546850615668705,0.8524643786000354,0.7853690319256936,0.31832076827150924,0.4358974358974359,0.5384615384615384,0.6025641025641025,0.6794871794871795,0.7307692307692307,0.7692307692307693,0.8205128205128205,0.8461538461538461,0.8589743589743589,0.8589743589743589,0.8589743589743589,0.8589743589743589,0.8974358974358975,0.9102564102564102,0.9230769230769231,0.9358974358974359,0.9358974358974359,0.9358974358974359,1.0,0.8354655870445344,0.4358974358974359,0.5384615384615384,0.6025641025641025,0.6794871794871795,0.7307692307692307,0.7692307692307693,0.8205128205128205,0.8461538461538461,0.8589743589743589,0.8589743589743589,0.8589743589743589,0.8589743589743589,0.8974358974358975,0.9102564102564102,0.9230769230769231,0.9358974358974359,0.9358974358974359,0.9358974358974359,1.0,0.8032388663967611,0.4358974358974359,0.5384615384615384,0.6025641025641025,0.6794871794871795,0.7307692307692307,0.7692307692307693,0.8205128205128205,0.8461538461538461,0.8589743589743589,0.8589743589743589,0.8589743589743589,0.8589743589743589,0.8974358974358975,0.9102564102564102,0.9230769230769231,0.9358974358974359,0.9358974358974359,0.8,1,0.810391363022942
storm_RandomForest_BestFirst_NoSampling_yesCostSensitive_14.csv,RandomForest,BestFirst,NoSampling,yesCostSensitive,1,0.15,0.17647058823529413,0.16216216216216217,0.19494611240077797,0.9763092641830724,0.29880819463557756,0.1391362147916321,0.1568627450980392,0.19607843137254902,0.27450980392156865,0.3137254901960784,0.45098039215686275,0.45098039215686275,0.47058823529411764,0.5294117647058824,0.6666666666666666,0.7254901960784313,0.7843137254901961,0.8431372549019608,0.9215686274509803,0.9607843137254902,1.0,1.0,1.0,1.0,1.0,0.5128998968008256,0.1568627450980392,0.19607843137254902,0.27450980392156865,0.3137254901960784,0.45098039215686275,0.45098039215686275,0.47058823529411764,0.5294117647058824,0.6666666666666666,0.7254901960784313,0.7843137254901961,0.8431372549019608,0.9215686274509803,0.9607843137254902,1.0,1.0,1.0,1.0,1.0,0.6707946336429308,0.1568627450980392,0.196078431372549,0.27450980392156865,0.3137254901960784,0.4509803921568627,0.4509803921568627,0.47058823529411764,0.5294117647058824,0.6666666666666666,0.7254901960784313,0.7843137254901961,0.8431372549019608,0.9215686274509803,0.9607843137254902,1.0,1.0,1.0,1.0,1,0.6707946336429308
storm_RandomForest_BestFirst_NoSampling_yesCostSensitive_15.csv,RandomForest,BestFirst,NoSampling,yesCostSensitive,0,0.20320855614973263,0.6229508196721312,0.3064516129032258,0.3421913291990497,0.8728769013436708,0.7446197915285255,0.32353631161353114,0.2786885245901639,0.3442622950819672,0.39344262295081966,0.4262295081967213,0.47540983606557374,0.5573770491803278,0.639344262295082,0.7049180327868853,0.8032786885245902,0.8360655737704918,0.8524590163934426,0.8688524590163934,0.9016393442622951,0.9344262295081968,0.9508196721311475,0.9836065573770492,0.9836065573770492,0.9836065573770492,1.0,0.7746620649985619,0.2786885245901639,0.3442622950819672,0.39344262295081966,0.4262295081967213,0.47540983606557374,0.5573770491803278,0.639344262295082,0.7049180327868853,0.8032786885245902,0.8360655737704918,0.8524590163934426,0.8688524590163934,0.9016393442622951,0.9344262295081968,0.9508196721311475,0.9836065573770492,0.9836065573770492,0.9836065573770492,1.0,0.7304668775764548,0.2786885245901639,0.34426229508196715,0.39344262295081966,0.42622950819672134,0.47540983606557374,0.5573770491803278,0.639344262295082,0.7049180327868853,0.8032786885245902,0.8360655737704918,0.8524590163934426,0.8688524590163934,0.9016393442622951,0.9344262295081968,0.9508196721311475,0.9836065573770492,0.9836065573770492,0.9444444444444444,1,0.7325280414150129
storm_RandomForest_BestFirst_NoSampling_yesCostSensitive_16.csv,RandomForest,BestFirst,NoSampling,yesCostSensitive,1,0.13191489361702127,0.775,0.22545454545454546,0.2667585643812963,0.9229856115107914,0.8337587131367293,0.29343261302793483,0.175,0.25,0.325,0.375,0.425,0.55,0.575,0.65,0.8,0.875,0.9,0.95,0.95,0.975,0.975,0.975,0.975,0.975,1.0,0.8415204678362573,0.175,0.25,0.325,0.375,0.425,0.55,0.575,0.65,0.8,0.875,0.9,0.95,0.95,0.975,0.975,0.975,0.975,0.975,1.0,0.7181286549707602,0.17500000000000004,0.25,0.32499999999999996,0.375,0.42500000000000004,0.55,0.575,0.65,0.8,0.875,0.9,0.95,0.95,0.975,0.975,0.975,0.975,0.9444444444444444,1,0.7197368421052632
storm_RandomForest_BestFirst_NoSampling_yesCostSensitive_17.csv,RandomForest,BestFirst,NoSampling,yesCostSensitive,0,1.0,0.037037037037037035,0.07142857142857142,0.3671016042780749,1.0,0.07142857142857142,0.19126856679530044,0.07407407407407407,0.1111111111111111,0.1111111111111111,0.1111111111111111,0.2222222222222222,0.25925925925925924,0.2962962962962963,0.4444444444444444,0.5185185185185185,0.6296296296296297,0.6666666666666666,0.6666666666666666,0.7407407407407407,0.8148148148148148,0.9259259259259259,0.9629629629629629,1.0,1.0,1.0,0.5555555555555556,0.07407407407407407,0.1111111111111111,0.1111111111111111,0.1111111111111111,0.2222222222222222,0.25925925925925924,0.2962962962962963,0.4444444444444444,0.5185185185185185,0.6296296296296297,0.6666666666666666,0.6666666666666666,0.7407407407407407,0.8148148148148148,0.9259259259259259,0.9629629629629629,1.0,1.0,1.0,0.5555555555555556,0.07407407407407407,0.11111111111111116,0.11111111111111116,0.11111111111111116,0.2222222222222222,0.2592592592592593,0.2962962962962963,0.4444444444444444,0.5185185185185185,0.6296296296296297,0.6666666666666666,0.6666666666666666,0.7407407407407407,0.8148148148148148,0.9259259259259259,0.9629629629629629,1.0,1.0,1,0.5555555555555556
storm_RandomForest_BestFirst_NoSampling_yesCostSensitive_2.csv,RandomForest,BestFirst,NoSampling,yesCostSensitive,21,0.0,0,0.0,0.0,0.0,0.0,0,0,0,0,0,0,0,0,0,0,0,0,0,0,0,0,0,0,0,0,1.0,0,0,0,0,0,0,0,0,0,0,0,0,0,0,0,0,0,0,0,1.0,1,1,1,1,1,1,1,1,1,1,1,1,1,1,1,1,1,1,1,0.0
storm_RandomForest_BestFirst_NoSampling_yesCostSensitive_3.csv,RandomForest,BestFirst,NoSampling,yesCostSensitive,1,0.5644171779141104,0.4842105263157895,0.5212464589235127,0.6010273331589073,0.8627388535031845,0.6264317934550078,0.3923696265721236,0.3915343915343915,0.455026455026455,0.48148148148148145,0.4973544973544973,0.5396825396825397,0.5502645502645502,0.5608465608465608,0.5925925925925926,0.6084656084656085,0.6402116402116402,0.6825396825396826,0.6931216931216931,0.6931216931216931,0.6931216931216931,0.7142857142857143,0.8095238095238095,0.9047619047619048,0.9629629629629629,1.0,0.17181859034587316,0.3915343915343915,0.455026455026455,0.48148148148148145,0.4973544973544973,0.5396825396825397,0.5502645502645502,0.5608465608465608,0.5925925925925926,0.6084656084656085,0.6402116402116402,0.6825396825396826,0.6931216931216931,0.6931216931216931,0.6931216931216931,0.7142857142857143,0.8095238095238095,0.9047619047619048,0.9629629629629629,1.0,0.2804548991437827,0.5174825174825175,0.524390243902439,0.5141242937853108,0.5108695652173914,0.5425531914893618,0.5502645502645502,0.5608465608465608,0.5925925925925926,0.6052631578947368,0.41025641025641024,0.0,0,0,0,0,0,0,0,0.0,0.6563631300473406
storm_RandomForest_BestFirst_NoSampling_yesCostSensitive_4.csv,RandomForest,BestFirst,NoSampling,yesCostSensitive,1,0.5427631578947368,0.47277936962750716,0.5053598774885145,0.5109246238616071,0.7261172795288126,0.5825419203160536,0.23884555961055529,0.38108882521489973,0.5186246418338109,0.5959885386819485,0.673352435530086,0.7191977077363897,0.7535816618911175,0.7822349570200573,0.8022922636103151,0.830945558739255,0.8624641833810889,0.9083094555873925,0.9340974212034384,0.9570200573065902,0.9770773638968482,0.9828080229226361,0.9828080229226361,0.9828080229226361,0.9828080229226361,1.0,0.10967991347202,0.38108882521489973,0.5186246418338109,0.5959885386819485,0.673352435530086,0.7191977077363897,0.7535816618911175,0.7822349570200573,0.8022922636103151,0.830945558739255,0.8624641833810889,0.9083094555873925,0.9340974212034384,0.9570200573065902,0.9770773638968482,0.9828080229226361,0.9828080229226361,0.9828080229226361,0.9828080229226361,1.0,0.46963654381116793,0.532,0.6135593220338983,0.652037617554859,0.7014925373134329,0.7317784256559767,0.7579250720461095,0.7844827586206896,0.8045977011494252,0.727699530516432,0.5897435897435899,0.49999999999999967,0.3611111111111114,0.1666666666666663,0,0,0,0,0,1,0.8225003770170412
storm_RandomForest_BestFirst_NoSampling_yesCostSensitive_5.csv,RandomForest,BestFirst,NoSampling,yesCostSensitive,0,0.8651863600317209,1.0,0.9277210884353742,0.8098328046894192,0.4546459938980046,0.33593750000000006,0.4179258727618746,0.41284403669724773,0.5467889908256881,0.6431192660550459,0.7211009174311926,0.7807339449541284,0.8311926605504587,0.8706422018348624,0.8981651376146789,0.9201834862385321,0.9412844036697248,0.9596330275229358,0.9752293577981651,0.9862385321100917,0.9935779816513761,0.9990825688073395,1.0,1.0,1.0,1.0,0.23595083966600977,0.41284403669724773,0.5467889908256881,0.6431192660550459,0.7211009174311926,0.7807339449541284,0.8311926605504587,0.8706422018348624,0.8981651376146789,0.9201834862385321,0.9412844036697248,0.9596330275229358,0.9752293577981651,0.9862385321100917,0.9935779816513761,0.9990825688073395,1.0,1.0,1.0,1.0,0.26015090153568604,0.7402234636871509,0.6337448559670782,0.5,0.39062499999999956,0.2604166666666663,0.1999999999999993,0.14285714285714357,0.07499999999999774,0.0,0.0,0,0.0,0,0,0.0,1,1,0.0,0.0,0.8673587638821825
storm_RandomForest_BestFirst_NoSampling_yesCostSensitive_6.csv,RandomForest,BestFirst,NoSampling,yesCostSensitive,0,0.0341130604288499,0.8974358974358975,0.06572769953051644,0.06801487607032844,0.7067964386440304,0.43556039511550126,0.06692685560096033,0.1794871794871795,0.28205128205128205,0.4358974358974359,0.48717948717948717,0.5641025641025641,0.717948717948718,0.7948717948717948,0.8205128205128205,0.8461538461538461,0.9230769230769231,0.9487179487179487,0.9743589743589743,0.9743589743589743,1.0,1.0,1.0,1.0,1.0,1.0,0.5870445344129555,0.1794871794871795,0.28205128205128205,0.4358974358974359,0.48717948717948717,0.5641025641025641,0.717948717948718,0.7948717948717948,0.8205128205128205,0.8461538461538461,0.9230769230769231,0.9487179487179487,0.9743589743589743,0.9743589743589743,1.0,1.0,1.0,1.0,1.0,1.0,0.786774628879892,0.17948717948717952,0.28205128205128205,0.4358974358974359,0.4871794871794872,0.5641025641025641,0.717948717948718,0.7948717948717948,0.8205128205128205,0.8461538461538461,0.9230769230769231,0.9487179487179487,0.9743589743589743,0.9743589743589743,1.0,1.0,1.0,1.0,1.0,1,0.786774628879892
storm_RandomForest_BestFirst_NoSampling_yesCostSensitive_7.csv,RandomForest,BestFirst,NoSampling,yesCostSensitive,268,0,0.0,0.0,0.016199733180865258,1.0,0.0,0,0.09803921568627451,0.29411764705882354,0.35294117647058826,0.43137254901960786,0.5294117647058824,0.5882352941176471,0.6470588235294118,0.7843137254901961,0.8235294117647058,0.8627450980392157,0.9215686274509803,0.9803921568627451,0.9803921568627451,0.9803921568627451,1.0,1.0,1.0,1.0,1.0,0.7512899896800826,0.09803921568627451,0.29411764705882354,0.35294117647058826,0.43137254901960786,0.5294117647058824,0.5882352941176471,0.6470588235294118,0.7843137254901961,0.8235294117647058,0.8627450980392157,0.9215686274509803,0.9803921568627451,0.9803921568627451,0.9803921568627451,1.0,1.0,1.0,1.0,1.0,0.7512899896800826,0.0980392156862745,0.2941176470588236,0.3529411764705883,0.43137254901960786,0.5294117647058824,0.5882352941176471,0.6470588235294118,0.7843137254901961,0.8235294117647058,0.8627450980392157,0.9215686274509803,0.9803921568627451,0.9803921568627451,0.9803921568627451,1.0,1.0,1.0,1.0,1,0.7512899896800826
storm_RandomForest_BestFirst_NoSampling_yesCostSensitive_8.csv,RandomForest,BestFirst,NoSampling,yesCostSensitive,1,0.4842105263157895,0.7419354838709677,0.5859872611464968,0.39423040799303366,0.9691509084167597,0.8379283839248162,0.5763780573278596,0.41935483870967744,0.4838709677419355,0.5161290322580645,0.6290322580645161,0.7258064516129032,0.8225806451612904,0.8709677419354839,0.9354838709677419,0.9354838709677419,0.9516129032258065,0.967741935483871,0.9838709677419355,1.0,1.0,1.0,1.0,1.0,1.0,1.0,0.8473015383032361,0.41935483870967744,0.4838709677419355,0.5161290322580645,0.6290322580645161,0.7258064516129032,0.8225806451612904,0.8709677419354839,0.9354838709677419,0.9354838709677419,0.9516129032258065,0.967741935483871,0.9838709677419355,1.0,1.0,1.0,1.0,1.0,1.0,1.0,0.8548387096774194,0.4193548387096775,0.4838709677419355,0.5161290322580645,0.6290322580645161,0.7258064516129032,0.8225806451612904,0.8709677419354839,0.9354838709677419,0.9354838709677419,0.9516129032258065,0.967741935483871,0.9838709677419355,1.0,1.0,1.0,1.0,1.0,1.0,1,0.8548387096774194
storm_RandomForest_BestFirst_NoSampling_yesCostSensitive_9.csv,RandomForest,BestFirst,NoSampling,yesCostSensitive,1,0.2073170731707317,0.4146341463414634,0.2764227642276423,0.1950057577546497,0.9420407368967303,0.5785471874371799,0.2662854502293416,0.2682926829268293,0.4146341463414634,0.4146341463414634,0.5365853658536586,0.6341463414634146,0.7804878048780488,0.8048780487804879,0.8780487804878049,0.9024390243902439,0.926829268292683,0.926829268292683,0.9512195121951219,0.975609756097561,1.0,1.0,1.0,1.0,1.0,1.0,0.6893453145057766,0.2682926829268293,0.4146341463414634,0.4146341463414634,0.5365853658536586,0.6341463414634146,0.7804878048780488,0.8048780487804879,0.8780487804878049,0.9024390243902439,0.926829268292683,0.926829268292683,0.9512195121951219,0.975609756097561,1.0,1.0,1.0,1.0,1.0,1.0,0.8112965340179717,0.2682926829268293,0.41463414634146334,0.41463414634146334,0.5365853658536586,0.6341463414634146,0.7804878048780488,0.8048780487804879,0.8780487804878049,0.9024390243902439,0.926829268292683,0.926829268292683,0.9512195121951219,0.975609756097561,1.0,1.0,1.0,1.0,1.0,1,0.8112965340179717
storm_RandomForest_BestFirst_SMOTE_noCostSensitive_1.csv,RandomForest,BestFirst,SMOTE,noCostSensitive,0,0,0.0,0.0,0.03385203385203385,1.0,0.0,0,0.21862348178137653,0.3076923076923077,0.3967611336032389,0.46963562753036436,0.5789473684210527,0.6477732793522267,0.7165991902834008,0.7732793522267206,0.8259109311740891,0.8582995951417004,0.8987854251012146,0.9352226720647774,0.9635627530364372,0.979757085020243,0.9919028340080972,1.0,1.0,1.0,1.0,0.241626850043134,0.21862348178137653,0.3076923076923077,0.3967611336032389,0.46963562753036436,0.5789473684210527,0.6477732793522267,0.7165991902834008,0.7732793522267206,0.8259109311740891,0.8582995951417004,0.8987854251012146,0.9352226720647774,0.9635627530364372,0.979757085020243,0.9919028340080972,1.0,1.0,1.0,1.0,0.241626850043134,0.3829787234042553,0.44444444444444453,0.5130890052356021,0.5631067961165048,0.6559633027522935,0.4887218045112782,0.38541666666666663,0.29166666666666663,0.23636363636363655,0.16666666666666685,0.137931034482759,0.15789473684210542,0.1666666666666663,0.0,0.0,0.0,0.0,0.0,0.0,0.7664606861282761
storm_RandomForest_BestFirst_SMOTE_noCostSensitive_10.csv,RandomForest,BestFirst,SMOTE,noCostSensitive,1,0.14285714285714285,0.017241379310344827,0.03076923076923077,0.17817004036604825,0.9758330731141547,0.03389606673563269,0.03783873408366538,0.2413793103448276,0.3620689655172414,0.41379310344827586,0.5344827586206896,0.6206896551724138,0.7068965517241379,0.7586206896551724,0.8620689655172413,0.896551724137931,0.9137931034482759,0.9310344827586207,0.9655172413793104,0.9827586206896551,0.9827586206896551,1.0,1.0,1.0,1.0,1.0,0.7894736842105263,0.2413793103448276,0.3620689655172414,0.41379310344827586,0.5344827586206896,0.6206896551724138,0.7068965517241379,0.7586206896551724,0.8620689655172413,0.896551724137931,0.9137931034482759,0.9310344827586207,0.9655172413793104,0.9827586206896551,0.9827586206896551,1.0,1.0,1.0,1.0,1.0,0.7985480943738658,0.24137931034482762,0.3620689655172413,0.4137931034482758,0.5344827586206896,0.6206896551724138,0.7068965517241379,0.7586206896551724,0.8620689655172413,0.896551724137931,0.9137931034482759,0.9310344827586207,0.9655172413793104,0.9827586206896551,0.9827586206896551,1.0,1.0,1.0,1.0,1,0.7985480943738658
storm_RandomForest_BestFirst_SMOTE_noCostSensitive_11.csv,RandomForest,BestFirst,SMOTE,noCostSensitive,0,0.6666666666666666,0.44776119402985076,0.5357142857142857,0.596048917442578,0.8121849280472226,0.6146952534872269,0.5146092206259885,0.5074626865671642,0.5895522388059702,0.6865671641791045,0.753731343283582,0.8059701492537313,0.8432835820895522,0.8805970149253731,0.8955223880597015,0.917910447761194,0.9253731343283582,0.9253731343283582,0.9253731343283582,0.9253731343283582,0.9328358208955224,0.9925373134328358,1.0,1.0,1.0,1.0,0.8095051060487038,0.5074626865671642,0.5895522388059702,0.6865671641791045,0.753731343283582,0.8059701492537313,0.8432835820895522,0.8805970149253731,0.8955223880597015,0.917910447761194,0.9253731343283582,0.9253731343283582,0.9253731343283582,0.9253731343283582,0.9328358208955224,0.9925373134328358,1.0,1.0,1.0,1.0,0.868813825608798,0.5074626865671642,0.5895522388059702,0.6865671641791045,0.753731343283582,0.8059701492537313,0.8432835820895522,0.8805970149253731,0.8955223880597015,0.917910447761194,0.9253731343283582,0.9253731343283582,0.9253731343283582,0.9253731343283582,0.9328358208955224,0.9925373134328358,1.0,1.0,1.0,1,0.868813825608798
storm_RandomForest_BestFirst_SMOTE_noCostSensitive_12.csv,RandomForest,BestFirst,SMOTE,noCostSensitive,0,0.7590361445783133,0.4921875,0.5971563981042654,0.6127399476232254,0.8082199566312258,0.6572321752760829,0.5899382371195533,0.5546875,0.6328125,0.734375,0.8046875,0.8515625,0.859375,0.90625,0.9296875,0.9453125,0.953125,0.953125,0.9765625,0.984375,0.9921875,0.9921875,0.9921875,1.0,1.0,1.0,0.8441611842105263,0.5546875,0.6328125,0.734375,0.8046875,0.8515625,0.859375,0.90625,0.9296875,0.9453125,0.953125,0.953125,0.9765625,0.984375,0.9921875,0.9921875,0.9921875,1.0,1.0,1.0,0.8980263157894737,0.5546875,0.6328125,0.734375,0.8046875,0.8515625,0.859375,0.90625,0.9296875,0.9453125,0.953125,0.953125,0.9765625,0.984375,0.9921875,0.9921875,0.9921875,1.0,1.0,1,0.8980263157894737
storm_RandomForest_BestFirst_SMOTE_noCostSensitive_13.csv,RandomForest,BestFirst,SMOTE,noCostSensitive,0,0.6181818181818182,0.4358974358974359,0.5112781954887218,0.5017756204917717,0.7754695004228301,0.6047121886669732,0.49997176947899863,0.5384615384615384,0.6282051282051282,0.7051282051282052,0.7692307692307693,0.8205128205128205,0.8333333333333334,0.8717948717948718,0.9102564102564102,0.9487179487179487,0.9743589743589743,0.9743589743589743,0.9871794871794872,0.9871794871794872,0.9871794871794872,1.0,1.0,1.0,1.0,1.0,0.8394062078272605,0.5384615384615384,0.6282051282051282,0.7051282051282052,0.7692307692307693,0.8205128205128205,0.8333333333333334,0.8717948717948718,0.9102564102564102,0.9487179487179487,0.9743589743589743,0.9743589743589743,0.9871794871794872,0.9871794871794872,0.9871794871794872,1.0,1.0,1.0,1.0,1.0,0.8913630229419705,0.5384615384615384,0.6282051282051282,0.7051282051282052,0.7692307692307693,0.8205128205128205,0.8333333333333334,0.8717948717948718,0.9102564102564102,0.9487179487179487,0.9743589743589743,0.9743589743589743,0.9871794871794872,0.9871794871794872,0.9871794871794872,1.0,1.0,1.0,1.0,1,0.8913630229419702
storm_RandomForest_BestFirst_SMOTE_noCostSensitive_14.csv,RandomForest,BestFirst,SMOTE,noCostSensitive,0,0.23214285714285715,0.2549019607843137,0.24299065420560748,0.23503233307737081,0.6417908961451517,0.4044159808759277,0.22269854936374572,0.27450980392156865,0.3137254901960784,0.45098039215686275,0.47058823529411764,0.5294117647058824,0.5490196078431373,0.5882352941176471,0.6274509803921569,0.7058823529411765,0.7647058823529411,0.803921568627451,0.8627450980392157,0.9019607843137255,0.9411764705882353,0.9607843137254902,1.0,1.0,1.0,1.0,0.7368421052631579,0.27450980392156865,0.3137254901960784,0.45098039215686275,0.47058823529411764,0.5294117647058824,0.5490196078431373,0.5882352941176471,0.6274509803921569,0.7058823529411765,0.7647058823529411,0.803921568627451,0.8627450980392157,0.9019607843137255,0.9411764705882353,0.9607843137254902,1.0,1.0,1.0,1.0,0.7234262125902994,0.27450980392156865,0.3137254901960784,0.4509803921568627,0.47058823529411764,0.5294117647058824,0.5490196078431373,0.5882352941176471,0.6274509803921569,0.7058823529411765,0.7647058823529411,0.803921568627451,0.8627450980392157,0.9019607843137255,0.9411764705882353,0.9607843137254902,1.0,1.0,1.0,1,0.7234262125902994
storm_RandomForest_BestFirst_SMOTE_noCostSensitive_15.csv,RandomForest,BestFirst,SMOTE,noCostSensitive,0,0.5862068965517241,0.5573770491803278,0.5714285714285714,0.5055094958474514,0.7732760603173562,0.7126852186483555,0.5588593220138856,0.4098360655737705,0.4918032786885246,0.6065573770491803,0.6229508196721312,0.6557377049180327,0.7213114754098361,0.7540983606557377,0.7868852459016393,0.7868852459016393,0.819672131147541,0.819672131147541,0.9016393442622951,0.9672131147540983,0.9672131147540983,0.9672131147540983,1.0,1.0,1.0,1.0,0.8343399482312338,0.4098360655737705,0.4918032786885246,0.6065573770491803,0.6229508196721312,0.6557377049180327,0.7213114754098361,0.7540983606557377,0.7868852459016393,0.7868852459016393,0.819672131147541,0.819672131147541,0.9016393442622951,0.9672131147540983,0.9672131147540983,0.9672131147540983,1.0,1.0,1.0,1.0,0.8041415012942191,0.4098360655737705,0.4918032786885246,0.6065573770491803,0.6229508196721312,0.6557377049180327,0.7213114754098361,0.7540983606557377,0.7868852459016393,0.7868852459016393,0.819672131147541,0.819672131147541,0.9016393442622951,0.9672131147540983,0.9672131147540983,0.9672131147540983,1.0,1.0,1.0,1,0.8041415012942191
storm_RandomForest_BestFirst_SMOTE_noCostSensitive_16.csv,RandomForest,BestFirst,SMOTE,noCostSensitive,1,0.34177215189873417,0.675,0.453781512605042,0.3324581190189759,0.8529976019184651,0.7977473385895434,0.4669496739149095,0.375,0.5,0.6,0.675,0.75,0.8,0.8,0.85,0.9,0.9,0.9,0.925,0.925,0.95,0.975,1.0,1.0,1.0,1.0,0.8881578947368421,0.375,0.5,0.6,0.675,0.75,0.8,0.8,0.85,0.9,0.9,0.9,0.925,0.925,0.95,0.975,1.0,1.0,1.0,1.0,0.8328947368421052,0.375,0.5,0.6,0.675,0.75,0.8,0.8,0.85,0.9,0.9,0.9,0.925,0.925,0.95,0.975,1.0,1.0,1.0,1,0.8328947368421052
storm_RandomForest_BestFirst_SMOTE_noCostSensitive_17.csv,RandomForest,BestFirst,SMOTE,noCostSensitive,1,0.17857142857142858,0.18518518518518517,0.18181818181818182,0.09563399094672093,0.5814179288917132,0.31195970833646547,0.17112375208005393,0.1111111111111111,0.18518518518518517,0.25925925925925924,0.37037037037037035,0.4074074074074074,0.4074074074074074,0.5185185185185185,0.5185185185185185,0.5925925925925926,0.7037037037037037,0.7407407407407407,0.8148148148148148,0.8148148148148148,0.8518518518518519,0.9259259259259259,0.9629629629629629,1.0,1.0,1.0,0.6861598440545809,0.1111111111111111,0.18518518518518517,0.25925925925925924,0.37037037037037035,0.4074074074074074,0.4074074074074074,0.5185185185185185,0.5185185185185185,0.5925925925925926,0.7037037037037037,0.7407407407407407,0.8148148148148148,0.8148148148148148,0.8518518518518519,0.9259259259259259,0.9629629629629629,1.0,1.0,1.0,0.6413255360623782,0.11111111111111116,0.18518518518518512,0.2592592592592593,0.37037037037037035,0.40740740740740744,0.40740740740740744,0.5185185185185185,0.5185185185185185,0.5925925925925926,0.7037037037037037,0.7407407407407407,0.8148148148148148,0.8148148148148148,0.8518518518518519,0.9259259259259259,0.9629629629629629,1.0,1.0,1,0.6413255360623782
storm_RandomForest_BestFirst_SMOTE_noCostSensitive_2.csv,RandomForest,BestFirst,SMOTE,noCostSensitive,21,0.0,0,0.0,0.0,0.0,0.0,0,0,0,0,0,0,0,0,0,0,0,0,0,0,0,0,0,0,0,0,1.0,0,0,0,0,0,0,0,0,0,0,0,0,0,0,0,0,0,0,0,1.0,1,1,1,1,1,1,1,1,1,1,1,1,1,1,1,1,1,1,1,0.0
storm_RandomForest_BestFirst_SMOTE_noCostSensitive_3.csv,RandomForest,BestFirst,SMOTE,noCostSensitive,1,0.625,0.4473684210526316,0.5214723926380368,0.6192783649814891,0.8971924237344955,0.6017422244034109,0.4153017688440497,0.38421052631578945,0.4421052631578947,0.45263157894736844,0.49473684210526314,0.5105263157894737,0.5421052631578948,0.5631578947368421,0.5894736842105263,0.6368421052631579,0.6368421052631579,0.6368421052631579,0.6368421052631579,0.6421052631578947,0.6842105263157895,0.7947368421052632,0.8578947368421053,0.9157894736842105,0.968421052631579,1.0,0.21523897572388057,0.38421052631578945,0.4421052631578947,0.45263157894736844,0.49473684210526314,0.5105263157894737,0.5421052631578948,0.5631578947368421,0.5894736842105263,0.6368421052631579,0.6368421052631579,0.6368421052631579,0.6368421052631579,0.6421052631578947,0.6842105263157895,0.7947368421052632,0.8578947368421053,0.9157894736842105,0.968421052631579,1.0,0.3308520826265575,0.5104895104895104,0.5121951219512195,0.48587570621468923,0.5108695652173914,0.5159574468085106,0.544973544973545,0.566137566137566,0.5925925925925926,0.6368421052631579,0.41025641025641024,0,0,0,0,0,0,0,0,1,0.6520775623268698
storm_RandomForest_BestFirst_SMOTE_noCostSensitive_4.csv,RandomForest,BestFirst,SMOTE,noCostSensitive,3,0.5126903553299492,0.28939828080229224,0.36996336996337,0.5360819645382564,0.7978699060808659,0.4296044236495108,0.14530534784347504,0.2664756446991404,0.3237822349570201,0.3495702005730659,0.37822349570200575,0.3982808022922636,0.4269340974212034,0.44126074498567336,0.45558739255014324,0.4871060171919771,0.5214899713467048,0.5501432664756447,0.5501432664756447,0.5501432664756447,0.5501432664756447,0.6332378223495702,0.8080229226361032,0.9226361031518625,0.9713467048710601,1.0,0.11871302844560119,0.2664756446991404,0.3237822349570201,0.3495702005730659,0.37822349570200575,0.3982808022922636,0.4269340974212034,0.44126074498567336,0.45558739255014324,0.4871060171919771,0.5214899713467048,0.5501432664756447,0.5501432664756447,0.5501432664756447,0.5501432664756447,0.6332378223495702,0.8080229226361032,0.9226361031518625,0.9713467048710601,1.0,0.23315331587071228,0.372,0.3830508474576272,0.3824451410658307,0.39402985074626873,0.40524781341107874,0.42939481268011526,0.44252873563218387,0.4568965517241379,0.16431924882629112,0,0,0,0,0,0,0,0,0,1,0.5570803800331775
storm_RandomForest_BestFirst_SMOTE_noCostSensitive_5.csv,RandomForest,BestFirst,SMOTE,noCostSensitive,0,0.8855218855218855,0.4821264894592117,0.6243323442136498,0.890013627042137,0.6416218053816328,0.564475841218504,0.12090417834679003,0.24747937671860679,0.3226397800183318,0.41246562786434465,0.5087076076993584,0.5673693858845096,0.6406966086159487,0.6681943171402384,0.692025664527956,0.7167736021998167,0.7396883593033914,0.7745187901008249,0.8194317140238313,0.8395967002749771,0.851512373968836,0.8900091659028414,0.8900091659028414,0.8900091659028414,0.8900091659028414,1.0,0.15789473684210525,0.24747937671860679,0.3226397800183318,0.41246562786434465,0.5087076076993584,0.5673693858845096,0.6406966086159487,0.6681943171402384,0.692025664527956,0.7167736021998167,0.7396883593033914,0.7745187901008249,0.8194317140238313,0.8395967002749771,0.851512373968836,0.8900091659028414,0.8900091659028414,0.8900091659028414,0.8900091659028414,1.0,0.17039106145251395,0.23743016759776525,0,0,0,0,0,0,0,0,0,0,0,0,0,0,1,1,0,1,0.703217714313281
storm_RandomForest_BestFirst_SMOTE_noCostSensitive_6.csv,RandomForest,BestFirst,SMOTE,noCostSensitive,0,0.1349206349206349,0.4358974358974359,0.20606060606060606,0.20010154486553547,0.7227045659827833,0.5918663860411433,0.20544342121263023,0.3076923076923077,0.358974358974359,0.4358974358974359,0.5384615384615384,0.6410256410256411,0.717948717948718,0.7692307692307693,0.8717948717948718,0.8974358974358975,0.8974358974358975,0.9230769230769231,0.9743589743589743,0.9743589743589743,0.9743589743589743,0.9743589743589743,0.9743589743589743,0.9743589743589743,1.0,1.0,0.6099865047233468,0.3076923076923077,0.358974358974359,0.4358974358974359,0.5384615384615384,0.6410256410256411,0.717948717948718,0.7692307692307693,0.8717948717948718,0.8974358974358975,0.8974358974358975,0.9230769230769231,0.9743589743589743,0.9743589743589743,0.9743589743589743,0.9743589743589743,0.9743589743589743,0.9743589743589743,1.0,1.0,0.8002699055330634,0.3076923076923077,0.35897435897435903,0.4358974358974359,0.5384615384615384,0.6410256410256411,0.717948717948718,0.7692307692307693,0.8717948717948718,0.8974358974358975,0.8974358974358975,0.9230769230769231,0.9743589743589743,0.9743589743589743,0.9743589743589743,0.9743589743589743,0.9743589743589743,0.9743589743589743,1.0,1,0.8002699055330634
storm_RandomForest_BestFirst_SMOTE_noCostSensitive_7.csv,RandomForest,BestFirst,SMOTE,noCostSensitive,1,0.15789473684210525,0.058823529411764705,0.08571428571428572,0.13422555876361922,0.561537368570617,0.11103874959296646,0.07649661801567904,0.1568627450980392,0.2549019607843137,0.39215686274509803,0.43137254901960786,0.5490196078431373,0.6078431372549019,0.6666666666666666,0.7254901960784313,0.7450980392156863,0.7647058823529411,0.803921568627451,0.8235294117647058,0.8235294117647058,0.8235294117647058,0.8235294117647058,0.8431372549019608,0.8823529411764706,0.9803921568627451,1.0,0.519458037884084,0.1568627450980392,0.2549019607843137,0.39215686274509803,0.43137254901960786,0.5490196078431373,0.6078431372549019,0.6666666666666666,0.7254901960784313,0.7450980392156863,0.7647058823529411,0.803921568627451,0.8235294117647058,0.8235294117647058,0.8235294117647058,0.8235294117647058,0.8431372549019608,0.8823529411764706,0.9803921568627451,1.0,0.6887046839109159,0.1568627450980392,0.2549019607843137,0.392156862745098,0.43137254901960786,0.5490196078431373,0.6078431372549019,0.6666666666666666,0.7254901960784313,0.7450980392156863,0.7647058823529411,0.803921568627451,0.8235294117647058,0.8235294117647058,0.8235294117647058,0.8235294117647058,0.8431372549019608,0.8823529411764706,0.9677419354838709,1,0.6893704850361196
storm_RandomForest_BestFirst_SMOTE_noCostSensitive_8.csv,RandomForest,BestFirst,SMOTE,noCostSensitive,0,0.7291666666666666,0.5645161290322581,0.6363636363636364,0.5807323486711105,0.8983191200098879,0.7190389492681609,0.6269057791698602,0.5483870967741935,0.5806451612903226,0.7419354838709677,0.7419354838709677,0.8225806451612904,0.8387096774193549,0.9032258064516129,0.9354838709677419,0.9516129032258065,0.967741935483871,0.967741935483871,0.9838709677419355,0.9838709677419355,0.9838709677419355,0.9838709677419355,0.9838709677419355,0.9838709677419355,0.9838709677419355,1.0,0.7925348562020889,0.5483870967741935,0.5806451612903226,0.7419354838709677,0.7419354838709677,0.8225806451612904,0.8387096774193549,0.9032258064516129,0.9354838709677419,0.9516129032258065,0.967741935483871,0.967741935483871,0.9838709677419355,0.9838709677419355,0.9838709677419355,0.9838709677419355,0.9838709677419355,0.9838709677419355,0.9838709677419355,1.0,0.888048567165715,0.5483870967741935,0.5806451612903226,0.7419354838709677,0.7419354838709677,0.8225806451612904,0.8387096774193549,0.9032258064516129,0.9354838709677419,0.9516129032258065,0.967741935483871,0.967741935483871,0.9838709677419355,0.9838709677419355,0.9838709677419355,0.9838709677419355,0.9838709677419355,0.9838709677419355,0.9696969696969697,1,0.8887945670628183
storm_RandomForest_BestFirst_SMOTE_noCostSensitive_9.csv,RandomForest,BestFirst,SMOTE,noCostSensitive,0,0.43478260869565216,0.24390243902439024,0.3125,0.3970988335148535,0.928710430721328,0.3914875740111066,0.3122414250248474,0.36585365853658536,0.4634146341463415,0.5365853658536586,0.6341463414634146,0.7073170731707317,0.8048780487804879,0.8048780487804879,0.8536585365853658,0.9512195121951219,0.9512195121951219,0.9512195121951219,0.9512195121951219,1.0,1.0,1.0,1.0,1.0,1.0,1.0,0.6983311938382541,0.36585365853658536,0.4634146341463415,0.5365853658536586,0.6341463414634146,0.7073170731707317,0.8048780487804879,0.8048780487804879,0.8536585365853658,0.9512195121951219,0.9512195121951219,0.9512195121951219,0.9512195121951219,1.0,1.0,1.0,1.0,1.0,1.0,1.0,0.8408215661103979,0.36585365853658536,0.46341463414634143,0.5365853658536586,0.6341463414634146,0.7073170731707317,0.8048780487804879,0.8048780487804879,0.8536585365853658,0.9512195121951219,0.9512195121951219,0.9512195121951219,0.9512195121951219,1.0,1.0,1.0,1.0,1.0,1.0,1,0.8408215661103979
storm_RandomForest_BestFirst_SMOTE_yesCostSensitive_1.csv,RandomForest,BestFirst,SMOTE,yesCostSensitive,0,0,0.0,0.0,0.03385203385203385,1.0,0.0,0,0.20242914979757085,0.2834008097165992,0.3441295546558704,0.41295546558704455,0.46963562753036436,0.5425101214574899,0.6032388663967612,0.6761133603238867,0.7368421052631579,0.8137651821862348,0.8704453441295547,0.902834008097166,0.9311740890688259,0.9635627530364372,0.9919028340080972,1.0,1.0,1.0,1.0,0.07419292612600979,0.20242914979757085,0.2834008097165992,0.3441295546558704,0.41295546558704455,0.46963562753036436,0.5425101214574899,0.6032388663967612,0.6761133603238867,0.7368421052631579,0.8137651821862348,0.8704453441295547,0.902834008097166,0.9311740890688259,0.9635627530364372,0.9919028340080972,1.0,1.0,1.0,1.0,0.1380648230396069,0.35460992907801425,0.4093567251461988,0.4450261780104712,0.49514563106796117,0.5321100917431192,0.29323308270676696,0.09375,0,0,0,0,0,0,0,0.0,0.0,0.0,0.0,0.0,0.7234178563818453
storm_RandomForest_BestFirst_SMOTE_yesCostSensitive_10.csv,RandomForest,BestFirst,SMOTE,yesCostSensitive,0,0.036455059710873663,1.0,0.0703456640388114,0.02651474159832896,0.9631306597671412,0.01667735728030789,0.017508374936344478,0.22413793103448276,0.3448275862068966,0.39655172413793105,0.5,0.6206896551724138,0.7068965517241379,0.7586206896551724,0.8448275862068966,0.896551724137931,0.9137931034482759,0.9310344827586207,0.9655172413793104,0.9827586206896551,0.9827586206896551,1.0,1.0,1.0,1.0,1.0,0.7849364791288567,0.22413793103448276,0.3448275862068966,0.39655172413793105,0.5,0.6206896551724138,0.7068965517241379,0.7586206896551724,0.8448275862068966,0.896551724137931,0.9137931034482759,0.9310344827586207,0.9655172413793104,0.9827586206896551,0.9827586206896551,1.0,1.0,1.0,1.0,1.0,0.7931034482758621,0.22413793103448276,0.3448275862068966,0.39655172413793105,0.5,0.6206896551724138,0.7068965517241379,0.7586206896551724,0.8448275862068966,0.896551724137931,0.9137931034482759,0.9310344827586207,0.9655172413793104,0.9827586206896551,0.9827586206896551,1.0,1.0,1.0,1.0,1,0.7931034482758621
storm_RandomForest_BestFirst_SMOTE_yesCostSensitive_11.csv,RandomForest,BestFirst,SMOTE,yesCostSensitive,0,0.07850707850707851,0.9104477611940298,0.14454976303317535,0.13098063564650264,0.8381334865156632,0.094376598729268,-0.048622542937889854,0.3582089552238806,0.5,0.6044776119402985,0.6492537313432836,0.7313432835820896,0.7910447761194029,0.8507462686567164,0.8955223880597015,0.917910447761194,0.917910447761194,0.9253731343283582,0.9253731343283582,0.9328358208955224,0.9477611940298507,0.9925373134328358,1.0,1.0,1.0,1.0,0.8166124265888602,0.3582089552238806,0.5,0.6044776119402985,0.6492537313432836,0.7313432835820896,0.7910447761194029,0.8507462686567164,0.8955223880597015,0.917910447761194,0.917910447761194,0.9253731343283582,0.9253731343283582,0.9328358208955224,0.9477611940298507,0.9925373134328358,1.0,1.0,1.0,1.0,0.8389630793401414,0.3582089552238805,0.5,0.6044776119402985,0.6492537313432836,0.7313432835820896,0.7910447761194029,0.8507462686567164,0.8955223880597015,0.917910447761194,0.917910447761194,0.9253731343283582,0.9253731343283582,0.9328358208955224,0.9477611940298507,0.9925373134328358,1.0,1.0,1.0,1,0.8389630793401415
storm_RandomForest_BestFirst_SMOTE_yesCostSensitive_12.csv,RandomForest,BestFirst,SMOTE,yesCostSensitive,0,0.10101010101010101,0.703125,0.17664376840039253,0.13179489614348236,0.7591153119753776,0.6183153450065844,0.1276225334780148,0.40625,0.484375,0.59375,0.6796875,0.71875,0.734375,0.828125,0.8671875,0.8828125,0.9140625,0.9296875,0.9375,0.96875,1.0,1.0,1.0,1.0,1.0,1.0,0.7759868421052631,0.40625,0.484375,0.59375,0.6796875,0.71875,0.734375,0.828125,0.8671875,0.8828125,0.9140625,0.9296875,0.9375,0.96875,1.0,1.0,1.0,1.0,1.0,1.0,0.8392269736842105,0.40625,0.484375,0.59375,0.6796875,0.71875,0.734375,0.828125,0.8671875,0.8828125,0.9140625,0.9296875,0.9375,0.96875,1.0,1.0,1.0,1.0,1.0,1,0.8392269736842105
storm_RandomForest_BestFirst_SMOTE_yesCostSensitive_13.csv,RandomForest,BestFirst,SMOTE,yesCostSensitive,0,0.04455445544554455,0.9230769230769231,0.08500590318772137,0.08196209483595007,0.8458187736345797,0.07521265482763757,-0.03999235736627345,0.33766233766233766,0.4155844155844156,0.5064935064935064,0.5584415584415584,0.6493506493506493,0.7532467532467533,0.8051948051948052,0.8311688311688312,0.8701298701298701,0.8831168831168831,0.8961038961038961,0.9090909090909091,0.922077922077922,0.935064935064935,0.935064935064935,0.935064935064935,0.935064935064935,0.935064935064935,1.0,0.840944669365722,0.33766233766233766,0.4155844155844156,0.5064935064935064,0.5584415584415584,0.6493506493506493,0.7532467532467533,0.8051948051948052,0.8311688311688312,0.8701298701298701,0.8831168831168831,0.8961038961038961,0.9090909090909091,0.922077922077922,0.935064935064935,0.935064935064935,0.935064935064935,0.935064935064935,0.935064935064935,1.0,0.7194871794871796,0.33333333333333337,0.41025641025641035,0.5,0.5512820512820513,0.6410256410256411,0.7435897435897437,0.7948717948717949,0.8205128205128207,0.858974358974359,0.8717948717948718,0.8846153846153847,0.8974358974358975,0.9102564102564104,0.9230769230769231,0.9230769230769231,0.9230769230769231,0.9230769230769231,0.7600000000000002,0.0,0.7901572112098428
storm_RandomForest_BestFirst_SMOTE_yesCostSensitive_14.csv,RandomForest,BestFirst,SMOTE,yesCostSensitive,0,0.02524752475247525,1.0,0.04925156929019797,0.12320946380352321,0.9563827562513071,0.0,0,0.11764705882352941,0.17647058823529413,0.2549019607843137,0.3137254901960784,0.45098039215686275,0.45098039215686275,0.49019607843137253,0.6078431372549019,0.6666666666666666,0.7450980392156863,0.7647058823529411,0.8235294117647058,0.9019607843137255,0.9411764705882353,0.9803921568627451,1.0,1.0,1.0,1.0,0.46885014393569063,0.11764705882352941,0.17647058823529413,0.2549019607843137,0.3137254901960784,0.45098039215686275,0.45098039215686275,0.49019607843137253,0.6078431372549019,0.6666666666666666,0.7450980392156863,0.7647058823529411,0.8235294117647058,0.9019607843137255,0.9411764705882353,0.9803921568627451,1.0,1.0,1.0,1.0,0.6676986584107327,0.11764705882352944,0.17647058823529416,0.2549019607843137,0.3137254901960784,0.4509803921568627,0.4509803921568627,0.4901960784313726,0.6078431372549019,0.6666666666666666,0.7450980392156863,0.7647058823529411,0.8235294117647058,0.9019607843137255,0.9411764705882353,0.9803921568627451,1.0,1.0,1.0,1,0.6676986584107327
storm_RandomForest_BestFirst_SMOTE_yesCostSensitive_15.csv,RandomForest,BestFirst,SMOTE,yesCostSensitive,0,0.028762198253723677,0.9180327868852459,0.055776892430278883,0.06639862260145275,0.8773612799369233,0.09950838121186986,-0.022138670770356795,0.14754098360655737,0.18032786885245902,0.26229508196721313,0.32786885245901637,0.4098360655737705,0.47540983606557374,0.5573770491803278,0.6557377049180327,0.7540983606557377,0.8032786885245902,0.8524590163934426,0.8688524590163934,0.9016393442622951,0.9180327868852459,0.9836065573770492,1.0,1.0,1.0,1.0,0.8336688716326335,0.14754098360655737,0.18032786885245902,0.26229508196721313,0.32786885245901637,0.4098360655737705,0.47540983606557374,0.5573770491803278,0.6557377049180327,0.7540983606557377,0.8032786885245902,0.8524590163934426,0.8688524590163934,0.9016393442622951,0.9180327868852459,0.9836065573770492,1.0,1.0,1.0,1.0,0.6893874029335634,0.14754098360655732,0.180327868852459,0.2622950819672132,0.3278688524590163,0.4098360655737705,0.47540983606557374,0.5573770491803278,0.6557377049180327,0.7540983606557377,0.8032786885245902,0.8524590163934426,0.8688524590163934,0.9016393442622951,0.9180327868852459,0.9836065573770492,1.0,1.0,1.0,1,0.6893874029335635
storm_RandomForest_BestFirst_SMOTE_yesCostSensitive_16.csv,RandomForest,BestFirst,SMOTE,yesCostSensitive,2,0.018235584031542632,0.925,0.035766070565490575,0.045016463056353685,0.9109352517985612,0.08510480430346869,-0.01988924503609899,0.02564102564102564,0.05128205128205128,0.10256410256410256,0.1282051282051282,0.20512820512820512,0.3076923076923077,0.38461538461538464,0.5641025641025641,0.717948717948718,0.7692307692307693,0.8205128205128205,0.8717948717948718,0.8974358974358975,0.9230769230769231,0.9487179487179487,0.9487179487179487,0.9487179487179487,0.9743589743589743,1.0,0.805701754385965,0.02564102564102564,0.05128205128205128,0.10256410256410256,0.1282051282051282,0.20512820512820512,0.3076923076923077,0.38461538461538464,0.5641025641025641,0.717948717948718,0.7692307692307693,0.8205128205128205,0.8717948717948718,0.8974358974358975,0.9230769230769231,0.9487179487179487,0.9487179487179487,0.9487179487179487,0.9743589743589743,1.0,0.5402046783625731,0.025000000000000022,0.050000000000000044,0.09999999999999998,0.125,0.19999999999999996,0.30000000000000004,0.375,0.55,0.7000000000000001,0.7500000000000001,0.8,0.8500000000000001,0.8750000000000001,0.9000000000000001,0.925,0.925,0.925,0.8888888888888891,0.0,0.6099865047233468
storm_RandomForest_BestFirst_SMOTE_yesCostSensitive_17.csv,RandomForest,BestFirst,SMOTE,yesCostSensitive,473,0.012705882352941176,1.0,0.02509293680297398,0.008085561497326203,1.0,0.0,0,0.037037037037037035,0.1111111111111111,0.1111111111111111,0.1111111111111111,0.2222222222222222,0.25925925925925924,0.2962962962962963,0.4444444444444444,0.5185185185185185,0.6296296296296297,0.6666666666666666,0.6666666666666666,0.7407407407407407,0.8148148148148148,0.9259259259259259,0.9629629629629629,1.0,1.0,1.0,0.5536062378167642,0.037037037037037035,0.1111111111111111,0.1111111111111111,0.1111111111111111,0.2222222222222222,0.25925925925925924,0.2962962962962963,0.4444444444444444,0.5185185185185185,0.6296296296296297,0.6666666666666666,0.6666666666666666,0.7407407407407407,0.8148148148148148,0.9259259259259259,0.9629629629629629,1.0,1.0,1.0,0.5536062378167642,0.03703703703703698,0.11111111111111116,0.11111111111111116,0.11111111111111116,0.2222222222222222,0.2592592592592593,0.2962962962962963,0.4444444444444444,0.5185185185185185,0.6296296296296297,0.6666666666666666,0.6666666666666666,0.7407407407407407,0.8148148148148148,0.9259259259259259,0.9629629629629629,1.0,1.0,1,0.5536062378167642
storm_RandomForest_BestFirst_SMOTE_yesCostSensitive_2.csv,RandomForest,BestFirst,SMOTE,yesCostSensitive,21,0.0,0,0.0,0.0,0.0,0.0,0,0,0,0,0,0,0,0,0,0,0,0,0,0,0,0,0,0,0,0,1.0,0,0,0,0,0,0,0,0,0,0,0,0,0,0,0,0,0,0,0,1.0,1,1,1,1,1,1,1,1,1,1,1,1,1,1,1,1,1,1,1,0.0
storm_RandomForest_BestFirst_SMOTE_yesCostSensitive_3.csv,RandomForest,BestFirst,SMOTE,yesCostSensitive,0,0.5950920245398773,0.5105263157894737,0.5495750708215298,0.5190984881669377,0.9485584981562187,0.6501526571891996,0.428606626361673,0.37566137566137564,0.41798941798941797,0.455026455026455,0.47619047619047616,0.48677248677248675,0.5079365079365079,0.6031746031746031,0.6878306878306878,0.7301587301587301,0.8148148148148148,0.8783068783068783,0.9153439153439153,0.9576719576719577,0.9894179894179894,0.9894179894179894,1.0,1.0,1.0,1.0,0.3478058616958252,0.37566137566137564,0.41798941798941797,0.455026455026455,0.47619047619047616,0.48677248677248675,0.5079365079365079,0.6031746031746031,0.6878306878306878,0.7301587301587301,0.8148148148148148,0.8783068783068783,0.9153439153439153,0.9576719576719577,0.9894179894179894,0.9894179894179894,1.0,1.0,1.0,1.0,0.4153527007617884,0.49650349650349646,0.4817073170731707,0.48587570621468923,0.48913043478260865,0.4893617021276596,0.5079365079365079,0.6031746031746031,0.6878306878306878,0.7263157894736841,0.6923076923076922,0.6065573770491801,0.5,0.5,0.6249999999999997,0.0,0.0,0.0,0.0,0.0,0.7518796992481203
storm_RandomForest_BestFirst_SMOTE_yesCostSensitive_4.csv,RandomForest,BestFirst,SMOTE,yesCostSensitive,0,0.5296803652968036,0.332378223495702,0.4084507042253521,0.4639071644430315,0.8719904091053805,0.47321825152117575,0.17509518265340995,0.22988505747126436,0.25862068965517243,0.29310344827586204,0.3074712643678161,0.31896551724137934,0.32471264367816094,0.33045977011494254,0.33045977011494254,0.33045977011494254,0.33045977011494254,0.46264367816091956,0.646551724137931,0.7442528735632183,0.8017241379310345,0.8735632183908046,0.9597701149425287,0.9798850574712644,0.9913793103448276,1.0,0.13657475690851129,0.22988505747126436,0.25862068965517243,0.29310344827586204,0.3074712643678161,0.31896551724137934,0.32471264367816094,0.33045977011494254,0.33045977011494254,0.33045977011494254,0.33045977011494254,0.46264367816091956,0.646551724137931,0.7442528735632183,0.8017241379310345,0.8735632183908046,0.9597701149425287,0.9798850574712644,0.9913793103448276,1.0,0.13549579277387416,0.32000000000000006,0.30508474576271194,0.31974921630094033,0.31940298507462694,0.32361516034985427,0.32564841498559083,0.33045977011494254,0.33045977011494254,0,0,0,0,0,0,0,0,0,0,0.0,0.5533877797943134
storm_RandomForest_BestFirst_SMOTE_yesCostSensitive_5.csv,RandomForest,BestFirst,SMOTE,yesCostSensitive,0,0.8203125,0.48120989917506873,0.6065857885615251,0.7483973774817333,0.7194330049960624,0.470415053281705,-0.043404840697409665,0.21906507791017416,0.28139321723189736,0.32630614115490375,0.3593033913840513,0.38588450962419796,0.40971585701191565,0.4298808432630614,0.4463794683776352,0.459211732355637,0.4702108157653529,0.4766269477543538,0.48029330889092575,0.48029330889092575,0.48029330889092575,0.48029330889092575,0.5600366636113657,0.7965169569202566,0.9422548120989918,1.0,0.15789473684210525,0.21906507791017416,0.28139321723189736,0.32630614115490375,0.3593033913840513,0.38588450962419796,0.40971585701191565,0.4298808432630614,0.4463794683776352,0.459211732355637,0.4702108157653529,0.4766269477543538,0.48029330889092575,0.48029330889092575,0.48029330889092575,0.48029330889092575,0.5600366636113657,0.7965169569202566,0.9422548120989918,1.0,0.1658335783593061,0.15083798882681565,0,0,0,0,0,0,0,0,0,0,0,0,0,0,1,1,0,1,0.49915577210671036
storm_RandomForest_BestFirst_SMOTE_yesCostSensitive_6.csv,RandomForest,BestFirst,SMOTE,yesCostSensitive,0,0.03451676528599606,0.8974358974358975,0.06647673314339982,0.03878843382827448,0.7946690261571644,0.44538476981761466,0.06943736017608151,0.1794871794871795,0.3076923076923077,0.38461538461538464,0.48717948717948717,0.5641025641025641,0.6923076923076923,0.7948717948717948,0.8461538461538461,0.8974358974358975,0.8974358974358975,0.8974358974358975,0.9230769230769231,0.9230769230769231,0.9230769230769231,0.9230769230769231,0.9230769230769231,0.9743589743589743,0.9743589743589743,1.0,0.6450742240215925,0.1794871794871795,0.3076923076923077,0.38461538461538464,0.48717948717948717,0.5641025641025641,0.6923076923076923,0.7948717948717948,0.8461538461538461,0.8974358974358975,0.8974358974358975,0.8974358974358975,0.9230769230769231,0.9230769230769231,0.9230769230769231,0.9230769230769231,0.9230769230769231,0.9743589743589743,0.9743589743589743,1.0,0.7638326585695007,0.17948717948717952,0.3076923076923077,0.3846153846153846,0.4871794871794872,0.5641025641025641,0.6923076923076923,0.7948717948717948,0.8461538461538461,0.8974358974358975,0.8974358974358975,0.8974358974358975,0.9230769230769231,0.9230769230769231,0.9230769230769231,0.9230769230769231,0.9230769230769231,0.9743589743589743,0.9743589743589743,1,0.7638326585695007
storm_RandomForest_BestFirst_SMOTE_yesCostSensitive_7.csv,RandomForest,BestFirst,SMOTE,yesCostSensitive,6,0.033783783783783786,0.39215686274509803,0.06220839813374806,0.04023115253409075,0.6416737709576582,0.4697128240902221,-0.008407871714096201,0.13725490196078433,0.23529411764705882,0.3137254901960784,0.35294117647058826,0.4117647058823529,0.4117647058823529,0.4117647058823529,0.4117647058823529,0.4117647058823529,0.49019607843137253,0.5686274509803921,0.7450980392156863,0.8431372549019608,0.8627450980392157,0.9019607843137255,0.9215686274509803,0.9803921568627451,0.9803921568627451,1.0,0.4792769399780285,0.13725490196078433,0.23529411764705882,0.3137254901960784,0.35294117647058826,0.4117647058823529,0.4117647058823529,0.4117647058823529,0.4117647058823529,0.4117647058823529,0.49019607843137253,0.5686274509803921,0.7450980392156863,0.8431372549019608,0.8627450980392157,0.9019607843137255,0.9215686274509803,0.9803921568627451,0.9803921568627451,1.0,0.5989214021771696,0.13725490196078427,0.23529411764705888,0.3137254901960784,0.3529411764705883,0.4117647058823529,0.4117647058823529,0.4117647058823529,0.4117647058823529,0.4117647058823529,0.4901960784313726,0.5686274509803921,0.7450980392156863,0.8431372549019608,0.8627450980392157,0.9019607843137255,0.9215686274509803,0.9803921568627451,0.9677419354838709,1,0.5995872033023736
storm_RandomForest_BestFirst_SMOTE_yesCostSensitive_8.csv,RandomForest,BestFirst,SMOTE,yesCostSensitive,0,0.04642313546423135,0.9838709677419355,0.08866279069767442,0.18490405821075198,0.9408972932888398,0.07659153195136965,0.025564556138151655,0.3387096774193548,0.43548387096774194,0.5,0.5806451612903226,0.6612903225806451,0.7741935483870968,0.8225806451612904,0.9193548387096774,0.9516129032258065,0.9516129032258065,0.9516129032258065,0.9838709677419355,0.9838709677419355,0.9838709677419355,0.9838709677419355,0.9838709677419355,0.9838709677419355,0.9838709677419355,1.0,0.7753511344343262,0.3387096774193548,0.43548387096774194,0.5,0.5806451612903226,0.6612903225806451,0.7741935483870968,0.8225806451612904,0.9193548387096774,0.9516129032258065,0.9516129032258065,0.9516129032258065,0.9838709677419355,0.9838709677419355,0.9838709677419355,0.9838709677419355,0.9838709677419355,0.9838709677419355,0.9838709677419355,1.0,0.8294747131759016,0.33870967741935476,0.435483870967742,0.5,0.5806451612903226,0.6612903225806451,0.7741935483870968,0.8225806451612904,0.9193548387096774,0.9516129032258065,0.9516129032258065,0.9516129032258065,0.9838709677419355,0.9838709677419355,0.9838709677419355,0.9838709677419355,0.9838709677419355,0.9838709677419355,0.9696969696969697,1,0.830220713073005
storm_RandomForest_BestFirst_SMOTE_yesCostSensitive_9.csv,RandomForest,BestFirst,SMOTE,yesCostSensitive,0,0.026885245901639345,1.0,0.05236270753512133,0.07002473294139827,0.9451706019719772,0.026246719160105052,0.018908108520974506,0.1951219512195122,0.34146341463414637,0.4146341463414634,0.5121951219512195,0.5365853658536586,0.6585365853658537,0.7804878048780488,0.8780487804878049,0.926829268292683,0.926829268292683,0.926829268292683,0.9512195121951219,0.975609756097561,0.975609756097561,1.0,1.0,1.0,1.0,1.0,0.6546854942233633,0.1951219512195122,0.34146341463414637,0.4146341463414634,0.5121951219512195,0.5365853658536586,0.6585365853658537,0.7804878048780488,0.8780487804878049,0.926829268292683,0.926829268292683,0.926829268292683,0.9512195121951219,0.975609756097561,0.975609756097561,1.0,1.0,1.0,1.0,1.0,0.7894736842105263,0.19512195121951215,0.3414634146341464,0.41463414634146334,0.5121951219512195,0.5365853658536586,0.6585365853658537,0.7804878048780488,0.8780487804878049,0.926829268292683,0.926829268292683,0.926829268292683,0.9512195121951219,0.975609756097561,0.975609756097561,1.0,1.0,1.0,1.0,1,0.7894736842105263
storm_RandomForest_NoSelection_NoSampling_noCostSensitive_1.csv,RandomForest,NoSelection,NoSampling,noCostSensitive,0,0,0.0,0.0,0.03385203385203385,1.0,0.0,0,0.21862348178137653,0.3076923076923077,0.3967611336032389,0.46963562753036436,0.5789473684210527,0.6477732793522267,0.7165991902834008,0.7732793522267206,0.8259109311740891,0.8582995951417004,0.8987854251012146,0.9352226720647774,0.9635627530364372,0.979757085020243,0.9919028340080972,1.0,1.0,1.0,1.0,0.241626850043134,0.21862348178137653,0.3076923076923077,0.3967611336032389,0.46963562753036436,0.5789473684210527,0.6477732793522267,0.7165991902834008,0.7732793522267206,0.8259109311740891,0.8582995951417004,0.8987854251012146,0.9352226720647774,0.9635627530364372,0.979757085020243,0.9919028340080972,1.0,1.0,1.0,1.0,0.241626850043134,0.3829787234042553,0.44444444444444453,0.5130890052356021,0.5631067961165048,0.6559633027522935,0.4887218045112782,0.38541666666666663,0.29166666666666663,0.23636363636363655,0.16666666666666685,0.137931034482759,0.15789473684210542,0.1666666666666663,0.0,0.0,0.0,0.0,0.0,0.0,0.7664606861282761
storm_RandomForest_NoSelection_NoSampling_noCostSensitive_10.csv,RandomForest,NoSelection,NoSampling,noCostSensitive,0,0.2222222222222222,0.034482758620689655,0.05970149253731343,0.19326148669516002,0.6611723245750993,0.06665656062541958,0.07486617900959347,0.27586206896551724,0.3793103448275862,0.43103448275862066,0.5172413793103449,0.5344827586206896,0.6379310344827587,0.7586206896551724,0.8103448275862069,0.8620689655172413,0.9137931034482759,0.9655172413793104,1.0,1.0,1.0,1.0,1.0,1.0,1.0,1.0,0.779491833030853,0.27586206896551724,0.3793103448275862,0.43103448275862066,0.5172413793103449,0.5344827586206896,0.6379310344827587,0.7586206896551724,0.8103448275862069,0.8620689655172413,0.9137931034482759,0.9655172413793104,1.0,1.0,1.0,1.0,1.0,1.0,1.0,1.0,0.794010889292196,0.27586206896551724,0.3793103448275862,0.43103448275862066,0.5172413793103449,0.5344827586206896,0.6379310344827587,0.7586206896551724,0.8103448275862069,0.8620689655172413,0.9137931034482759,0.9655172413793104,1.0,1.0,1.0,1.0,1.0,1.0,1.0,1,0.794010889292196
storm_RandomForest_NoSelection_NoSampling_noCostSensitive_11.csv,RandomForest,NoSelection,NoSampling,noCostSensitive,0,0.7261904761904762,0.4552238805970149,0.5596330275229358,0.6293706471612155,0.8184145628856381,0.6226223678825791,0.5466885991457788,0.5597014925373134,0.6119402985074627,0.6567164179104478,0.7238805970149254,0.7761194029850746,0.7985074626865671,0.8283582089552238,0.8731343283582089,0.9029850746268657,0.9029850746268657,0.9029850746268657,0.9029850746268657,0.9029850746268657,0.9402985074626866,1.0,1.0,1.0,1.0,1.0,0.7486252945797329,0.5597014925373134,0.6119402985074627,0.6567164179104478,0.7238805970149254,0.7761194029850746,0.7985074626865671,0.8283582089552238,0.8731343283582089,0.9029850746268657,0.9029850746268657,0.9029850746268657,0.9029850746268657,0.9029850746268657,0.9402985074626866,1.0,1.0,1.0,1.0,1.0,0.8570306362922232,0.5597014925373134,0.6119402985074627,0.6567164179104478,0.7238805970149254,0.7761194029850746,0.7985074626865671,0.8283582089552238,0.8731343283582089,0.9029850746268657,0.9029850746268657,0.9029850746268657,0.9029850746268657,0.9029850746268657,0.9402985074626866,1.0,1.0,1.0,1.0,1,0.8570306362922232
storm_RandomForest_NoSelection_NoSampling_noCostSensitive_12.csv,RandomForest,NoSelection,NoSampling,noCostSensitive,1,0.8181818181818182,0.421875,0.5567010309278351,0.5954370349376544,0.8240548055400109,0.592218672960599,0.5683844243904029,0.5703125,0.6171875,0.6875,0.7421875,0.765625,0.8125,0.875,0.8984375,0.9296875,0.9453125,0.9765625,0.984375,1.0,1.0,1.0,1.0,1.0,1.0,1.0,0.8700657894736842,0.5703125,0.6171875,0.6875,0.7421875,0.765625,0.8125,0.875,0.8984375,0.9296875,0.9453125,0.9765625,0.984375,1.0,1.0,1.0,1.0,1.0,1.0,1.0,0.8844572368421053,0.5703125,0.6171875,0.6875,0.7421875,0.765625,0.8125,0.875,0.8984375,0.9296875,0.9453125,0.9765625,0.984375,1.0,1.0,1.0,1.0,1.0,1.0,1,0.8844572368421053
storm_RandomForest_NoSelection_NoSampling_noCostSensitive_13.csv,RandomForest,NoSelection,NoSampling,noCostSensitive,0,0.4794520547945205,0.44871794871794873,0.46357615894039733,0.4686126074890209,0.8812965710912192,0.6148566566084634,0.43870560060973557,0.6794871794871795,0.7564102564102564,0.7948717948717948,0.8461538461538461,0.8974358974358975,0.9102564102564102,0.9487179487179487,0.9615384615384616,0.9615384615384616,0.9743589743589743,0.9743589743589743,0.9743589743589743,0.9743589743589743,1.0,1.0,1.0,1.0,1.0,1.0,0.9068825910931174,0.6794871794871795,0.7564102564102564,0.7948717948717948,0.8461538461538461,0.8974358974358975,0.9102564102564102,0.9487179487179487,0.9615384615384616,0.9615384615384616,0.9743589743589743,0.9743589743589743,0.9743589743589743,0.9743589743589743,1.0,1.0,1.0,1.0,1.0,1.0,0.9291497975708501,0.6794871794871795,0.7564102564102564,0.7948717948717948,0.8461538461538461,0.8974358974358975,0.9102564102564102,0.9487179487179487,0.9615384615384616,0.9615384615384616,0.9743589743589743,0.9743589743589743,0.9743589743589743,0.9743589743589743,1.0,1.0,1.0,1.0,1.0,1,0.9291497975708501
storm_RandomForest_NoSelection_NoSampling_noCostSensitive_14.csv,RandomForest,NoSelection,NoSampling,noCostSensitive,1,0.20588235294117646,0.13725490196078433,0.16470588235294117,0.24797887374520416,0.6650335095947976,0.24097496122313317,0.1506588853951206,0.17647058823529413,0.2549019607843137,0.3137254901960784,0.3333333333333333,0.37254901960784315,0.4117647058823529,0.5098039215686274,0.5294117647058824,0.5686274509803921,0.6078431372549019,0.6078431372549019,0.6078431372549019,0.6470588235294118,0.7647058823529411,0.7843137254901961,0.8627450980392157,0.9215686274509803,0.9803921568627451,1.0,0.5400575742762479,0.17647058823529413,0.2549019607843137,0.3137254901960784,0.3333333333333333,0.37254901960784315,0.4117647058823529,0.5098039215686274,0.5294117647058824,0.5686274509803921,0.6078431372549019,0.6078431372549019,0.6078431372549019,0.6470588235294118,0.7647058823529411,0.7843137254901961,0.8627450980392157,0.9215686274509803,0.9803921568627451,1.0,0.5906251697354842,0.17647058823529416,0.2549019607843137,0.3137254901960784,0.33333333333333326,0.37254901960784315,0.4117647058823529,0.5098039215686274,0.5294117647058824,0.5686274509803921,0.6078431372549019,0.6078431372549019,0.6078431372549019,0.6470588235294118,0.7647058823529411,0.7843137254901961,0.8627450980392157,0.9215686274509803,0.9473684210526314,1,0.5923632610939112
storm_RandomForest_NoSelection_NoSampling_noCostSensitive_15.csv,RandomForest,NoSelection,NoSampling,noCostSensitive,0,0.5636363636363636,0.5081967213114754,0.5344827586206896,0.4470816914815856,0.8762442918624128,0.6711606868385226,0.5217526294361245,0.5901639344262295,0.639344262295082,0.6721311475409836,0.7213114754098361,0.7704918032786885,0.7868852459016393,0.819672131147541,0.8688524590163934,0.8852459016393442,0.8852459016393442,0.8852459016393442,0.8852459016393442,0.8852459016393442,0.9344262295081968,0.9344262295081968,0.9836065573770492,0.9836065573770492,1.0,1.0,0.8490077653149266,0.5901639344262295,0.639344262295082,0.6721311475409836,0.7213114754098361,0.7704918032786885,0.7868852459016393,0.819672131147541,0.8688524590163934,0.8852459016393442,0.8852459016393442,0.8852459016393442,0.8852459016393442,0.8852459016393442,0.9344262295081968,0.9344262295081968,0.9836065573770492,0.9836065573770492,1.0,1.0,0.8490077653149266,0.5901639344262295,0.639344262295082,0.6721311475409836,0.7213114754098361,0.7704918032786885,0.7868852459016393,0.819672131147541,0.8688524590163934,0.8852459016393442,0.8852459016393442,0.8852459016393442,0.8852459016393442,0.8852459016393442,0.9344262295081968,0.9344262295081968,0.9836065573770492,0.9836065573770492,1.0,1,0.8490077653149266
storm_RandomForest_NoSelection_NoSampling_noCostSensitive_16.csv,RandomForest,NoSelection,NoSampling,noCostSensitive,1,0.4166666666666667,0.625,0.5,0.38284540929831157,0.9054916067146284,0.7642124883504193,0.4990032534619625,0.525,0.625,0.7,0.75,0.775,0.775,0.875,0.9,0.9,0.975,0.975,0.975,0.975,1.0,1.0,1.0,1.0,1.0,1.0,0.8644736842105264,0.525,0.625,0.7,0.75,0.775,0.775,0.875,0.9,0.9,0.975,0.975,0.975,0.975,1.0,1.0,1.0,1.0,1.0,1.0,0.880263157894737,0.525,0.625,0.7,0.75,0.775,0.775,0.875,0.9,0.9,0.975,0.975,0.975,0.975,1.0,1.0,1.0,1.0,1.0,1,0.880263157894737
storm_RandomForest_NoSelection_NoSampling_noCostSensitive_17.csv,RandomForest,NoSelection,NoSampling,noCostSensitive,4,0.3333333333333333,0.14814814814814814,0.20512820512820512,0.1661016567633511,0.6148713060057198,0.25793712011354175,0.21573265445765835,0.2962962962962963,0.3333333333333333,0.37037037037037035,0.4074074074074074,0.4074074074074074,0.4074074074074074,0.4074074074074074,0.5185185185185185,0.5555555555555556,0.6296296296296297,0.7037037037037037,0.7037037037037037,0.7777777777777778,0.8148148148148148,0.8888888888888888,0.9629629629629629,1.0,1.0,1.0,0.6413255360623782,0.2962962962962963,0.3333333333333333,0.37037037037037035,0.4074074074074074,0.4074074074074074,0.4074074074074074,0.4074074074074074,0.5185185185185185,0.5555555555555556,0.6296296296296297,0.7037037037037037,0.7037037037037037,0.7777777777777778,0.8148148148148148,0.8888888888888888,0.9629629629629629,1.0,1.0,1.0,0.6413255360623782,0.2962962962962963,0.33333333333333326,0.37037037037037035,0.40740740740740744,0.40740740740740744,0.40740740740740744,0.40740740740740744,0.5185185185185185,0.5555555555555556,0.6296296296296297,0.7037037037037037,0.7037037037037037,0.7777777777777778,0.8148148148148148,0.8888888888888888,0.9629629629629629,1.0,1.0,1,0.6413255360623782
storm_RandomForest_NoSelection_NoSampling_noCostSensitive_2.csv,RandomForest,NoSelection,NoSampling,noCostSensitive,21,0.0,0,0.0,0.0,0.0,0.0,0,0,0,0,0,0,0,0,0,0,0,0,0,0,0,0,0,0,0,0,1.0,0,0,0,0,0,0,0,0,0,0,0,0,0,0,0,0,0,0,0,1.0,1,1,1,1,1,1,1,1,1,1,1,1,1,1,1,1,1,1,1,0.0
storm_RandomForest_NoSelection_NoSampling_noCostSensitive_3.csv,RandomForest,NoSelection,NoSampling,noCostSensitive,0,0.7941176470588235,0.28421052631578947,0.4186046511627907,0.7245335569722375,0.8647167281260478,0.440400605690301,0.4006232089122944,0.3894736842105263,0.4631578947368421,0.5157894736842106,0.5578947368421052,0.5789473684210527,0.5947368421052631,0.6263157894736842,0.6368421052631579,0.6684210526315789,0.6842105263157895,0.7052631578947368,0.7052631578947368,0.7052631578947368,0.7052631578947368,0.7263157894736842,0.8263157894736842,0.9105263157894737,0.9578947368421052,1.0,0.17493680870104025,0.3894736842105263,0.4631578947368421,0.5157894736842106,0.5578947368421052,0.5789473684210527,0.5947368421052631,0.6263157894736842,0.6368421052631579,0.6684210526315789,0.6842105263157895,0.7052631578947368,0.7052631578947368,0.7052631578947368,0.7052631578947368,0.7263157894736842,0.8263157894736842,0.9105263157894737,0.9578947368421052,1.0,0.36180137683534247,0.5174825174825175,0.5365853658536586,0.5536723163841808,0.576086956521739,0.5851063829787235,0.5978835978835979,0.6296296296296295,0.6402116402116402,0.6684210526315789,0.4871794871794872,0.08196721311475397,0,0,0,0,0,0,0,1,0.681994459833795
storm_RandomForest_NoSelection_NoSampling_noCostSensitive_4.csv,RandomForest,NoSelection,NoSampling,noCostSensitive,0,0.582089552238806,0.335243553008596,0.4254545454545455,0.609600379467012,0.7880452085323144,0.48150564617314934,0.22261788436686214,0.31805157593123207,0.4183381088825215,0.45558739255014324,0.4871060171919771,0.501432664756447,0.5186246418338109,0.5472779369627507,0.5558739255014327,0.5902578796561605,0.6160458452722063,0.6446991404011462,0.6790830945558739,0.6790830945558739,0.6790830945558739,0.6790830945558739,0.7335243553008596,0.8796561604584527,0.9684813753581661,1.0,0.15970661781725662,0.31805157593123207,0.4183381088825215,0.45558739255014324,0.4871060171919771,0.501432664756447,0.5186246418338109,0.5472779369627507,0.5558739255014327,0.5902578796561605,0.6160458452722063,0.6446991404011462,0.6790830945558739,0.6790830945558739,0.6790830945558739,0.6790830945558739,0.7335243553008596,0.8796561604584527,0.9684813753581661,1.0,0.2850675594518317,0.44399999999999995,0.4949152542372881,0.4984326018808778,0.5074626865671642,0.510204081632653,0.5216138328530259,0.5488505747126438,0.5574712643678161,0.33333333333333337,0,0,0,0,0,0,0,0,0,1,0.6290152314884633
storm_RandomForest_NoSelection_NoSampling_noCostSensitive_5.csv,RandomForest,NoSelection,NoSampling,noCostSensitive,0,0.8657718120805369,0.3547204399633364,0.5032509752925878,0.8771135522124596,0.6031895620591862,0.47491518082725764,0.05688019595884817,0.27406049495875345,0.34555453712190654,0.4399633363886343,0.5682859761686526,0.6526122823098075,0.7781851512373968,0.8707607699358387,0.9010082493125573,0.9248395967002749,0.9459211732355637,0.9615032080659945,0.9743354720439963,0.9862511457378552,0.9926672777268561,0.999083409715857,0.999083409715857,0.999083409715857,0.999083409715857,1.0,0.15789473684210525,0.27406049495875345,0.34555453712190654,0.4399633363886343,0.5682859761686526,0.6526122823098075,0.7781851512373968,0.8707607699358387,0.9010082493125573,0.9248395967002749,0.9459211732355637,0.9615032080659945,0.9743354720439963,0.9862511457378552,0.9926672777268561,0.999083409715857,0.999083409715857,0.999083409715857,0.999083409715857,1.0,0.2692150607094786,0.3184357541899442,0,0,0,0,0,0.1632653061224505,0.1750000000000005,0.17142857142856993,0.1999999999999984,0.08695652173913015,0.0,0.0,0,1.0,1,1,0.0,1,0.8216990689372377
storm_RandomForest_NoSelection_NoSampling_noCostSensitive_6.csv,RandomForest,NoSelection,NoSampling,noCostSensitive,24,0.07035175879396985,0.358974358974359,0.11764705882352941,0.05600060735967946,0.710593743663478,0.5077283935767125,0.10634170321036814,0.28205128205128205,0.358974358974359,0.358974358974359,0.41025641025641024,0.4358974358974359,0.5384615384615384,0.5897435897435898,0.6410256410256411,0.6666666666666666,0.7435897435897436,0.7692307692307693,0.7948717948717948,0.7948717948717948,0.7948717948717948,0.7948717948717948,0.7948717948717948,0.8717948717948718,0.9487179487179487,1.0,0.4534412955465587,0.28205128205128205,0.358974358974359,0.358974358974359,0.41025641025641024,0.4358974358974359,0.5384615384615384,0.5897435897435898,0.6410256410256411,0.6666666666666666,0.7435897435897436,0.7692307692307693,0.7948717948717948,0.7948717948717948,0.7948717948717948,0.7948717948717948,0.7948717948717948,0.8717948717948718,0.9487179487179487,1.0,0.6626180836707153,0.28205128205128205,0.35897435897435903,0.35897435897435903,0.41025641025641024,0.4358974358974359,0.5384615384615384,0.5897435897435898,0.6410256410256411,0.6666666666666666,0.7435897435897436,0.7692307692307693,0.7948717948717948,0.7948717948717948,0.7948717948717948,0.7948717948717948,0.7948717948717948,0.8717948717948718,0.9487179487179487,1,0.6626180836707153
storm_RandomForest_NoSelection_NoSampling_noCostSensitive_7.csv,RandomForest,NoSelection,NoSampling,noCostSensitive,1,0.2,0.0196078431372549,0.03571428571428571,0.1135069019031283,0.656010230179028,0.038459388451003405,0.052497415787915086,0.17647058823529413,0.3137254901960784,0.37254901960784315,0.4117647058823529,0.45098039215686275,0.45098039215686275,0.6078431372549019,0.6862745098039216,0.7254901960784313,0.7843137254901961,0.8823529411764706,0.9215686274509803,0.9803921568627451,0.9803921568627451,1.0,1.0,1.0,1.0,1.0,0.7296181630546956,0.17647058823529413,0.3137254901960784,0.37254901960784315,0.4117647058823529,0.45098039215686275,0.45098039215686275,0.6078431372549019,0.6862745098039216,0.7254901960784313,0.7843137254901961,0.8823529411764706,0.9215686274509803,0.9803921568627451,0.9803921568627451,1.0,1.0,1.0,1.0,1.0,0.7234262125902993,0.17647058823529416,0.3137254901960784,0.37254901960784315,0.4117647058823529,0.4509803921568627,0.4509803921568627,0.6078431372549019,0.6862745098039216,0.7254901960784313,0.7843137254901961,0.8823529411764706,0.9215686274509803,0.9803921568627451,0.9803921568627451,1.0,1.0,1.0,1.0,1,0.7234262125902993
storm_RandomForest_NoSelection_NoSampling_noCostSensitive_8.csv,RandomForest,NoSelection,NoSampling,noCostSensitive,0,0.7037037037037037,0.6129032258064516,0.6551724137931034,0.6289229179766682,0.9075145223087386,0.7564320350866355,0.6416350107406179,0.7580645161290323,0.7903225806451613,0.8225806451612904,0.8548387096774194,0.8548387096774194,0.8548387096774194,0.8548387096774194,0.8548387096774194,0.8548387096774194,0.8548387096774194,0.9193548387096774,0.967741935483871,0.967741935483871,0.9838709677419355,0.9838709677419355,1.0,1.0,1.0,1.0,0.8760611205432937,0.7580645161290323,0.7903225806451613,0.8225806451612904,0.8548387096774194,0.8548387096774194,0.8548387096774194,0.8548387096774194,0.8548387096774194,0.8548387096774194,0.8548387096774194,0.9193548387096774,0.967741935483871,0.967741935483871,0.9838709677419355,0.9838709677419355,1.0,1.0,1.0,1.0,0.9040747028862478,0.7580645161290323,0.7903225806451613,0.8225806451612904,0.8548387096774194,0.8548387096774194,0.8548387096774194,0.8548387096774194,0.8548387096774194,0.8548387096774194,0.8548387096774194,0.9193548387096774,0.967741935483871,0.967741935483871,0.9838709677419355,0.9838709677419355,1.0,1.0,1.0,1,0.9040747028862478
storm_RandomForest_NoSelection_NoSampling_noCostSensitive_9.csv,RandomForest,NoSelection,NoSampling,noCostSensitive,0,0.34375,0.2682926829268293,0.3013698630136986,0.3904596072715988,0.7859042553191486,0.42181338642739863,0.28702441654639066,0.4146341463414634,0.4878048780487805,0.5609756097560976,0.6097560975609756,0.7073170731707317,0.7560975609756098,0.7804878048780488,0.8048780487804879,0.8048780487804879,0.8048780487804879,0.8048780487804879,0.8048780487804879,0.8780487804878049,0.926829268292683,0.975609756097561,0.975609756097561,1.0,1.0,1.0,0.6713735558408216,0.4146341463414634,0.4878048780487805,0.5609756097560976,0.6097560975609756,0.7073170731707317,0.7560975609756098,0.7804878048780488,0.8048780487804879,0.8048780487804879,0.8048780487804879,0.8048780487804879,0.8048780487804879,0.8780487804878049,0.926829268292683,0.975609756097561,0.975609756097561,1.0,1.0,1.0,0.7946084724005135,0.41463414634146334,0.4878048780487805,0.5609756097560976,0.6097560975609756,0.7073170731707317,0.7560975609756098,0.7804878048780488,0.8048780487804879,0.8048780487804879,0.8048780487804879,0.8048780487804879,0.8048780487804879,0.8780487804878049,0.926829268292683,0.975609756097561,0.975609756097561,1.0,1.0,1,0.7946084724005135
storm_RandomForest_NoSelection_NoSampling_yesCostSensitive_1.csv,RandomForest,NoSelection,NoSampling,yesCostSensitive,0,0,0.0,0.0,0.03385203385203385,1.0,0.0,0,0.21862348178137653,0.3076923076923077,0.3967611336032389,0.46963562753036436,0.5789473684210527,0.6477732793522267,0.7165991902834008,0.7732793522267206,0.8259109311740891,0.8582995951417004,0.8987854251012146,0.9352226720647774,0.9635627530364372,0.979757085020243,0.9919028340080972,1.0,1.0,1.0,1.0,0.241626850043134,0.21862348178137653,0.3076923076923077,0.3967611336032389,0.46963562753036436,0.5789473684210527,0.6477732793522267,0.7165991902834008,0.7732793522267206,0.8259109311740891,0.8582995951417004,0.8987854251012146,0.9352226720647774,0.9635627530364372,0.979757085020243,0.9919028340080972,1.0,1.0,1.0,1.0,0.241626850043134,0.3829787234042553,0.44444444444444453,0.5130890052356021,0.5631067961165048,0.6559633027522935,0.4887218045112782,0.38541666666666663,0.29166666666666663,0.23636363636363655,0.16666666666666685,0.137931034482759,0.15789473684210542,0.1666666666666663,0.0,0.0,0.0,0.0,0.0,0.0,0.7664606861282761
storm_RandomForest_NoSelection_NoSampling_yesCostSensitive_10.csv,RandomForest,NoSelection,NoSampling,yesCostSensitive,1,0.10256410256410256,0.20689655172413793,0.13714285714285715,0.1387806367096425,0.6324441272248741,0.33862723979242143,0.09977473666176129,0.25862068965517243,0.3793103448275862,0.4482758620689655,0.5,0.603448275862069,0.6206896551724138,0.6551724137931034,0.6896551724137931,0.6896551724137931,0.6896551724137931,0.6896551724137931,0.6896551724137931,0.7931034482758621,0.8793103448275862,0.9482758620689655,0.9655172413793104,1.0,1.0,1.0,0.6787658802177858,0.25862068965517243,0.3793103448275862,0.4482758620689655,0.5,0.603448275862069,0.6206896551724138,0.6551724137931034,0.6896551724137931,0.6896551724137931,0.6896551724137931,0.6896551724137931,0.6896551724137931,0.7931034482758621,0.8793103448275862,0.9482758620689655,0.9655172413793104,1.0,1.0,1.0,0.7105263157894737,0.2586206896551724,0.3793103448275862,0.4482758620689655,0.5,0.603448275862069,0.6206896551724138,0.6551724137931034,0.6896551724137931,0.6896551724137931,0.6896551724137931,0.6896551724137931,0.6896551724137931,0.7931034482758621,0.8793103448275862,0.9482758620689655,0.9655172413793104,1.0,1.0,1,0.7105263157894737
storm_RandomForest_NoSelection_NoSampling_yesCostSensitive_11.csv,RandomForest,NoSelection,NoSampling,yesCostSensitive,3,0.32857142857142857,0.5149253731343284,0.4011627906976744,0.395173225734885,0.7649080410819161,0.6567605138192575,0.34541001859530296,0.3805970149253731,0.47761194029850745,0.5970149253731343,0.6716417910447762,0.7761194029850746,0.8507462686567164,0.8805970149253731,0.9029850746268657,0.917910447761194,0.9253731343283582,0.9253731343283582,0.9253731343283582,0.9253731343283582,0.9253731343283582,0.9477611940298507,1.0,1.0,1.0,1.0,0.7623723487824038,0.3805970149253731,0.47761194029850745,0.5970149253731343,0.6716417910447762,0.7761194029850746,0.8507462686567164,0.8805970149253731,0.9029850746268657,0.917910447761194,0.9253731343283582,0.9253731343283582,0.9253731343283582,0.9253731343283582,0.9253731343283582,0.9477611940298507,1.0,1.0,1.0,1.0,0.8436763550667714,0.3805970149253731,0.4776119402985075,0.5970149253731343,0.6716417910447762,0.7761194029850746,0.8507462686567164,0.8805970149253731,0.9029850746268657,0.917910447761194,0.9253731343283582,0.9253731343283582,0.9253731343283582,0.9253731343283582,0.9253731343283582,0.9477611940298507,1.0,1.0,1.0,1,0.8436763550667714
storm_RandomForest_NoSelection_NoSampling_yesCostSensitive_12.csv,RandomForest,NoSelection,NoSampling,yesCostSensitive,7,0.4066666666666667,0.4765625,0.43884892086330934,0.32991494526996024,0.7664556519306107,0.6347644100983296,0.39667178742450887,0.4765625,0.6015625,0.671875,0.71875,0.7578125,0.7890625,0.8125,0.8359375,0.890625,0.921875,0.953125,0.984375,0.9921875,1.0,1.0,1.0,1.0,1.0,1.0,0.8466282894736842,0.4765625,0.6015625,0.671875,0.71875,0.7578125,0.7890625,0.8125,0.8359375,0.890625,0.921875,0.953125,0.984375,0.9921875,1.0,1.0,1.0,1.0,1.0,1.0,0.8634868421052632,0.4765625,0.6015625,0.671875,0.71875,0.7578125,0.7890625,0.8125,0.8359375,0.890625,0.921875,0.953125,0.984375,0.9921875,1.0,1.0,1.0,1.0,1.0,1,0.8634868421052632
storm_RandomForest_NoSelection_NoSampling_yesCostSensitive_13.csv,RandomForest,NoSelection,NoSampling,yesCostSensitive,12,0.20670391061452514,0.47435897435897434,0.28793774319066145,0.20788011609276905,0.7835112408852299,0.6240178669076549,0.26320767701199493,0.4230769230769231,0.5384615384615384,0.6410256410256411,0.717948717948718,0.8076923076923077,0.8846153846153846,0.9358974358974359,0.9487179487179487,0.9615384615384616,0.9871794871794872,1.0,1.0,1.0,1.0,1.0,1.0,1.0,1.0,1.0,0.8690958164642374,0.4230769230769231,0.5384615384615384,0.6410256410256411,0.717948717948718,0.8076923076923077,0.8846153846153846,0.9358974358974359,0.9487179487179487,0.9615384615384616,0.9871794871794872,1.0,1.0,1.0,1.0,1.0,1.0,1.0,1.0,1.0,0.8866396761133604,0.42307692307692313,0.5384615384615384,0.6410256410256411,0.717948717948718,0.8076923076923077,0.8846153846153846,0.9358974358974359,0.9487179487179487,0.9615384615384616,0.9871794871794872,1.0,1.0,1.0,1.0,1.0,1.0,1.0,1.0,1,0.8866396761133604
storm_RandomForest_NoSelection_NoSampling_yesCostSensitive_14.csv,RandomForest,NoSelection,NoSampling,yesCostSensitive,2,0.10416666666666667,0.29411764705882354,0.15384615384615385,0.1006359531277276,0.5907447793744209,0.44741641337386023,0.13937683777507415,0.17647058823529413,0.19607843137254902,0.27450980392156865,0.3333333333333333,0.43137254901960786,0.49019607843137253,0.5294117647058824,0.5490196078431373,0.5686274509803921,0.6470588235294118,0.7058823529411765,0.7058823529411765,0.7058823529411765,0.7843137254901961,0.8235294117647058,0.8431372549019608,0.9411764705882353,0.9803921568627451,1.0,0.5957851284558144,0.17647058823529413,0.19607843137254902,0.27450980392156865,0.3333333333333333,0.43137254901960786,0.49019607843137253,0.5294117647058824,0.5490196078431373,0.5686274509803921,0.6470588235294118,0.7058823529411765,0.7058823529411765,0.7058823529411765,0.7843137254901961,0.8235294117647058,0.8431372549019608,0.9411764705882353,0.9803921568627451,1.0,0.6133289881049372,0.17647058823529416,0.196078431372549,0.27450980392156865,0.33333333333333326,0.43137254901960786,0.4901960784313726,0.5294117647058824,0.5490196078431373,0.5686274509803921,0.6470588235294118,0.7058823529411765,0.7058823529411765,0.7058823529411765,0.7843137254901961,0.8235294117647058,0.8431372549019608,0.9411764705882353,0.9473684210526314,1,0.6150670794633643
storm_RandomForest_NoSelection_NoSampling_yesCostSensitive_15.csv,RandomForest,NoSelection,NoSampling,yesCostSensitive,1,0.20786516853932585,0.6065573770491803,0.30962343096234307,0.2610981183572781,0.8452889385328033,0.7340366938136005,0.3233468203380175,0.3114754098360656,0.3770491803278688,0.4426229508196721,0.5245901639344263,0.639344262295082,0.7377049180327869,0.8524590163934426,0.8852459016393442,0.9180327868852459,0.9180327868852459,0.9180327868852459,0.9180327868852459,0.9180327868852459,0.9180327868852459,0.9672131147540983,0.9836065573770492,1.0,1.0,1.0,0.8688524590163934,0.3114754098360656,0.3770491803278688,0.4426229508196721,0.5245901639344263,0.639344262295082,0.7377049180327869,0.8524590163934426,0.8852459016393442,0.9180327868852459,0.9180327868852459,0.9180327868852459,0.9180327868852459,0.9180327868852459,0.9180327868852459,0.9672131147540983,0.9836065573770492,1.0,1.0,1.0,0.8015530629853322,0.3114754098360656,0.3770491803278688,0.4426229508196722,0.5245901639344263,0.639344262295082,0.7377049180327869,0.8524590163934426,0.8852459016393442,0.9180327868852459,0.9180327868852459,0.9180327868852459,0.9180327868852459,0.9180327868852459,0.9180327868852459,0.9672131147540983,0.9836065573770492,1.0,1.0,1,0.8015530629853322
storm_RandomForest_NoSelection_NoSampling_yesCostSensitive_16.csv,RandomForest,NoSelection,NoSampling,yesCostSensitive,3,0.16470588235294117,0.7,0.26666666666666666,0.21277418193025913,0.8756834532374104,0.7994709772226303,0.31654083842002934,0.15,0.25,0.325,0.425,0.525,0.7,0.8,0.9,0.975,0.975,0.975,0.975,0.975,0.975,1.0,1.0,1.0,1.0,1.0,0.8552631578947368,0.15,0.25,0.325,0.425,0.525,0.7,0.8,0.9,0.975,0.975,0.975,0.975,0.975,0.975,1.0,1.0,1.0,1.0,1.0,0.7855263157894737,0.15000000000000002,0.25,0.32499999999999996,0.42500000000000004,0.525,0.7,0.8,0.9,0.975,0.975,0.975,0.975,0.975,0.975,1.0,1.0,1.0,1.0,1,0.7855263157894737
storm_RandomForest_NoSelection_NoSampling_yesCostSensitive_17.csv,RandomForest,NoSelection,NoSampling,yesCostSensitive,4,0.07058823529411765,0.2222222222222222,0.10714285714285714,0.10646963371037675,0.5304875895914979,0.36106764429740246,0.10549086818696655,0.1111111111111111,0.2222222222222222,0.3333333333333333,0.3333333333333333,0.3333333333333333,0.4074074074074074,0.5185185185185185,0.5185185185185185,0.5925925925925926,0.6666666666666666,0.7037037037037037,0.7407407407407407,0.7777777777777778,0.8148148148148148,0.8888888888888888,0.9629629629629629,1.0,1.0,1.0,0.6471734892787524,0.1111111111111111,0.2222222222222222,0.3333333333333333,0.3333333333333333,0.3333333333333333,0.4074074074074074,0.5185185185185185,0.5185185185185185,0.5925925925925926,0.6666666666666666,0.7037037037037037,0.7407407407407407,0.7777777777777778,0.8148148148148148,0.8888888888888888,0.9629629629629629,1.0,1.0,1.0,0.6276803118908382,0.11111111111111116,0.2222222222222222,0.33333333333333326,0.33333333333333326,0.33333333333333326,0.40740740740740744,0.5185185185185185,0.5185185185185185,0.5925925925925926,0.6666666666666666,0.7037037037037037,0.7407407407407407,0.7777777777777778,0.8148148148148148,0.8888888888888888,0.9629629629629629,1.0,1.0,1,0.6276803118908382
storm_RandomForest_NoSelection_NoSampling_yesCostSensitive_2.csv,RandomForest,NoSelection,NoSampling,yesCostSensitive,21,0.0,0,0.0,0.0,0.0,0.0,0,0,0,0,0,0,0,0,0,0,0,0,0,0,0,0,0,0,0,0,1.0,0,0,0,0,0,0,0,0,0,0,0,0,0,0,0,0,0,0,0,1.0,1,1,1,1,1,1,1,1,1,1,1,1,1,1,1,1,1,1,1,0.0
storm_RandomForest_NoSelection_NoSampling_yesCostSensitive_3.csv,RandomForest,NoSelection,NoSampling,yesCostSensitive,0,0.5461538461538461,0.3736842105263158,0.44375,0.6138152959504294,0.837152195776065,0.5291359415316508,0.3231006209814228,0.38421052631578945,0.4842105263157895,0.5526315789473685,0.5894736842105263,0.6,0.6263157894736842,0.6421052631578947,0.6631578947368421,0.6684210526315789,0.6789473684210526,0.7105263157894737,0.7368421052631579,0.7473684210526316,0.7473684210526316,0.7473684210526316,0.7684210526315789,0.868421052631579,0.9578947368421052,1.0,0.16980275999135058,0.38421052631578945,0.4842105263157895,0.5526315789473685,0.5894736842105263,0.6,0.6263157894736842,0.6421052631578947,0.6631578947368421,0.6684210526315789,0.6789473684210526,0.7105263157894737,0.7368421052631579,0.7473684210526316,0.7473684210526316,0.7473684210526316,0.7684210526315789,0.868421052631579,0.9578947368421052,1.0,0.3719461694171937,0.5104895104895104,0.5609756097560976,0.5932203389830508,0.608695652173913,0.6063829787234043,0.6296296296296295,0.6455026455026456,0.6666666666666666,0.6684210526315789,0.4786324786324787,0.09836065573770492,0,0,0,0,0,0,0,1,0.6933518005540167
storm_RandomForest_NoSelection_NoSampling_yesCostSensitive_4.csv,RandomForest,NoSelection,NoSampling,yesCostSensitive,0,0.5587044534412956,0.3954154727793696,0.46308724832214765,0.5817748171562519,0.7778424466730337,0.5315769720915078,0.2258945860013364,0.3390804597701149,0.4425287356321839,0.49137931034482757,0.5287356321839081,0.5574712643678161,0.5862068965517241,0.6005747126436781,0.6206896551724138,0.6379310344827587,0.6494252873563219,0.6781609195402298,0.7183908045977011,0.7298850574712644,0.7298850574712644,0.7298850574712644,0.7327586206896551,0.8591954022988506,0.9655172413793104,1.0,0.11885119304728362,0.3390804597701149,0.4425287356321839,0.49137931034482757,0.5287356321839081,0.5574712643678161,0.5862068965517241,0.6005747126436781,0.6206896551724138,0.6379310344827587,0.6494252873563219,0.6781609195402298,0.7183908045977011,0.7298850574712644,0.7298850574712644,0.7298850574712644,0.7327586206896551,0.8591954022988506,0.9655172413793104,1.0,0.2559235147194954,0.472,0.5220338983050847,0.5360501567398119,0.5492537313432836,0.565597667638484,0.5878962536023055,0.6005747126436781,0.6206896551724138,0.4084507042253521,0,0,0,0,0,0,0,0,0,0.0,0.6630369026013309
storm_RandomForest_NoSelection_NoSampling_yesCostSensitive_5.csv,RandomForest,NoSelection,NoSampling,yesCostSensitive,2,0.8500727802037845,0.535288725939505,0.6569178852643419,0.8446533784345444,0.5495109366864183,0.5256912791221021,0.038295276327693334,0.28964252978918426,0.386801099908341,0.5041246562786434,0.6287809349220899,0.7543538038496792,0.846012832263978,0.8780934922089826,0.9019248395967002,0.925756186984418,0.9450045829514208,0.9624197983501375,0.9761686526122824,0.9862511457378552,0.9935838680109991,0.998166819431714,0.999083409715857,0.999083409715857,0.999083409715857,1.0,0.15789473684210525,0.28964252978918426,0.386801099908341,0.5041246562786434,0.6287809349220899,0.7543538038496792,0.846012832263978,0.8780934922089826,0.9019248395967002,0.925756186984418,0.9450045829514208,0.9624197983501375,0.9761686526122824,0.9862511457378552,0.9935838680109991,0.998166819431714,0.999083409715857,0.999083409715857,0.999083409715857,1.0,0.26052937110054913,0.36592178770949724,0,0,0,0,0.44285714285714417,0.32653061224489843,0.19999999999999873,0.19999999999999996,0.1666666666666673,0.13043478260869268,0.11764705882353532,0.0,0.0,0.0,1,1,0.0,1,0.8407544985286314
storm_RandomForest_NoSelection_NoSampling_yesCostSensitive_6.csv,RandomForest,NoSelection,NoSampling,yesCostSensitive,56,0.036410923276983094,0.717948717948718,0.06930693069306931,0.03815514000697942,0.6539291046839569,0.566114031540639,0.06051500563608408,0.15384615384615385,0.2564102564102564,0.38461538461538464,0.48717948717948717,0.5384615384615384,0.5897435897435898,0.6666666666666666,0.717948717948718,0.7948717948717948,0.8205128205128205,0.8461538461538461,0.8461538461538461,0.8461538461538461,0.8974358974358975,0.9743589743589743,1.0,1.0,1.0,1.0,0.4116059379217274,0.15384615384615385,0.2564102564102564,0.38461538461538464,0.48717948717948717,0.5384615384615384,0.5897435897435898,0.6666666666666666,0.717948717948718,0.7948717948717948,0.8205128205128205,0.8461538461538461,0.8461538461538461,0.8461538461538461,0.8974358974358975,0.9743589743589743,1.0,1.0,1.0,1.0,0.7273954116059379,0.15384615384615385,0.2564102564102564,0.3846153846153846,0.4871794871794872,0.5384615384615384,0.5897435897435898,0.6666666666666666,0.717948717948718,0.7948717948717948,0.8205128205128205,0.8461538461538461,0.8461538461538461,0.8461538461538461,0.8974358974358975,0.9743589743589743,1.0,1.0,1.0,1,0.7273954116059379
storm_RandomForest_NoSelection_NoSampling_yesCostSensitive_7.csv,RandomForest,NoSelection,NoSampling,yesCostSensitive,9,0.05830903790087463,0.39215686274509803,0.10152284263959391,0.0597007626368496,0.5912759306621191,0.5187284527709276,0.06865812659499856,0.13725490196078433,0.23529411764705882,0.3333333333333333,0.43137254901960786,0.45098039215686275,0.5294117647058824,0.5686274509803921,0.6274509803921569,0.6470588235294118,0.7058823529411765,0.7254901960784313,0.7450980392156863,0.7647058823529411,0.7647058823529411,0.7647058823529411,0.7647058823529411,0.7843137254901961,0.9019607843137255,1.0,0.5941942141882219,0.13725490196078433,0.23529411764705882,0.3333333333333333,0.43137254901960786,0.45098039215686275,0.5294117647058824,0.5686274509803921,0.6274509803921569,0.6470588235294118,0.7058823529411765,0.7254901960784313,0.7450980392156863,0.7647058823529411,0.7647058823529411,0.7647058823529411,0.7647058823529411,0.7843137254901961,0.9019607843137255,1.0,0.6220579912780052,0.13725490196078427,0.23529411764705888,0.33333333333333326,0.43137254901960786,0.4509803921568627,0.5294117647058824,0.5686274509803921,0.6274509803921569,0.6470588235294118,0.7058823529411765,0.7254901960784313,0.7450980392156863,0.7647058823529411,0.7647058823529411,0.7647058823529411,0.7647058823529411,0.7843137254901961,0.8387096774193549,1,0.6253869969040248
storm_RandomForest_NoSelection_NoSampling_yesCostSensitive_8.csv,RandomForest,NoSelection,NoSampling,yesCostSensitive,0,0.22018348623853212,0.7741935483870968,0.34285714285714286,0.3624739848942101,0.8785811395377583,0.8191865273287723,0.3659724231594274,0.41935483870967744,0.5,0.6935483870967742,0.8225806451612904,0.8548387096774194,0.8548387096774194,0.8548387096774194,0.8548387096774194,0.8709677419354839,0.8709677419354839,0.8709677419354839,0.8709677419354839,0.8709677419354839,0.9354838709677419,0.9838709677419355,1.0,1.0,1.0,1.0,0.8616298811544991,0.41935483870967744,0.5,0.6935483870967742,0.8225806451612904,0.8548387096774194,0.8548387096774194,0.8548387096774194,0.8548387096774194,0.8709677419354839,0.8709677419354839,0.8709677419354839,0.8709677419354839,0.8709677419354839,0.9354838709677419,0.9838709677419355,1.0,1.0,1.0,1.0,0.8488964346349746,0.4193548387096775,0.5,0.6935483870967742,0.8225806451612904,0.8548387096774194,0.8548387096774194,0.8548387096774194,0.8548387096774194,0.8709677419354839,0.8709677419354839,0.8709677419354839,0.8709677419354839,0.8709677419354839,0.9354838709677419,0.9838709677419355,1.0,1.0,1.0,1,0.8488964346349746
storm_RandomForest_NoSelection_NoSampling_yesCostSensitive_9.csv,RandomForest,NoSelection,NoSampling,yesCostSensitive,0,0.11229946524064172,0.5121951219512195,0.18421052631578946,0.19149140313249208,0.7678872599896207,0.6501006455195392,0.19800662160090457,0.2682926829268293,0.3902439024390244,0.6097560975609756,0.6829268292682927,0.7804878048780488,0.7804878048780488,0.8048780487804879,0.8292682926829268,0.8292682926829268,0.8536585365853658,0.8780487804878049,0.8780487804878049,0.8780487804878049,0.8780487804878049,0.9024390243902439,0.975609756097561,1.0,1.0,1.0,0.7201540436456997,0.2682926829268293,0.3902439024390244,0.6097560975609756,0.6829268292682927,0.7804878048780488,0.7804878048780488,0.8048780487804879,0.8292682926829268,0.8292682926829268,0.8536585365853658,0.8780487804878049,0.8780487804878049,0.8780487804878049,0.8780487804878049,0.9024390243902439,0.975609756097561,1.0,1.0,1.0,0.8010269576379974,0.2682926829268293,0.3902439024390244,0.6097560975609756,0.6829268292682927,0.7804878048780488,0.7804878048780488,0.8048780487804879,0.8292682926829268,0.8292682926829268,0.8536585365853658,0.8780487804878049,0.8780487804878049,0.8780487804878049,0.8780487804878049,0.9024390243902439,0.975609756097561,1.0,1.0,1,0.8010269576379974
storm_RandomForest_NoSelection_SMOTE_noCostSensitive_1.csv,RandomForest,NoSelection,SMOTE,noCostSensitive,0,0,0.0,0.0,0.03385203385203385,1.0,0.0,0,0.21862348178137653,0.3076923076923077,0.3967611336032389,0.46963562753036436,0.5789473684210527,0.6477732793522267,0.7165991902834008,0.7732793522267206,0.8259109311740891,0.8582995951417004,0.8987854251012146,0.9352226720647774,0.9635627530364372,0.979757085020243,0.9919028340080972,1.0,1.0,1.0,1.0,0.241626850043134,0.21862348178137653,0.3076923076923077,0.3967611336032389,0.46963562753036436,0.5789473684210527,0.6477732793522267,0.7165991902834008,0.7732793522267206,0.8259109311740891,0.8582995951417004,0.8987854251012146,0.9352226720647774,0.9635627530364372,0.979757085020243,0.9919028340080972,1.0,1.0,1.0,1.0,0.241626850043134,0.3829787234042553,0.44444444444444453,0.5130890052356021,0.5631067961165048,0.6559633027522935,0.4887218045112782,0.38541666666666663,0.29166666666666663,0.23636363636363655,0.16666666666666685,0.137931034482759,0.15789473684210542,0.1666666666666663,0.0,0.0,0.0,0.0,0.0,0.0,0.7664606861282761
storm_RandomForest_NoSelection_SMOTE_noCostSensitive_10.csv,RandomForest,NoSelection,SMOTE,noCostSensitive,1,0.20833333333333334,0.08620689655172414,0.12195121951219512,0.15010091139235088,0.6527300709283135,0.158573564841738,0.11366574266065489,0.25862068965517243,0.3448275862068966,0.43103448275862066,0.5172413793103449,0.5344827586206896,0.5344827586206896,0.5862068965517241,0.6896551724137931,0.7931034482758621,0.8620689655172413,0.8793103448275862,0.9655172413793104,1.0,1.0,1.0,1.0,1.0,1.0,1.0,0.7441016333938294,0.25862068965517243,0.3448275862068966,0.43103448275862066,0.5172413793103449,0.5344827586206896,0.5344827586206896,0.5862068965517241,0.6896551724137931,0.7931034482758621,0.8620689655172413,0.8793103448275862,0.9655172413793104,1.0,1.0,1.0,1.0,1.0,1.0,1.0,0.7577132486388385,0.2586206896551724,0.3448275862068966,0.43103448275862066,0.5172413793103449,0.5344827586206896,0.5344827586206896,0.5862068965517241,0.6896551724137931,0.7931034482758621,0.8620689655172413,0.8793103448275862,0.9655172413793104,1.0,1.0,1.0,1.0,1.0,1.0,1,0.7577132486388385
storm_RandomForest_NoSelection_SMOTE_noCostSensitive_11.csv,RandomForest,NoSelection,SMOTE,noCostSensitive,0,0.5981308411214953,0.47761194029850745,0.5311203319502075,0.5391673709421553,0.7842456595588753,0.6403849308327411,0.4981115961980424,0.4701492537313433,0.5373134328358209,0.6268656716417911,0.7014925373134329,0.7238805970149254,0.7686567164179104,0.8134328358208955,0.8656716417910447,0.8731343283582089,0.8805970149253731,0.8805970149253731,0.8805970149253731,0.8805970149253731,0.9253731343283582,0.9776119402985075,1.0,1.0,1.0,1.0,0.7525530243519246,0.4701492537313433,0.5373134328358209,0.6268656716417911,0.7014925373134329,0.7238805970149254,0.7686567164179104,0.8134328358208955,0.8656716417910447,0.8731343283582089,0.8805970149253731,0.8805970149253731,0.8805970149253731,0.8805970149253731,0.9253731343283582,0.9776119402985075,1.0,1.0,1.0,1.0,0.8318931657501963,0.4701492537313433,0.5373134328358209,0.6268656716417911,0.7014925373134329,0.7238805970149254,0.7686567164179104,0.8134328358208955,0.8656716417910447,0.8731343283582089,0.8805970149253731,0.8805970149253731,0.8805970149253731,0.8805970149253731,0.9253731343283582,0.9776119402985075,1.0,1.0,1.0,1,0.8318931657501963
storm_RandomForest_NoSelection_SMOTE_noCostSensitive_12.csv,RandomForest,NoSelection,SMOTE,noCostSensitive,0,0.631578947368421,0.46875,0.5381165919282511,0.4825914202083146,0.8126486429770565,0.6342540636426167,0.5166242688708986,0.5546875,0.625,0.703125,0.7421875,0.7578125,0.8046875,0.84375,0.8828125,0.921875,0.953125,0.9765625,0.984375,0.9921875,1.0,1.0,1.0,1.0,1.0,1.0,0.8651315789473685,0.5546875,0.625,0.703125,0.7421875,0.7578125,0.8046875,0.84375,0.8828125,0.921875,0.953125,0.9765625,0.984375,0.9921875,1.0,1.0,1.0,1.0,1.0,1.0,0.8811677631578947,0.5546875,0.625,0.703125,0.7421875,0.7578125,0.8046875,0.84375,0.8828125,0.921875,0.953125,0.9765625,0.984375,0.9921875,1.0,1.0,1.0,1.0,1.0,1,0.8811677631578947
storm_RandomForest_NoSelection_SMOTE_noCostSensitive_13.csv,RandomForest,NoSelection,SMOTE,noCostSensitive,2,0.43529411764705883,0.47435897435897434,0.4539877300613497,0.39286132997235657,0.8314106553061127,0.6371664798051485,0.4267243651361921,0.5769230769230769,0.6538461538461539,0.7307692307692307,0.7948717948717948,0.8589743589743589,0.8846153846153846,0.9358974358974359,0.9487179487179487,0.9615384615384616,0.9743589743589743,0.9871794871794872,0.9871794871794872,0.9871794871794872,1.0,1.0,1.0,1.0,1.0,1.0,0.8812415654520919,0.5769230769230769,0.6538461538461539,0.7307692307692307,0.7948717948717948,0.8589743589743589,0.8846153846153846,0.9358974358974359,0.9487179487179487,0.9615384615384616,0.9743589743589743,0.9871794871794872,0.9871794871794872,0.9871794871794872,1.0,1.0,1.0,1.0,1.0,1.0,0.9095816464237516,0.5769230769230769,0.6538461538461539,0.7307692307692307,0.7948717948717948,0.8589743589743589,0.8846153846153846,0.9358974358974359,0.9487179487179487,0.9615384615384616,0.9743589743589743,0.9871794871794872,0.9871794871794872,0.9871794871794872,1.0,1.0,1.0,1.0,1.0,1,0.9095816464237516
storm_RandomForest_NoSelection_SMOTE_noCostSensitive_14.csv,RandomForest,NoSelection,SMOTE,noCostSensitive,4,0.125,0.19607843137254902,0.15267175572519084,0.13246520571370154,0.650185721825551,0.32589948429281185,0.12912526710251815,0.21568627450980393,0.2549019607843137,0.29411764705882354,0.4117647058823529,0.45098039215686275,0.5098039215686274,0.5490196078431373,0.5882352941176471,0.6274509803921569,0.6862745098039216,0.6862745098039216,0.6862745098039216,0.7058823529411765,0.8235294117647058,0.8431372549019608,0.9215686274509803,0.9607843137254902,0.9803921568627451,1.0,0.5741133018304275,0.21568627450980393,0.2549019607843137,0.29411764705882354,0.4117647058823529,0.45098039215686275,0.5098039215686274,0.5490196078431373,0.5882352941176471,0.6274509803921569,0.6862745098039216,0.6862745098039216,0.6862745098039216,0.7058823529411765,0.8235294117647058,0.8431372549019608,0.9215686274509803,0.9607843137254902,0.9803921568627451,1.0,0.6401607734506545,0.21568627450980393,0.2549019607843137,0.2941176470588236,0.4117647058823529,0.4509803921568627,0.5098039215686274,0.5490196078431373,0.5882352941176471,0.6274509803921569,0.6862745098039216,0.6862745098039216,0.6862745098039216,0.7058823529411765,0.8235294117647058,0.8431372549019608,0.9215686274509803,0.9607843137254902,0.9473684210526314,1,0.6418988648090815
storm_RandomForest_NoSelection_SMOTE_noCostSensitive_15.csv,RandomForest,NoSelection,SMOTE,noCostSensitive,0,0.3626373626373626,0.5409836065573771,0.4342105263157895,0.40782300895396356,0.8424882551989218,0.6948274176200254,0.42231789859806124,0.4098360655737705,0.4918032786885246,0.639344262295082,0.6557377049180327,0.7540983606557377,0.819672131147541,0.8360655737704918,0.8524590163934426,0.9016393442622951,0.9016393442622951,0.9016393442622951,0.9016393442622951,0.9016393442622951,0.9344262295081968,0.9508196721311475,1.0,1.0,1.0,1.0,0.8541846419327006,0.4098360655737705,0.4918032786885246,0.639344262295082,0.6557377049180327,0.7540983606557377,0.819672131147541,0.8360655737704918,0.8524590163934426,0.9016393442622951,0.9016393442622951,0.9016393442622951,0.9016393442622951,0.9016393442622951,0.9344262295081968,0.9508196721311475,1.0,1.0,1.0,1.0,0.8343399482312338,0.4098360655737705,0.4918032786885246,0.639344262295082,0.6557377049180327,0.7540983606557377,0.819672131147541,0.8360655737704918,0.8524590163934426,0.9016393442622951,0.9016393442622951,0.9016393442622951,0.9016393442622951,0.9016393442622951,0.9344262295081968,0.9508196721311475,1.0,1.0,1.0,1,0.8343399482312338
storm_RandomForest_NoSelection_SMOTE_noCostSensitive_16.csv,RandomForest,NoSelection,SMOTE,noCostSensitive,1,0.25,0.65,0.3611111111111111,0.3628963993991631,0.9027817745803363,0.7759982154807048,0.38588069402845987,0.3,0.475,0.6,0.65,0.75,0.85,0.9,0.925,0.95,0.975,0.975,0.975,0.975,1.0,1.0,1.0,1.0,1.0,1.0,0.8736842105263158,0.3,0.475,0.6,0.65,0.75,0.85,0.9,0.925,0.95,0.975,0.975,0.975,0.975,1.0,1.0,1.0,1.0,1.0,1.0,0.8578947368421052,0.30000000000000004,0.475,0.6,0.65,0.75,0.85,0.9,0.925,0.95,0.975,0.975,0.975,0.975,1.0,1.0,1.0,1.0,1.0,1,0.8578947368421053
storm_RandomForest_NoSelection_SMOTE_noCostSensitive_17.csv,RandomForest,NoSelection,SMOTE,noCostSensitive,5,0.10526315789473684,0.2222222222222222,0.14285714285714285,0.09573989809912682,0.5842954489284331,0.36199655157168753,0.13719776401936162,0.2222222222222222,0.25925925925925924,0.3333333333333333,0.37037037037037035,0.4074074074074074,0.4444444444444444,0.5185185185185185,0.5555555555555556,0.6296296296296297,0.6666666666666666,0.7407407407407407,0.7407407407407407,0.7777777777777778,0.8148148148148148,0.8888888888888888,0.9629629629629629,1.0,1.0,1.0,0.6608187134502924,0.2222222222222222,0.25925925925925924,0.3333333333333333,0.37037037037037035,0.4074074074074074,0.4444444444444444,0.5185185185185185,0.5555555555555556,0.6296296296296297,0.6666666666666666,0.7407407407407407,0.7407407407407407,0.7777777777777778,0.8148148148148148,0.8888888888888888,0.9629629629629629,1.0,1.0,1.0,0.6491228070175438,0.2222222222222222,0.2592592592592593,0.33333333333333326,0.37037037037037035,0.40740740740740744,0.4444444444444444,0.5185185185185185,0.5555555555555556,0.6296296296296297,0.6666666666666666,0.7407407407407407,0.7407407407407407,0.7777777777777778,0.8148148148148148,0.8888888888888888,0.9629629629629629,1.0,1.0,1,0.6491228070175438
storm_RandomForest_NoSelection_SMOTE_noCostSensitive_2.csv,RandomForest,NoSelection,SMOTE,noCostSensitive,21,0.0,0,0.0,0.0,0.0,0.0,0,0,0,0,0,0,0,0,0,0,0,0,0,0,0,0,0,0,0,0,1.0,0,0,0,0,0,0,0,0,0,0,0,0,0,0,0,0,0,0,0,1.0,1,1,1,1,1,1,1,1,1,1,1,1,1,1,1,1,1,1,1,0.0
storm_RandomForest_NoSelection_SMOTE_noCostSensitive_3.csv,RandomForest,NoSelection,SMOTE,noCostSensitive,0,0.7283950617283951,0.3105263157894737,0.4354243542435424,0.6840699762636253,0.8671639289306071,0.4698538687973087,0.3894872563485795,0.4,0.48947368421052634,0.5473684210526316,0.5947368421052631,0.6157894736842106,0.6210526315789474,0.6368421052631579,0.6578947368421053,0.6631578947368421,0.6894736842105263,0.7,0.7,0.7,0.7,0.7315789473684211,0.8315789473684211,0.9210526315789473,0.9578947368421052,1.0,0.18908619797867487,0.4,0.48947368421052634,0.5473684210526316,0.5947368421052631,0.6157894736842106,0.6210526315789474,0.6368421052631579,0.6578947368421053,0.6631578947368421,0.6894736842105263,0.7,0.7,0.7,0.7,0.7315789473684211,0.8315789473684211,0.9210526315789473,0.9578947368421052,1.0,0.37226143530867134,0.5314685314685315,0.5670731707317074,0.5875706214689266,0.6141304347826086,0.6223404255319149,0.6243386243386244,0.6402116402116402,0.6613756613756614,0.6631578947368421,0.49572649572649585,0.06557377049180313,0,0,0,0,0,0,0,1,0.6925207756232686
storm_RandomForest_NoSelection_SMOTE_noCostSensitive_4.csv,RandomForest,NoSelection,SMOTE,noCostSensitive,1,0.5583333333333333,0.3839541547277937,0.45500848896434637,0.5728323782436223,0.7819464342566061,0.5221919125755553,0.22107678711392384,0.3037249283667622,0.3982808022922636,0.4355300859598854,0.4785100286532951,0.498567335243553,0.5128939828080229,0.5501432664756447,0.5816618911174785,0.5959885386819485,0.6332378223495702,0.6561604584527221,0.6762177650429799,0.6762177650429799,0.6762177650429799,0.6762177650429799,0.7478510028653295,0.8767908309455588,0.9627507163323782,1.0,0.1552493716791976,0.3037249283667622,0.3982808022922636,0.4355300859598854,0.4785100286532951,0.498567335243553,0.5128939828080229,0.5501432664756447,0.5816618911174785,0.5959885386819485,0.6332378223495702,0.6561604584527221,0.6762177650429799,0.6762177650429799,0.6762177650429799,0.6762177650429799,0.7478510028653295,0.8767908309455588,0.9627507163323782,1.0,0.28268958849298587,0.42400000000000004,0.4711864406779661,0.4764890282131662,0.4985074626865672,0.5072886297376094,0.515850144092219,0.5517241379310345,0.5833333333333333,0.34272300469483574,0,0,0,0,0,0,0,0,0,1,0.6282611974061227
storm_RandomForest_NoSelection_SMOTE_noCostSensitive_5.csv,RandomForest,NoSelection,SMOTE,noCostSensitive,1,0.8963414634146342,0.538955087076077,0.6731539782484258,0.8923424270612876,0.7473954635235796,0.6016109286301462,0.16244456564546372,0.40238313473877174,0.5563703024747938,0.6599450045829515,0.7506874427131073,0.8157653528872594,0.854262144821265,0.8835930339138405,0.9065077910174152,0.928505957836847,0.9477543538038496,0.9642529789184234,0.9770852428964253,0.9862511457378552,0.9945004582951421,0.998166819431714,0.999083409715857,0.999083409715857,0.999083409715857,1.0,0.15789473684210525,0.40238313473877174,0.5563703024747938,0.6599450045829515,0.7506874427131073,0.8157653528872594,0.854262144821265,0.8835930339138405,0.9065077910174152,0.928505957836847,0.9477543538038496,0.9642529789184234,0.9770852428964253,0.9862511457378552,0.9945004582951421,0.998166819431714,0.999083409715857,0.999083409715857,0.999083409715857,1.0,0.4616382524339208,0.7094972067039105,0.6790123456790125,0.6091954022988509,0.6484375000000002,0.6666666666666663,0.5714285714285727,0.4489795918367344,0.3249999999999995,0.2857142857142867,0.2666666666666645,0.21739130434782283,0.17647058823529582,0.0,0.16666666666667673,0.0,1,1,0.0,1,0.8749095470114333
storm_RandomForest_NoSelection_SMOTE_noCostSensitive_6.csv,RandomForest,NoSelection,SMOTE,noCostSensitive,26,0.06542056074766354,0.358974358974359,0.11067193675889328,0.058979899863960135,0.6985197883831961,0.5058629006568269,0.0982539788318179,0.28205128205128205,0.3333333333333333,0.358974358974359,0.4358974358974359,0.46153846153846156,0.5384615384615384,0.6153846153846154,0.6153846153846154,0.6666666666666666,0.6923076923076923,0.7435897435897436,0.7948717948717948,0.8205128205128205,0.8205128205128205,0.8205128205128205,0.8205128205128205,0.8974358974358975,0.9743589743589743,1.0,0.44534412955465585,0.28205128205128205,0.3333333333333333,0.358974358974359,0.4358974358974359,0.46153846153846156,0.5384615384615384,0.6153846153846154,0.6153846153846154,0.6666666666666666,0.6923076923076923,0.7435897435897436,0.7948717948717948,0.8205128205128205,0.8205128205128205,0.8205128205128205,0.8205128205128205,0.8974358974358975,0.9743589743589743,1.0,0.6680161943319838,0.28205128205128205,0.33333333333333326,0.35897435897435903,0.4358974358974359,0.46153846153846156,0.5384615384615384,0.6153846153846154,0.6153846153846154,0.6666666666666666,0.6923076923076923,0.7435897435897436,0.7948717948717948,0.8205128205128205,0.8205128205128205,0.8205128205128205,0.8205128205128205,0.8974358974358975,0.9743589743589743,1,0.6680161943319838
storm_RandomForest_NoSelection_SMOTE_noCostSensitive_7.csv,RandomForest,NoSelection,SMOTE,noCostSensitive,0,0.26666666666666666,0.0784313725490196,0.12121212121212122,0.11171700441139926,0.6302216538789425,0.14536959609232936,0.12826029097543315,0.1568627450980392,0.3333333333333333,0.35294117647058826,0.39215686274509803,0.43137254901960786,0.49019607843137253,0.6470588235294118,0.7058823529411765,0.7647058823529411,0.8823529411764706,0.9215686274509803,0.9411764705882353,0.9803921568627451,0.9803921568627451,1.0,1.0,1.0,1.0,1.0,0.7337461300309598,0.1568627450980392,0.3333333333333333,0.35294117647058826,0.39215686274509803,0.43137254901960786,0.49019607843137253,0.6470588235294118,0.7058823529411765,0.7647058823529411,0.8823529411764706,0.9215686274509803,0.9411764705882353,0.9803921568627451,0.9803921568627451,1.0,1.0,1.0,1.0,1.0,0.7358101135190919,0.1568627450980392,0.33333333333333326,0.3529411764705883,0.392156862745098,0.43137254901960786,0.4901960784313726,0.6470588235294118,0.7058823529411765,0.7647058823529411,0.8823529411764706,0.9215686274509803,0.9411764705882353,0.9803921568627451,0.9803921568627451,1.0,1.0,1.0,1.0,1,0.7358101135190919
storm_RandomForest_NoSelection_SMOTE_noCostSensitive_8.csv,RandomForest,NoSelection,SMOTE,noCostSensitive,0,0.6724137931034483,0.6290322580645161,0.65,0.5866610446254094,0.8901742677048575,0.7678963767061939,0.6343369272459447,0.6290322580645161,0.7419354838709677,0.8225806451612904,0.8387096774193549,0.8548387096774194,0.8548387096774194,0.8548387096774194,0.8548387096774194,0.8548387096774194,0.8548387096774194,0.8709677419354839,0.9354838709677419,0.967741935483871,0.967741935483871,0.9838709677419355,1.0,1.0,1.0,1.0,0.8701188455008488,0.6290322580645161,0.7419354838709677,0.8225806451612904,0.8387096774193549,0.8548387096774194,0.8548387096774194,0.8548387096774194,0.8548387096774194,0.8548387096774194,0.8548387096774194,0.8709677419354839,0.9354838709677419,0.967741935483871,0.967741935483871,0.9838709677419355,1.0,1.0,1.0,1.0,0.8887945670628183,0.6290322580645161,0.7419354838709677,0.8225806451612904,0.8387096774193549,0.8548387096774194,0.8548387096774194,0.8548387096774194,0.8548387096774194,0.8548387096774194,0.8548387096774194,0.8709677419354839,0.9354838709677419,0.967741935483871,0.967741935483871,0.9838709677419355,1.0,1.0,1.0,1,0.8887945670628183
storm_RandomForest_NoSelection_SMOTE_noCostSensitive_9.csv,RandomForest,NoSelection,SMOTE,noCostSensitive,0,0.28888888888888886,0.3170731707317073,0.3023255813953488,0.2868747584329757,0.7599571873378305,0.4789747697236684,0.2827203703639278,0.36585365853658536,0.4878048780487805,0.5609756097560976,0.6341463414634146,0.7317073170731707,0.7560975609756098,0.8048780487804879,0.8292682926829268,0.8292682926829268,0.8292682926829268,0.8292682926829268,0.8292682926829268,0.8292682926829268,0.9024390243902439,0.926829268292683,0.975609756097561,1.0,1.0,1.0,0.6623876765083441,0.36585365853658536,0.4878048780487805,0.5609756097560976,0.6341463414634146,0.7317073170731707,0.7560975609756098,0.8048780487804879,0.8292682926829268,0.8292682926829268,0.8292682926829268,0.8292682926829268,0.8292682926829268,0.8292682926829268,0.9024390243902439,0.926829268292683,0.975609756097561,1.0,1.0,1.0,0.7958921694480102,0.36585365853658536,0.4878048780487805,0.5609756097560976,0.6341463414634146,0.7317073170731707,0.7560975609756098,0.8048780487804879,0.8292682926829268,0.8292682926829268,0.8292682926829268,0.8292682926829268,0.8292682926829268,0.8292682926829268,0.9024390243902439,0.926829268292683,0.975609756097561,1.0,1.0,1,0.7958921694480102
storm_RandomForest_NoSelection_SMOTE_yesCostSensitive_1.csv,RandomForest,NoSelection,SMOTE,yesCostSensitive,0,0,0.0,0.0,0.03385203385203385,1.0,0.0,0,0.1902834008097166,0.2834008097165992,0.39271255060728744,0.4574898785425101,0.5587044534412956,0.631578947368421,0.6923076923076923,0.7692307692307693,0.8218623481781376,0.854251012145749,0.8947368421052632,0.9311740890688259,0.9595141700404858,0.9757085020242915,0.9919028340080972,1.0,1.0,1.0,1.0,0.1603896575824494,0.1902834008097166,0.2834008097165992,0.39271255060728744,0.4574898785425101,0.5587044534412956,0.631578947368421,0.6923076923076923,0.7692307692307693,0.8218623481781376,0.854251012145749,0.8947368421052632,0.9311740890688259,0.9595141700404858,0.9757085020242915,0.9919028340080972,1.0,1.0,1.0,1.0,0.21813365594694514,0.33333333333333337,0.4093567251461988,0.5078534031413613,0.5485436893203883,0.6330275229357798,0.4586466165413533,0.3229166666666665,0.277777777777778,0.21818181818181825,0.1428571428571429,0.10344827586206895,0.1052631578947365,0.08333333333333204,0,0.0,0.0,0.0,0.0,0.0,0.758150436820797
storm_RandomForest_NoSelection_SMOTE_yesCostSensitive_10.csv,RandomForest,NoSelection,SMOTE,yesCostSensitive,0,0.03969754253308128,0.3620689655172414,0.07155025553662692,0.04172958800628132,0.6247267698621582,0.47044350922628686,0.013294128679885536,0.20689655172413793,0.3275862068965517,0.3793103448275862,0.5,0.5172413793103449,0.5172413793103449,0.5172413793103449,0.5344827586206896,0.6206896551724138,0.7068965517241379,0.7586206896551724,0.8620689655172413,0.9310344827586207,0.9310344827586207,0.9310344827586207,0.9827586206896551,1.0,1.0,1.0,0.5381125226860254,0.20689655172413793,0.3275862068965517,0.3793103448275862,0.5,0.5172413793103449,0.5172413793103449,0.5172413793103449,0.5344827586206896,0.6206896551724138,0.7068965517241379,0.7586206896551724,0.8620689655172413,0.9310344827586207,0.9310344827586207,0.9310344827586207,0.9827586206896551,1.0,1.0,1.0,0.6960072595281307,0.2068965517241379,0.3275862068965517,0.3793103448275862,0.5,0.5172413793103449,0.5172413793103449,0.5172413793103449,0.5344827586206896,0.6206896551724138,0.7068965517241379,0.7586206896551724,0.8620689655172413,0.9310344827586207,0.9310344827586207,0.9310344827586207,0.9827586206896551,1.0,1.0,1,0.6960072595281307
storm_RandomForest_NoSelection_SMOTE_yesCostSensitive_11.csv,RandomForest,NoSelection,SMOTE,yesCostSensitive,1,0.12459016393442623,0.5671641791044776,0.20430107526881722,0.1449898322819554,0.7768077330665847,0.6038691132397495,0.12059317111356484,0.27611940298507465,0.3880597014925373,0.5074626865671642,0.5671641791044776,0.5970149253731343,0.5970149253731343,0.5970149253731343,0.5970149253731343,0.8059701492537313,0.8955223880597015,0.9104477611940298,0.917910447761194,0.9477611940298507,0.9552238805970149,0.9626865671641791,0.9850746268656716,1.0,1.0,1.0,0.6667227770919837,0.27611940298507465,0.3880597014925373,0.5074626865671642,0.5671641791044776,0.5970149253731343,0.5970149253731343,0.5970149253731343,0.5970149253731343,0.8059701492537313,0.8955223880597015,0.9104477611940298,0.917910447761194,0.9477611940298507,0.9552238805970149,0.9626865671641791,0.9850746268656716,1.0,1.0,1.0,0.7635506677140613,0.27611940298507465,0.3880597014925373,0.5074626865671642,0.5671641791044776,0.5970149253731343,0.5970149253731343,0.5970149253731343,0.5970149253731343,0.8059701492537313,0.8955223880597015,0.9104477611940298,0.917910447761194,0.9477611940298507,0.9552238805970149,0.9626865671641791,0.9850746268656716,1.0,1.0,1,0.7635506677140613
storm_RandomForest_NoSelection_SMOTE_yesCostSensitive_12.csv,RandomForest,NoSelection,SMOTE,yesCostSensitive,1,0.09988109393579073,0.65625,0.17337461300309598,0.13469343303554612,0.7376232862339114,0.613730191382808,0.11706907389028173,0.3984375,0.4921875,0.59375,0.65625,0.6796875,0.75,0.8203125,0.875,0.8984375,0.9140625,0.9296875,0.9375,0.953125,0.984375,1.0,1.0,1.0,1.0,1.0,0.7689967105263158,0.3984375,0.4921875,0.59375,0.65625,0.6796875,0.75,0.8203125,0.875,0.8984375,0.9140625,0.9296875,0.9375,0.953125,0.984375,1.0,1.0,1.0,1.0,1.0,0.8359375,0.3984375,0.4921875,0.59375,0.65625,0.6796875,0.75,0.8203125,0.875,0.8984375,0.9140625,0.9296875,0.9375,0.953125,0.984375,1.0,1.0,1.0,1.0,1,0.8359375
storm_RandomForest_NoSelection_SMOTE_yesCostSensitive_13.csv,RandomForest,NoSelection,SMOTE,yesCostSensitive,0,0.06080206985769728,0.6025641025641025,0.11045828437132785,0.07766040821782584,0.757606943979066,0.5741124598778483,0.06358319927705837,0.2564102564102564,0.2948717948717949,0.38461538461538464,0.5,0.5769230769230769,0.7692307692307693,0.8846153846153846,0.9358974358974359,0.9615384615384616,0.9615384615384616,0.9743589743589743,0.9743589743589743,0.9743589743589743,1.0,1.0,1.0,1.0,1.0,1.0,0.8387314439946019,0.2564102564102564,0.2948717948717949,0.38461538461538464,0.5,0.5769230769230769,0.7692307692307693,0.8846153846153846,0.9358974358974359,0.9615384615384616,0.9615384615384616,0.9743589743589743,0.9743589743589743,0.9743589743589743,1.0,1.0,1.0,1.0,1.0,1.0,0.8130904183535762,0.2564102564102564,0.29487179487179493,0.3846153846153846,0.5,0.5769230769230769,0.7692307692307693,0.8846153846153846,0.9358974358974359,0.9615384615384616,0.9615384615384616,0.9743589743589743,0.9743589743589743,0.9743589743589743,1.0,1.0,1.0,1.0,1.0,1,0.8130904183535762
storm_RandomForest_NoSelection_SMOTE_yesCostSensitive_14.csv,RandomForest,NoSelection,SMOTE,yesCostSensitive,1,0.022540983606557378,0.43137254901960786,0.042843232716650435,0.03424334888274827,0.5878170465748512,0.4696948981416237,-0.01668140846090631,0.1568627450980392,0.17647058823529413,0.23529411764705882,0.2549019607843137,0.4117647058823529,0.49019607843137253,0.5098039215686274,0.5882352941176471,0.6470588235294118,0.6862745098039216,0.7647058823529411,0.8235294117647058,0.8431372549019608,0.9411764705882353,1.0,1.0,1.0,1.0,1.0,0.6225625984465808,0.1568627450980392,0.17647058823529413,0.23529411764705882,0.2549019607843137,0.4117647058823529,0.49019607843137253,0.5098039215686274,0.5882352941176471,0.6470588235294118,0.6862745098039216,0.7647058823529411,0.8235294117647058,0.8431372549019608,0.9411764705882353,1.0,1.0,1.0,1.0,1.0,0.6594427244582043,0.1568627450980392,0.17647058823529416,0.23529411764705888,0.2549019607843137,0.4117647058823529,0.4901960784313726,0.5098039215686274,0.5882352941176471,0.6470588235294118,0.6862745098039216,0.7647058823529411,0.8235294117647058,0.8431372549019608,0.9411764705882353,1.0,1.0,1.0,1.0,1,0.6594427244582043
storm_RandomForest_NoSelection_SMOTE_yesCostSensitive_15.csv,RandomForest,NoSelection,SMOTE,yesCostSensitive,4,0.042598509052183174,0.6557377049180327,0.08,0.05975046346074482,0.7673297414501135,0.5979953256062743,0.06992918974905024,0.09836065573770492,0.18032786885245902,0.22950819672131148,0.3770491803278688,0.5245901639344263,0.6885245901639344,0.7540983606557377,0.8524590163934426,0.8852459016393442,0.9180327868852459,0.9344262295081968,0.9672131147540983,0.9836065573770492,1.0,1.0,1.0,1.0,1.0,1.0,0.8115712779215799,0.09836065573770492,0.18032786885245902,0.22950819672131148,0.3770491803278688,0.5245901639344263,0.6885245901639344,0.7540983606557377,0.8524590163934426,0.8852459016393442,0.9180327868852459,0.9344262295081968,0.9672131147540983,0.9836065573770492,1.0,1.0,1.0,1.0,1.0,1.0,0.7575496117342537,0.09836065573770492,0.180327868852459,0.2295081967213115,0.3770491803278688,0.5245901639344263,0.6885245901639344,0.7540983606557377,0.8524590163934426,0.8852459016393442,0.9180327868852459,0.9344262295081968,0.9672131147540983,0.9836065573770492,1.0,1.0,1.0,1.0,1.0,1,0.7575496117342537
storm_RandomForest_NoSelection_SMOTE_yesCostSensitive_16.csv,RandomForest,NoSelection,SMOTE,yesCostSensitive,2,0.030364372469635626,0.75,0.058365758754863814,0.04320675335975137,0.8342206235011991,0.6282634953079996,0.07916107516916532,0.025,0.05,0.125,0.3,0.575,0.675,0.8,0.85,0.9,0.95,0.975,1.0,1.0,1.0,1.0,1.0,1.0,1.0,1.0,0.8763157894736842,0.025,0.05,0.125,0.3,0.575,0.675,0.8,0.85,0.9,0.95,0.975,1.0,1.0,1.0,1.0,1.0,1.0,1.0,1.0,0.7486842105263157,0.025000000000000022,0.050000000000000044,0.125,0.30000000000000004,0.575,0.675,0.8,0.85,0.9,0.95,0.975,1.0,1.0,1.0,1.0,1.0,1.0,1.0,1,0.7486842105263157
storm_RandomForest_NoSelection_SMOTE_yesCostSensitive_17.csv,RandomForest,NoSelection,SMOTE,yesCostSensitive,1,0.009115770282588878,0.37037037037037035,0.017793594306049824,0.016884812041288808,0.5089503230589978,0.4188329846510761,-0.033112279001004136,0.07407407407407407,0.1111111111111111,0.14814814814814814,0.14814814814814814,0.3333333333333333,0.3333333333333333,0.48148148148148145,0.5555555555555556,0.6666666666666666,0.7407407407407407,0.8148148148148148,0.8148148148148148,0.8518518518518519,0.8888888888888888,0.8888888888888888,0.9629629629629629,1.0,1.0,1.0,0.602948343079922,0.07407407407407407,0.1111111111111111,0.14814814814814814,0.14814814814814814,0.3333333333333333,0.3333333333333333,0.48148148148148145,0.5555555555555556,0.6666666666666666,0.7407407407407407,0.8148148148148148,0.8148148148148148,0.8518518518518519,0.8888888888888888,0.8888888888888888,0.9629629629629629,1.0,1.0,1.0,0.621832358674464,0.07407407407407407,0.11111111111111116,0.14814814814814814,0.14814814814814814,0.33333333333333326,0.33333333333333326,0.4814814814814814,0.5555555555555556,0.6666666666666666,0.7407407407407407,0.8148148148148148,0.8148148148148148,0.8518518518518519,0.8888888888888888,0.8888888888888888,0.9629629629629629,1.0,1.0,1,0.621832358674464
storm_RandomForest_NoSelection_SMOTE_yesCostSensitive_2.csv,RandomForest,NoSelection,SMOTE,yesCostSensitive,21,0.0,0,0.0,0.0,0.0,0.0,0,0,0,0,0,0,0,0,0,0,0,0,0,0,0,0,0,0,0,0,1.0,0,0,0,0,0,0,0,0,0,0,0,0,0,0,0,0,0,0,0,1.0,1,1,1,1,1,1,1,1,1,1,1,1,1,1,1,1,1,1,1,0.0
storm_RandomForest_NoSelection_SMOTE_yesCostSensitive_3.csv,RandomForest,NoSelection,SMOTE,yesCostSensitive,0,0.5169491525423728,0.32105263157894737,0.3961038961038961,0.457790593149033,0.9383757961783439,0.4745432499080368,0.27678240151959194,0.2275132275132275,0.291005291005291,0.31216931216931215,0.3915343915343915,0.5767195767195767,0.6349206349206349,0.7037037037037037,0.7936507936507936,0.8677248677248677,0.8994708994708994,0.9470899470899471,0.9629629629629629,0.9682539682539683,0.9735449735449735,0.9947089947089947,1.0,1.0,1.0,1.0,0.36643719054116014,0.2275132275132275,0.291005291005291,0.31216931216931215,0.3915343915343915,0.5767195767195767,0.6349206349206349,0.7037037037037037,0.7936507936507936,0.8677248677248677,0.8994708994708994,0.9470899470899471,0.9629629629629629,0.9682539682539683,0.9735449735449735,0.9947089947089947,1.0,1.0,1.0,1.0,0.4502460499365224,0.30069930069930073,0.33536585365853655,0.33333333333333326,0.40217391304347827,0.5797872340425532,0.6349206349206349,0.7037037037037037,0.7936507936507936,0.863157894736842,0.8290598290598289,0.8196721311475408,0.7647058823529407,0.6111111111111109,0.24999999999999933,0.3333333333333287,0.0,0.0,0.0,0.0,0.7655249234196603
storm_RandomForest_NoSelection_SMOTE_yesCostSensitive_4.csv,RandomForest,NoSelection,SMOTE,yesCostSensitive,0,0.5524193548387096,0.39255014326647564,0.45896147403685095,0.48286311959386957,0.8750049745304043,0.5282404010000125,0.21867046819391847,0.27298850574712646,0.3074712643678161,0.33620689655172414,0.34770114942528735,0.3620689655172414,0.3735632183908046,0.3793103448275862,0.39080459770114945,0.39080459770114945,0.39080459770114945,0.39080459770114945,0.39080459770114945,0.6149425287356322,0.7270114942528736,0.7902298850574713,0.8591954022988506,0.9339080459770115,1.0,1.0,0.13396650904419966,0.27298850574712646,0.3074712643678161,0.33620689655172414,0.34770114942528735,0.3620689655172414,0.3735632183908046,0.3793103448275862,0.39080459770114945,0.39080459770114945,0.39080459770114945,0.39080459770114945,0.39080459770114945,0.6149425287356322,0.7270114942528736,0.7902298850574713,0.8591954022988506,0.9339080459770115,1.0,1.0,0.1572354495036621,0.3800000000000001,0.3627118644067796,0.36677115987460807,0.3611940298507462,0.36734693877551017,0.3746397694524495,0.3793103448275862,0.3908045977011494,0.004694835680751019,0,0,0,0,0,0,0,0,0.0,0.0,0.5399274047186933
storm_RandomForest_NoSelection_SMOTE_yesCostSensitive_5.csv,RandomForest,NoSelection,SMOTE,yesCostSensitive,4,0.9029535864978903,0.9807516040329972,0.9402460456942003,0.8157431694739077,0.9896076735389421,0.6263514401424015,0.5659211616055495,0.4614678899082569,0.5853211009174312,0.6770642201834862,0.7522935779816514,0.8073394495412844,0.8477064220183487,0.8770642201834863,0.9018348623853211,0.9229357798165138,0.9412844036697248,0.955045871559633,0.9669724770642202,0.9752293577981651,0.9798165137614679,0.9807339449541285,0.9807339449541285,0.9807339449541285,0.9807339449541285,1.0,0.15789473684210525,0.4614678899082569,0.5853211009174312,0.6770642201834862,0.7522935779816514,0.8073394495412844,0.8477064220183487,0.8770642201834863,0.9018348623853211,0.9229357798165138,0.9412844036697248,0.955045871559633,0.9669724770642202,0.9752293577981651,0.9798165137614679,0.9807339449541285,0.9807339449541285,0.9807339449541285,0.9807339449541285,1.0,0.34893776975246565,0.888268156424581,0.8065843621399176,0.7126436781609193,0.65625,0.5625000000000007,0.4571428571428575,0.28571428571428714,0.1749999999999977,0.08571428571428652,0.0,0,0,0,0,0,1,1,0,0.0,0.8723322066634476
storm_RandomForest_NoSelection_SMOTE_yesCostSensitive_6.csv,RandomForest,NoSelection,SMOTE,yesCostSensitive,19,0.035024154589371984,0.7435897435897436,0.06689734717416378,0.03661937854541779,0.8065217792033033,0.5413467450770176,0.05581343745843329,0.1794871794871795,0.2564102564102564,0.41025641025641024,0.46153846153846156,0.5641025641025641,0.5897435897435898,0.5897435897435898,0.6666666666666666,0.717948717948718,0.717948717948718,0.7435897435897436,0.7435897435897436,0.7435897435897436,0.7435897435897436,0.7435897435897436,0.8461538461538461,0.9487179487179487,1.0,1.0,0.5020242914979757,0.1794871794871795,0.2564102564102564,0.41025641025641024,0.46153846153846156,0.5641025641025641,0.5897435897435898,0.5897435897435898,0.6666666666666666,0.717948717948718,0.717948717948718,0.7435897435897436,0.7435897435897436,0.7435897435897436,0.7435897435897436,0.7435897435897436,0.8461538461538461,0.9487179487179487,1.0,1.0,0.6666666666666666,0.17948717948717952,0.2564102564102564,0.41025641025641024,0.46153846153846156,0.5641025641025641,0.5897435897435898,0.5897435897435898,0.6666666666666666,0.717948717948718,0.717948717948718,0.7435897435897436,0.7435897435897436,0.7435897435897436,0.7435897435897436,0.7435897435897436,0.8461538461538461,0.9487179487179487,1.0,1,0.6666666666666666
storm_RandomForest_NoSelection_SMOTE_yesCostSensitive_7.csv,RandomForest,NoSelection,SMOTE,yesCostSensitive,6,0.033783783783783786,0.39215686274509803,0.06220839813374806,0.04023115253409075,0.6416737709576582,0.4697128240902221,-0.008407871714096201,0.13725490196078433,0.23529411764705882,0.3137254901960784,0.35294117647058826,0.4117647058823529,0.4117647058823529,0.4117647058823529,0.4117647058823529,0.4117647058823529,0.49019607843137253,0.5686274509803921,0.7450980392156863,0.8431372549019608,0.8627450980392157,0.9019607843137255,0.9215686274509803,0.9803921568627451,0.9803921568627451,1.0,0.47514897300176434,0.13725490196078433,0.23529411764705882,0.3137254901960784,0.35294117647058826,0.4117647058823529,0.4117647058823529,0.4117647058823529,0.4117647058823529,0.4117647058823529,0.49019607843137253,0.5686274509803921,0.7450980392156863,0.8431372549019608,0.8627450980392157,0.9019607843137255,0.9215686274509803,0.9803921568627451,0.9803921568627451,1.0,0.5989214021771696,0.13725490196078427,0.23529411764705888,0.3137254901960784,0.3529411764705883,0.4117647058823529,0.4117647058823529,0.4117647058823529,0.4117647058823529,0.4117647058823529,0.4901960784313726,0.5686274509803921,0.7450980392156863,0.8431372549019608,0.8627450980392157,0.9019607843137255,0.9215686274509803,0.9803921568627451,0.9677419354838709,1,0.5995872033023736
storm_RandomForest_NoSelection_SMOTE_yesCostSensitive_8.csv,RandomForest,NoSelection,SMOTE,yesCostSensitive,2,0.09683794466403162,0.7903225806451613,0.17253521126760563,0.12281511597214946,0.8926955876900255,0.7132104942456724,0.1896733150061833,0.3709677419354839,0.46774193548387094,0.6612903225806451,0.7580645161290323,0.7903225806451613,0.8225806451612904,0.8870967741935484,0.9032258064516129,0.9193548387096774,0.9354838709677419,0.9516129032258065,0.9838709677419355,1.0,1.0,1.0,1.0,1.0,1.0,1.0,0.849410917322632,0.3709677419354839,0.46774193548387094,0.6612903225806451,0.7580645161290323,0.7903225806451613,0.8225806451612904,0.8870967741935484,0.9032258064516129,0.9193548387096774,0.9354838709677419,0.9516129032258065,0.9838709677419355,1.0,1.0,1.0,1.0,1.0,1.0,1.0,0.8658743633276741,0.3709677419354839,0.467741935483871,0.6612903225806451,0.7580645161290323,0.7903225806451613,0.8225806451612904,0.8870967741935484,0.9032258064516129,0.9193548387096774,0.9354838709677419,0.9516129032258065,0.9838709677419355,1.0,1.0,1.0,1.0,1.0,1.0,1,0.8658743633276741
storm_RandomForest_NoSelection_SMOTE_yesCostSensitive_9.csv,RandomForest,NoSelection,SMOTE,yesCostSensitive,2,0.04173913043478261,0.5853658536585366,0.07792207792207792,0.04707803665187982,0.7436916190970422,0.6085487368463063,0.0728213880139214,0.17073170731707318,0.3170731707317073,0.5121951219512195,0.5853658536585366,0.6341463414634146,0.6341463414634146,0.7317073170731707,0.8048780487804879,0.8536585365853658,0.8536585365853658,0.8536585365853658,0.8780487804878049,0.9024390243902439,1.0,1.0,1.0,1.0,1.0,1.0,0.7060333761232349,0.17073170731707318,0.3170731707317073,0.5121951219512195,0.5853658536585366,0.6341463414634146,0.6341463414634146,0.7317073170731707,0.8048780487804879,0.8536585365853658,0.8536585365853658,0.8536585365853658,0.8780487804878049,0.9024390243902439,1.0,1.0,1.0,1.0,1.0,1.0,0.7753530166880617,0.1707317073170732,0.3170731707317074,0.5121951219512195,0.5853658536585366,0.6341463414634146,0.6341463414634146,0.7317073170731707,0.8048780487804879,0.8536585365853658,0.8536585365853658,0.8536585365853658,0.8780487804878049,0.9024390243902439,1.0,1.0,1.0,1.0,1.0,1,0.7753530166880617
